project,Unit Test,Instrumentation Testing,GitHub Action,GitHub Action Test,Third_Party,Third_Party Test,Test_Type_Grouped,CI Platform,CI Platform_Modified,API_16,API_19,API_21,API_22,API_23,API_24,API_25,API_26,API_27,API_28,API_29,API_30,API_31,API_32,API_33,API_34,Total API,yml_count,yaml_errors
15puzzle,TRUE,TRUE,TRUE,GitHub_emulator_full,FALSE,,"GitHub_Hosted, None",GitHub Actions,GitHub Actions,FALSE,FALSE,FALSE,FALSE,FALSE,FALSE,FALSE,FALSE,FALSE,FALSE,TRUE,FALSE,FALSE,FALSE,FALSE,FALSE,1,3,0
1rramp-android,TRUE,TRUE,FALSE,,TRUE,Travis CI_emulator_manual,"Manual_ThirdParty, None","GitLab CI, Travis CI",Travis CI,FALSE,FALSE,FALSE,FALSE,FALSE,FALSE,FALSE,FALSE,FALSE,FALSE,FALSE,FALSE,FALSE,FALSE,FALSE,FALSE,FALSE,2,0
2021-1-ossp2-barcode-8,TRUE,FALSE,FALSE,,FALSE,,None,CircleCI,,FALSE,FALSE,FALSE,FALSE,FALSE,FALSE,FALSE,FALSE,FALSE,FALSE,FALSE,FALSE,FALSE,FALSE,FALSE,FALSE,FALSE,1,0
2022_2_wap_app_team1,TRUE,FALSE,FALSE,,FALSE,,None,GitHub Actions,,FALSE,FALSE,FALSE,FALSE,FALSE,FALSE,FALSE,FALSE,FALSE,FALSE,FALSE,FALSE,FALSE,FALSE,FALSE,FALSE,FALSE,1,0
2048-android,FALSE,FALSE,FALSE,,FALSE,,None,Travis CI,,FALSE,FALSE,FALSE,FALSE,FALSE,FALSE,FALSE,FALSE,FALSE,FALSE,FALSE,FALSE,FALSE,FALSE,FALSE,FALSE,FALSE,1,0
2048-battles,TRUE,FALSE,FALSE,,FALSE,,None,CircleCI,,FALSE,FALSE,FALSE,FALSE,FALSE,FALSE,FALSE,FALSE,FALSE,FALSE,FALSE,FALSE,FALSE,FALSE,FALSE,FALSE,FALSE,1,0
4pdaclient-plus,TRUE,FALSE,FALSE,,FALSE,,None,GitHub Actions,,FALSE,FALSE,FALSE,FALSE,FALSE,FALSE,FALSE,FALSE,FALSE,FALSE,FALSE,FALSE,FALSE,FALSE,FALSE,FALSE,FALSE,2,0
4th_grade_is-master-,TRUE,FALSE,FALSE,,FALSE,,None,GitHub Actions,,FALSE,FALSE,FALSE,FALSE,FALSE,FALSE,FALSE,FALSE,FALSE,FALSE,FALSE,FALSE,FALSE,FALSE,FALSE,FALSE,FALSE,1,0
6502android,FALSE,FALSE,FALSE,,FALSE,,None,Travis CI,,FALSE,FALSE,FALSE,FALSE,FALSE,FALSE,FALSE,FALSE,FALSE,FALSE,FALSE,FALSE,FALSE,FALSE,FALSE,FALSE,FALSE,1,0
9tique-android,FALSE,FALSE,FALSE,,FALSE,,None,Travis CI,,FALSE,FALSE,FALSE,FALSE,FALSE,FALSE,FALSE,FALSE,FALSE,FALSE,FALSE,FALSE,FALSE,FALSE,FALSE,FALSE,FALSE,1,0
a2ln-app,TRUE,FALSE,FALSE,,FALSE,,None,GitHub Actions,,FALSE,FALSE,FALSE,FALSE,FALSE,FALSE,FALSE,FALSE,FALSE,FALSE,FALSE,FALSE,FALSE,FALSE,FALSE,FALSE,FALSE,1,0
aaaaxy,TRUE,FALSE,FALSE,,FALSE,,None,GitHub Actions,,FALSE,FALSE,FALSE,FALSE,FALSE,FALSE,FALSE,FALSE,FALSE,FALSE,FALSE,FALSE,FALSE,FALSE,FALSE,FALSE,FALSE,9,0
aap-juce-frequalizer,FALSE,FALSE,FALSE,,FALSE,,None,GitHub Actions,,FALSE,FALSE,FALSE,FALSE,FALSE,FALSE,FALSE,FALSE,FALSE,FALSE,FALSE,FALSE,FALSE,FALSE,FALSE,FALSE,FALSE,1,0
aat,TRUE,FALSE,FALSE,,FALSE,,None,GitHub Actions,,FALSE,FALSE,FALSE,FALSE,FALSE,FALSE,FALSE,FALSE,FALSE,FALSE,FALSE,FALSE,FALSE,FALSE,FALSE,FALSE,FALSE,1,0
abcore,TRUE,TRUE,FALSE,,TRUE,Travis CI_emulator_manual,Manual_ThirdParty,Travis CI,Travis CI,FALSE,FALSE,FALSE,FALSE,FALSE,FALSE,FALSE,FALSE,FALSE,FALSE,FALSE,FALSE,FALSE,FALSE,FALSE,FALSE,FALSE,1,0
accordion,TRUE,FALSE,FALSE,,FALSE,,None,GitHub Actions,,FALSE,FALSE,FALSE,FALSE,FALSE,FALSE,FALSE,FALSE,FALSE,FALSE,FALSE,FALSE,FALSE,FALSE,FALSE,FALSE,FALSE,2,0
accrescent,TRUE,FALSE,FALSE,,FALSE,,None,GitHub Actions,,FALSE,FALSE,FALSE,FALSE,FALSE,FALSE,FALSE,FALSE,FALSE,FALSE,FALSE,FALSE,FALSE,FALSE,FALSE,FALSE,FALSE,3,0
acdisplay,TRUE,TRUE,FALSE,,TRUE,Travis CI_emulator_manual,Manual_ThirdParty,Travis CI,Travis CI,FALSE,FALSE,FALSE,FALSE,FALSE,FALSE,FALSE,FALSE,FALSE,FALSE,FALSE,FALSE,FALSE,FALSE,FALSE,FALSE,FALSE,1,0
ace-android,FALSE,FALSE,FALSE,,FALSE,,None,Travis CI,,FALSE,FALSE,FALSE,FALSE,FALSE,FALSE,FALSE,FALSE,FALSE,FALSE,FALSE,FALSE,FALSE,FALSE,FALSE,FALSE,FALSE,1,0
acs-upb-mobile,TRUE,FALSE,FALSE,,FALSE,,None,GitHub Actions,,FALSE,FALSE,FALSE,FALSE,FALSE,FALSE,FALSE,FALSE,FALSE,FALSE,FALSE,FALSE,FALSE,FALSE,FALSE,FALSE,FALSE,3,0
activity-tracker,TRUE,FALSE,FALSE,,FALSE,,None,GitHub Actions,,FALSE,FALSE,FALSE,FALSE,FALSE,FALSE,FALSE,FALSE,FALSE,FALSE,FALSE,FALSE,FALSE,FALSE,FALSE,FALSE,FALSE,1,0
activitydiary,FALSE,FALSE,FALSE,,FALSE,,None,Travis CI,,FALSE,FALSE,FALSE,FALSE,FALSE,FALSE,FALSE,FALSE,FALSE,FALSE,FALSE,FALSE,FALSE,FALSE,FALSE,FALSE,FALSE,1,0
activitylauncher,TRUE,FALSE,FALSE,,FALSE,,None,GitHub Actions,,FALSE,FALSE,FALSE,FALSE,FALSE,FALSE,FALSE,FALSE,FALSE,FALSE,FALSE,FALSE,FALSE,FALSE,FALSE,FALSE,FALSE,4,0
ad-free,TRUE,FALSE,FALSE,,FALSE,,None,GitHub Actions,,FALSE,FALSE,FALSE,FALSE,FALSE,FALSE,FALSE,FALSE,FALSE,FALSE,FALSE,FALSE,FALSE,FALSE,FALSE,FALSE,FALSE,1,0
ad-silence,TRUE,FALSE,FALSE,,FALSE,,None,GitHub Actions,,FALSE,FALSE,FALSE,FALSE,FALSE,FALSE,FALSE,FALSE,FALSE,FALSE,FALSE,FALSE,FALSE,FALSE,FALSE,FALSE,FALSE,1,0
adaptivecards,TRUE,FALSE,FALSE,,FALSE,,None,GitHub Actions,,FALSE,FALSE,FALSE,FALSE,FALSE,FALSE,FALSE,FALSE,FALSE,FALSE,FALSE,FALSE,FALSE,FALSE,FALSE,FALSE,FALSE,4,0
adaway,TRUE,FALSE,FALSE,,FALSE,,None,GitHub Actions,,FALSE,FALSE,FALSE,FALSE,FALSE,FALSE,FALSE,FALSE,FALSE,FALSE,FALSE,FALSE,FALSE,FALSE,FALSE,FALSE,FALSE,4,0
adb-wifi-setting-manager,TRUE,FALSE,FALSE,,FALSE,,None,GitHub Actions,,FALSE,FALSE,FALSE,FALSE,FALSE,FALSE,FALSE,FALSE,FALSE,FALSE,FALSE,FALSE,FALSE,FALSE,FALSE,FALSE,FALSE,1,0
adbclipboard,TRUE,TRUE,FALSE,,TRUE,Travis CI_emulator_manual,Manual_ThirdParty,Travis CI,Travis CI,FALSE,FALSE,FALSE,FALSE,FALSE,FALSE,FALSE,FALSE,FALSE,FALSE,FALSE,FALSE,FALSE,FALSE,FALSE,FALSE,FALSE,1,0
admin-portal,TRUE,FALSE,FALSE,,FALSE,,None,GitHub Actions,,FALSE,FALSE,FALSE,FALSE,FALSE,FALSE,FALSE,FALSE,FALSE,FALSE,FALSE,FALSE,FALSE,FALSE,FALSE,FALSE,FALSE,2,0
adopt-me-compose,TRUE,TRUE,TRUE,GitHub_emulator_full,FALSE,,GitHub_Hosted,GitHub Actions,GitHub Actions,FALSE,FALSE,FALSE,FALSE,TRUE,FALSE,FALSE,TRUE,FALSE,FALSE,TRUE,FALSE,FALSE,FALSE,FALSE,FALSE,3,1,0
advanced-settings-for-android-wear,FALSE,FALSE,FALSE,,FALSE,,None,Travis CI,,FALSE,FALSE,FALSE,FALSE,FALSE,FALSE,FALSE,FALSE,FALSE,FALSE,FALSE,FALSE,FALSE,FALSE,FALSE,FALSE,FALSE,1,0
adventcalender,TRUE,FALSE,FALSE,,FALSE,,None,Travis CI,,FALSE,FALSE,FALSE,FALSE,FALSE,FALSE,FALSE,FALSE,FALSE,FALSE,FALSE,FALSE,FALSE,FALSE,FALSE,FALSE,FALSE,1,0
aegis,TRUE,TRUE,TRUE,GitHub_emulator_full,FALSE,,"GitHub_Hosted, None",GitHub Actions,GitHub Actions,FALSE,FALSE,FALSE,FALSE,FALSE,FALSE,FALSE,FALSE,FALSE,FALSE,FALSE,FALSE,TRUE,FALSE,FALSE,FALSE,1,3,0
aelf-flutter,FALSE,FALSE,FALSE,,FALSE,,None,GitLab CI,,FALSE,FALSE,FALSE,FALSE,FALSE,FALSE,FALSE,FALSE,FALSE,FALSE,FALSE,FALSE,FALSE,FALSE,FALSE,FALSE,FALSE,1,0
af-pay,FALSE,FALSE,FALSE,,FALSE,,None,Travis CI,,FALSE,FALSE,FALSE,FALSE,FALSE,FALSE,FALSE,FALSE,FALSE,FALSE,FALSE,FALSE,FALSE,FALSE,FALSE,FALSE,FALSE,1,0
affinidiid,TRUE,FALSE,FALSE,,FALSE,,None,GitHub Actions,,FALSE,FALSE,FALSE,FALSE,FALSE,FALSE,FALSE,FALSE,FALSE,FALSE,FALSE,FALSE,FALSE,FALSE,FALSE,FALSE,FALSE,1,0
afh_downloader,FALSE,FALSE,FALSE,,FALSE,,None,Travis CI,,FALSE,FALSE,FALSE,FALSE,FALSE,FALSE,FALSE,FALSE,FALSE,FALSE,FALSE,FALSE,FALSE,FALSE,FALSE,FALSE,FALSE,1,0
afreesvg,TRUE,FALSE,FALSE,,FALSE,,None,GitHub Actions,,FALSE,FALSE,FALSE,FALSE,FALSE,FALSE,FALSE,FALSE,FALSE,FALSE,FALSE,FALSE,FALSE,FALSE,FALSE,FALSE,FALSE,1,0
afwall,TRUE,FALSE,FALSE,,FALSE,,None,GitHub Actions,,FALSE,FALSE,FALSE,FALSE,FALSE,FALSE,FALSE,FALSE,FALSE,FALSE,FALSE,FALSE,FALSE,FALSE,FALSE,FALSE,FALSE,1,0
age-gender_estimation_tf-android,TRUE,FALSE,FALSE,,FALSE,,None,GitHub Actions,,FALSE,FALSE,FALSE,FALSE,FALSE,FALSE,FALSE,FALSE,FALSE,FALSE,FALSE,FALSE,FALSE,FALSE,FALSE,FALSE,FALSE,1,0
aggregator-android,TRUE,FALSE,FALSE,,FALSE,,None,GitHub Actions,,FALSE,FALSE,FALSE,FALSE,FALSE,FALSE,FALSE,FALSE,FALSE,FALSE,FALSE,FALSE,FALSE,FALSE,FALSE,FALSE,FALSE,1,0
agoradesk-app-foss,TRUE,FALSE,FALSE,,FALSE,,None,GitHub Actions,,FALSE,FALSE,FALSE,FALSE,FALSE,FALSE,FALSE,FALSE,FALSE,FALSE,FALSE,FALSE,FALSE,FALSE,FALSE,FALSE,FALSE,1,0
aimybox-android-assistant,TRUE,FALSE,FALSE,,FALSE,,None,"GitHub Actions, Travis CI",,FALSE,FALSE,FALSE,FALSE,FALSE,FALSE,FALSE,FALSE,FALSE,FALSE,FALSE,FALSE,FALSE,FALSE,FALSE,FALSE,FALSE,2,0
aio_myday_app,TRUE,FALSE,FALSE,,FALSE,,None,GitHub Actions,,FALSE,FALSE,FALSE,FALSE,FALSE,FALSE,FALSE,FALSE,FALSE,FALSE,FALSE,FALSE,FALSE,FALSE,FALSE,FALSE,FALSE,1,0
airguard,TRUE,FALSE,FALSE,,FALSE,,None,GitHub Actions,,FALSE,FALSE,FALSE,FALSE,FALSE,FALSE,FALSE,FALSE,FALSE,FALSE,FALSE,FALSE,FALSE,FALSE,FALSE,FALSE,FALSE,1,0
akvo-flow-mobile,TRUE,FALSE,FALSE,,FALSE,,None,GitHub Actions,,FALSE,FALSE,FALSE,FALSE,FALSE,FALSE,FALSE,FALSE,FALSE,FALSE,FALSE,FALSE,FALSE,FALSE,FALSE,FALSE,FALSE,1,0
akvo-rsr-up,TRUE,TRUE,FALSE,,TRUE,Firebase_Compact,ThirdParty_Service,GitHub Actions,GitHub Actions,FALSE,FALSE,FALSE,FALSE,FALSE,FALSE,FALSE,FALSE,FALSE,FALSE,FALSE,FALSE,FALSE,FALSE,FALSE,FALSE,FALSE,1,0
al-azan,TRUE,FALSE,FALSE,,FALSE,,None,GitHub Actions,,FALSE,FALSE,FALSE,FALSE,FALSE,FALSE,FALSE,FALSE,FALSE,FALSE,FALSE,FALSE,FALSE,FALSE,FALSE,FALSE,FALSE,3,0
aladin-aos,TRUE,FALSE,FALSE,,FALSE,,None,GitHub Actions,,FALSE,FALSE,FALSE,FALSE,FALSE,FALSE,FALSE,FALSE,FALSE,FALSE,FALSE,FALSE,FALSE,FALSE,FALSE,FALSE,FALSE,1,0
alakazam,FALSE,FALSE,FALSE,,FALSE,,None,Travis CI,,FALSE,FALSE,FALSE,FALSE,FALSE,FALSE,FALSE,FALSE,FALSE,FALSE,FALSE,FALSE,FALSE,FALSE,FALSE,FALSE,FALSE,1,0
alarmandjob,FALSE,FALSE,FALSE,,FALSE,,None,Travis CI,,FALSE,FALSE,FALSE,FALSE,FALSE,FALSE,FALSE,FALSE,FALSE,FALSE,FALSE,FALSE,FALSE,FALSE,FALSE,FALSE,FALSE,1,1
alarmclock,TRUE,TRUE,TRUE,GitHub_emulator_full,FALSE,,"GitHub_Hosted, None","GitHub Actions, Travis CI",GitHub Actions,FALSE,FALSE,FALSE,TRUE,FALSE,FALSE,FALSE,FALSE,FALSE,FALSE,FALSE,FALSE,FALSE,FALSE,FALSE,FALSE,1,5,0
alarmio,TRUE,FALSE,FALSE,,FALSE,,None,GitHub Actions,,FALSE,FALSE,FALSE,FALSE,FALSE,FALSE,FALSE,FALSE,FALSE,FALSE,FALSE,FALSE,FALSE,FALSE,FALSE,FALSE,FALSE,2,0
aliyungradleconfig,TRUE,FALSE,FALSE,,FALSE,,None,GitHub Actions,,FALSE,FALSE,FALSE,FALSE,FALSE,FALSE,FALSE,FALSE,FALSE,FALSE,FALSE,FALSE,FALSE,FALSE,FALSE,FALSE,FALSE,2,0
all-in-one,TRUE,FALSE,FALSE,,FALSE,,None,CircleCI,,FALSE,FALSE,FALSE,FALSE,FALSE,FALSE,FALSE,FALSE,FALSE,FALSE,FALSE,FALSE,FALSE,FALSE,FALSE,FALSE,FALSE,1,0
alldebrid,FALSE,FALSE,FALSE,,FALSE,,None,Travis CI,,FALSE,FALSE,FALSE,FALSE,FALSE,FALSE,FALSE,FALSE,FALSE,FALSE,FALSE,FALSE,FALSE,FALSE,FALSE,FALSE,FALSE,1,0
alt,TRUE,FALSE,FALSE,,FALSE,,None,GitHub Actions,,FALSE,FALSE,FALSE,FALSE,FALSE,FALSE,FALSE,FALSE,FALSE,FALSE,FALSE,FALSE,FALSE,FALSE,FALSE,FALSE,FALSE,3,0
amarok-hider,TRUE,FALSE,FALSE,,FALSE,,None,GitHub Actions,,FALSE,FALSE,FALSE,FALSE,FALSE,FALSE,FALSE,FALSE,FALSE,FALSE,FALSE,FALSE,FALSE,FALSE,FALSE,FALSE,FALSE,2,0
amazefilemanager,TRUE,TRUE,TRUE,"GitHub Actions_emulator_manual, GitHub_emulator_full",FALSE,,"GitHub_Hosted, None",GitHub Actions,GitHub Actions,TRUE,TRUE,FALSE,FALSE,FALSE,FALSE,FALSE,FALSE,FALSE,TRUE,FALSE,FALSE,FALSE,FALSE,FALSE,FALSE,3,5,0
ameixa,TRUE,FALSE,FALSE,,FALSE,,None,GitLab CI,,FALSE,FALSE,FALSE,FALSE,FALSE,FALSE,FALSE,FALSE,FALSE,FALSE,FALSE,FALSE,FALSE,FALSE,FALSE,FALSE,FALSE,1,0
amerykahospital-personalized-advice-client-android,FALSE,FALSE,FALSE,,FALSE,,None,Travis CI,,FALSE,FALSE,FALSE,FALSE,FALSE,FALSE,FALSE,FALSE,FALSE,FALSE,FALSE,FALSE,FALSE,FALSE,FALSE,FALSE,FALSE,1,0
amethyst,TRUE,FALSE,FALSE,,FALSE,,None,GitHub Actions,,FALSE,FALSE,FALSE,FALSE,FALSE,FALSE,FALSE,FALSE,FALSE,FALSE,FALSE,FALSE,FALSE,FALSE,FALSE,FALSE,FALSE,2,0
amiibowiki,TRUE,TRUE,FALSE,,TRUE,Firebase_Full,"None, ThirdParty_Service","GitHub Actions, GitLab CI",GitHub Actions,FALSE,FALSE,FALSE,FALSE,FALSE,FALSE,FALSE,FALSE,FALSE,FALSE,FALSE,FALSE,FALSE,FALSE,FALSE,FALSE,FALSE,4,0
amiko-android,TRUE,FALSE,FALSE,,FALSE,,None,"GitHub Actions, Travis CI",,FALSE,FALSE,FALSE,FALSE,FALSE,FALSE,FALSE,FALSE,FALSE,FALSE,FALSE,FALSE,FALSE,FALSE,FALSE,FALSE,FALSE,2,0
amirisback_frogo-admob,TRUE,FALSE,FALSE,,FALSE,,None,GitHub Actions,,FALSE,FALSE,FALSE,FALSE,FALSE,FALSE,FALSE,FALSE,FALSE,FALSE,FALSE,FALSE,FALSE,FALSE,FALSE,FALSE,FALSE,3,0
amlv,TRUE,FALSE,FALSE,,FALSE,,None,GitHub Actions,,FALSE,FALSE,FALSE,FALSE,FALSE,FALSE,FALSE,FALSE,FALSE,FALSE,FALSE,FALSE,FALSE,FALSE,FALSE,FALSE,FALSE,1,0
amos-tub-ws18-proj1,FALSE,FALSE,FALSE,,FALSE,,None,Travis CI,,FALSE,FALSE,FALSE,FALSE,FALSE,FALSE,FALSE,FALSE,FALSE,FALSE,FALSE,FALSE,FALSE,FALSE,FALSE,FALSE,FALSE,1,0
amplify,TRUE,FALSE,FALSE,,FALSE,,None,GitHub Actions,,FALSE,FALSE,FALSE,FALSE,FALSE,FALSE,FALSE,FALSE,FALSE,FALSE,FALSE,FALSE,FALSE,FALSE,FALSE,FALSE,FALSE,1,0
ana,TRUE,FALSE,FALSE,,FALSE,,None,GitHub Actions,,FALSE,FALSE,FALSE,FALSE,FALSE,FALSE,FALSE,FALSE,FALSE,FALSE,FALSE,FALSE,FALSE,FALSE,FALSE,FALSE,FALSE,1,0
anbox,TRUE,FALSE,FALSE,,FALSE,,None,"GitHub Actions, Travis CI",,FALSE,FALSE,FALSE,FALSE,FALSE,FALSE,FALSE,FALSE,FALSE,FALSE,FALSE,FALSE,FALSE,FALSE,FALSE,FALSE,FALSE,2,0
anchored-behavior,TRUE,TRUE,FALSE,,TRUE,Travis CI_emulator_manual,Manual_ThirdParty,Travis CI,Travis CI,FALSE,FALSE,FALSE,FALSE,FALSE,FALSE,FALSE,FALSE,FALSE,FALSE,FALSE,FALSE,FALSE,FALSE,FALSE,FALSE,FALSE,1,0
anchors,FALSE,FALSE,FALSE,,FALSE,,None,Travis CI,,FALSE,FALSE,FALSE,FALSE,FALSE,FALSE,FALSE,FALSE,FALSE,FALSE,FALSE,FALSE,FALSE,FALSE,FALSE,FALSE,FALSE,1,0
and-bible,TRUE,TRUE,TRUE,GitHub_emulator_full,FALSE,,"GitHub_Hosted, None",GitHub Actions,GitHub Actions,FALSE,FALSE,FALSE,FALSE,FALSE,FALSE,FALSE,FALSE,FALSE,FALSE,FALSE,FALSE,TRUE,FALSE,FALSE,FALSE,1,7,0
andfhem,TRUE,FALSE,FALSE,,FALSE,,None,GitHub Actions,,FALSE,FALSE,FALSE,FALSE,FALSE,FALSE,FALSE,FALSE,FALSE,FALSE,FALSE,FALSE,FALSE,FALSE,FALSE,FALSE,FALSE,3,0
andprox,TRUE,TRUE,FALSE,,TRUE,Travis CI_emulator_manual,Manual_ThirdParty,Travis CI,Travis CI,FALSE,FALSE,FALSE,FALSE,FALSE,FALSE,FALSE,FALSE,FALSE,FALSE,FALSE,FALSE,FALSE,FALSE,FALSE,FALSE,FALSE,1,0
andriot,FALSE,FALSE,FALSE,,FALSE,,None,Travis CI,,FALSE,FALSE,FALSE,FALSE,FALSE,FALSE,FALSE,FALSE,FALSE,FALSE,FALSE,FALSE,FALSE,FALSE,FALSE,FALSE,FALSE,1,0
androbd,TRUE,FALSE,FALSE,,FALSE,,None,GitHub Actions,,FALSE,FALSE,FALSE,FALSE,FALSE,FALSE,FALSE,FALSE,FALSE,FALSE,FALSE,FALSE,FALSE,FALSE,FALSE,FALSE,FALSE,1,0
android,TRUE,TRUE,TRUE,"GitHub Actions_emulator_manual, GitHub_emulator_full",FALSE,,"GitHub_Hosted, None","CircleCI, GitHub Actions, Travis CI",GitHub Actions,FALSE,FALSE,FALSE,FALSE,FALSE,FALSE,FALSE,FALSE,TRUE,FALSE,FALSE,TRUE,TRUE,FALSE,TRUE,FALSE,4,64,0
android-2048-compose-material3,TRUE,FALSE,FALSE,,FALSE,,None,GitHub Actions,,FALSE,FALSE,FALSE,FALSE,FALSE,FALSE,FALSE,FALSE,FALSE,FALSE,FALSE,FALSE,FALSE,FALSE,FALSE,FALSE,FALSE,2,0
android-accounting,FALSE,FALSE,FALSE,,FALSE,,None,"GitLab CI, Travis CI",,FALSE,FALSE,FALSE,FALSE,FALSE,FALSE,FALSE,FALSE,FALSE,FALSE,FALSE,FALSE,FALSE,FALSE,FALSE,FALSE,FALSE,2,0
android-anuto,TRUE,FALSE,FALSE,,FALSE,,None,"GitHub Actions, Travis CI",,FALSE,FALSE,FALSE,FALSE,FALSE,FALSE,FALSE,FALSE,FALSE,FALSE,FALSE,FALSE,FALSE,FALSE,FALSE,FALSE,FALSE,2,0
android-app,TRUE,TRUE,TRUE,GitHub_emulator_full,FALSE,,"GitHub_Hosted, None","GitHub Actions, GitLab CI, Travis CI",GitHub Actions,FALSE,FALSE,FALSE,FALSE,FALSE,FALSE,FALSE,FALSE,FALSE,FALSE,FALSE,FALSE,FALSE,FALSE,FALSE,FALSE,FALSE,12,0
android-app-cortesia-webview,TRUE,FALSE,FALSE,,FALSE,,None,GitHub Actions,,FALSE,FALSE,FALSE,FALSE,FALSE,FALSE,FALSE,FALSE,FALSE,FALSE,FALSE,FALSE,FALSE,FALSE,FALSE,FALSE,FALSE,1,0
android-app-eye-rest-blue-light-filter,TRUE,FALSE,FALSE,,FALSE,,None,CircleCI,,FALSE,FALSE,FALSE,FALSE,FALSE,FALSE,FALSE,FALSE,FALSE,FALSE,FALSE,FALSE,FALSE,FALSE,FALSE,FALSE,FALSE,1,0
android-app-get-device-id,TRUE,FALSE,FALSE,,FALSE,,None,"CircleCI, Travis CI",,FALSE,FALSE,FALSE,FALSE,FALSE,FALSE,FALSE,FALSE,FALSE,FALSE,FALSE,FALSE,FALSE,FALSE,FALSE,FALSE,FALSE,2,0
android-appcachecleaner,TRUE,FALSE,FALSE,,FALSE,,None,Travis CI,,FALSE,FALSE,FALSE,FALSE,FALSE,FALSE,FALSE,FALSE,FALSE,FALSE,FALSE,FALSE,FALSE,FALSE,FALSE,FALSE,FALSE,1,0
android-arsenal,FALSE,FALSE,FALSE,,FALSE,,None,Travis CI,,FALSE,FALSE,FALSE,FALSE,FALSE,FALSE,FALSE,FALSE,FALSE,FALSE,FALSE,FALSE,FALSE,FALSE,FALSE,FALSE,FALSE,1,0
android-base,TRUE,FALSE,FALSE,,FALSE,,None,"CircleCI, GitHub Actions, Travis CI",,FALSE,FALSE,FALSE,FALSE,FALSE,FALSE,FALSE,FALSE,FALSE,FALSE,FALSE,FALSE,FALSE,FALSE,FALSE,FALSE,FALSE,3,1
android-base-project,TRUE,FALSE,FALSE,,FALSE,,None,CircleCI,,FALSE,FALSE,FALSE,FALSE,FALSE,FALSE,FALSE,FALSE,FALSE,FALSE,FALSE,FALSE,FALSE,FALSE,FALSE,FALSE,FALSE,1,0
android-beacon-mqtt,FALSE,FALSE,FALSE,,FALSE,,None,Travis CI,,FALSE,FALSE,FALSE,FALSE,FALSE,FALSE,FALSE,FALSE,FALSE,FALSE,FALSE,FALSE,FALSE,FALSE,FALSE,FALSE,FALSE,1,0
android-beginner-projects,TRUE,FALSE,FALSE,,FALSE,,None,GitHub Actions,,FALSE,FALSE,FALSE,FALSE,FALSE,FALSE,FALSE,FALSE,FALSE,FALSE,FALSE,FALSE,FALSE,FALSE,FALSE,FALSE,FALSE,5,0
android-boilerplate,TRUE,FALSE,FALSE,,FALSE,,None,"GitHub Actions, Travis CI",,FALSE,FALSE,FALSE,FALSE,FALSE,FALSE,FALSE,FALSE,FALSE,FALSE,FALSE,FALSE,FALSE,FALSE,FALSE,FALSE,FALSE,2,0
android-camera2-secret-picture-taker,FALSE,FALSE,FALSE,,FALSE,,None,Travis CI,,FALSE,FALSE,FALSE,FALSE,FALSE,FALSE,FALSE,FALSE,FALSE,FALSE,FALSE,FALSE,FALSE,FALSE,FALSE,FALSE,FALSE,1,0
android-carbon-forum,FALSE,FALSE,FALSE,,FALSE,,None,Travis CI,,FALSE,FALSE,FALSE,FALSE,FALSE,FALSE,FALSE,FALSE,FALSE,FALSE,FALSE,FALSE,FALSE,FALSE,FALSE,FALSE,FALSE,1,0
android-clean-arquitecture,TRUE,FALSE,FALSE,,FALSE,,None,CircleCI,,FALSE,FALSE,FALSE,FALSE,FALSE,FALSE,FALSE,FALSE,FALSE,FALSE,FALSE,FALSE,FALSE,FALSE,FALSE,FALSE,FALSE,1,0
android-client,TRUE,FALSE,FALSE,,FALSE,,None,GitHub Actions,,FALSE,FALSE,FALSE,FALSE,FALSE,FALSE,FALSE,FALSE,FALSE,FALSE,FALSE,FALSE,FALSE,FALSE,FALSE,FALSE,FALSE,4,0
android-codebase-modularity,TRUE,FALSE,FALSE,,FALSE,,None,CircleCI,,FALSE,FALSE,FALSE,FALSE,FALSE,FALSE,FALSE,FALSE,FALSE,FALSE,FALSE,FALSE,FALSE,FALSE,FALSE,FALSE,FALSE,1,0
android-commons,TRUE,FALSE,FALSE,,FALSE,,None,GitHub Actions,,FALSE,FALSE,FALSE,FALSE,FALSE,FALSE,FALSE,FALSE,FALSE,FALSE,FALSE,FALSE,FALSE,FALSE,FALSE,FALSE,FALSE,2,0
android-comonadic-ui,TRUE,TRUE,FALSE,,TRUE,Travis CI_emulator_manual,Manual_ThirdParty,Travis CI,Travis CI,FALSE,FALSE,FALSE,FALSE,FALSE,FALSE,FALSE,FALSE,FALSE,FALSE,FALSE,FALSE,FALSE,FALSE,FALSE,FALSE,FALSE,1,0
android-conferences,TRUE,FALSE,FALSE,,FALSE,,None,GitHub Actions,,FALSE,FALSE,FALSE,FALSE,FALSE,FALSE,FALSE,FALSE,FALSE,FALSE,FALSE,FALSE,FALSE,FALSE,FALSE,FALSE,FALSE,1,0
android-covidbedrest,TRUE,FALSE,FALSE,,FALSE,,None,GitHub Actions,,FALSE,FALSE,FALSE,FALSE,FALSE,FALSE,FALSE,FALSE,FALSE,FALSE,FALSE,FALSE,FALSE,FALSE,FALSE,FALSE,FALSE,1,0
android-customtabs,TRUE,FALSE,FALSE,,FALSE,,None,GitHub Actions,,FALSE,FALSE,FALSE,FALSE,FALSE,FALSE,FALSE,FALSE,FALSE,FALSE,FALSE,FALSE,FALSE,FALSE,FALSE,FALSE,FALSE,2,0
android-dev-challenge-compose-countdown-timer,TRUE,TRUE,TRUE,GitHub_emulator_full,FALSE,,GitHub_Hosted,GitHub Actions,GitHub Actions,FALSE,FALSE,FALSE,FALSE,TRUE,FALSE,FALSE,TRUE,FALSE,FALSE,TRUE,FALSE,FALSE,FALSE,FALSE,FALSE,3,1,0
android-dev-challenge-compose-week1,TRUE,TRUE,TRUE,GitHub_emulator_full,FALSE,,GitHub_Hosted,GitHub Actions,GitHub Actions,FALSE,FALSE,FALSE,FALSE,TRUE,FALSE,FALSE,TRUE,FALSE,FALSE,TRUE,FALSE,FALSE,FALSE,FALSE,FALSE,3,1,0
android-font-binder,FALSE,FALSE,FALSE,,FALSE,,None,Travis CI,,FALSE,FALSE,FALSE,FALSE,FALSE,FALSE,FALSE,FALSE,FALSE,FALSE,FALSE,FALSE,FALSE,FALSE,FALSE,FALSE,FALSE,1,0
android-gif-search,TRUE,TRUE,TRUE,"GitHub Actions_emulator_manual, GitHub_emulator_full",FALSE,,GitHub_Hosted,GitHub Actions,GitHub Actions,FALSE,FALSE,FALSE,FALSE,FALSE,FALSE,FALSE,FALSE,FALSE,FALSE,FALSE,FALSE,FALSE,FALSE,FALSE,FALSE,FALSE,1,0
android-gitlab-ci-build,TRUE,FALSE,FALSE,,FALSE,,None,GitLab CI,,FALSE,FALSE,FALSE,FALSE,FALSE,FALSE,FALSE,FALSE,FALSE,FALSE,FALSE,FALSE,FALSE,FALSE,FALSE,FALSE,FALSE,1,0
android-helium,TRUE,FALSE,FALSE,,FALSE,,None,CircleCI,,FALSE,FALSE,FALSE,FALSE,FALSE,FALSE,FALSE,FALSE,FALSE,FALSE,FALSE,FALSE,FALSE,FALSE,FALSE,FALSE,FALSE,1,0
android-http-server,TRUE,FALSE,FALSE,,FALSE,,None,GitHub Actions,,FALSE,FALSE,FALSE,FALSE,FALSE,FALSE,FALSE,FALSE,FALSE,FALSE,FALSE,FALSE,FALSE,FALSE,FALSE,FALSE,FALSE,2,0
android-icon-pack,FALSE,FALSE,FALSE,,FALSE,,None,Travis CI,,FALSE,FALSE,FALSE,FALSE,FALSE,FALSE,FALSE,FALSE,FALSE,FALSE,FALSE,FALSE,FALSE,FALSE,FALSE,FALSE,FALSE,1,0
android-iconics,TRUE,FALSE,FALSE,,FALSE,,None,GitHub Actions,,FALSE,FALSE,FALSE,FALSE,FALSE,FALSE,FALSE,FALSE,FALSE,FALSE,FALSE,FALSE,FALSE,FALSE,FALSE,FALSE,FALSE,1,0
android-image-picker,TRUE,TRUE,FALSE,,TRUE,Firebase_Compact,ThirdParty_Service,GitHub Actions,GitHub Actions,FALSE,FALSE,FALSE,FALSE,FALSE,FALSE,FALSE,FALSE,FALSE,FALSE,FALSE,FALSE,FALSE,FALSE,FALSE,FALSE,FALSE,1,0
android-imsi-catcher-detector,FALSE,FALSE,FALSE,,FALSE,,None,Travis CI,,FALSE,FALSE,FALSE,FALSE,FALSE,FALSE,FALSE,FALSE,FALSE,FALSE,FALSE,FALSE,FALSE,FALSE,FALSE,FALSE,FALSE,1,0
android-invoice-generator,TRUE,FALSE,FALSE,,FALSE,,None,CircleCI,,FALSE,FALSE,FALSE,FALSE,FALSE,FALSE,FALSE,FALSE,FALSE,FALSE,FALSE,FALSE,FALSE,FALSE,FALSE,FALSE,FALSE,1,0
android-ir-remote,TRUE,FALSE,FALSE,,FALSE,,None,GitHub Actions,,FALSE,FALSE,FALSE,FALSE,FALSE,FALSE,FALSE,FALSE,FALSE,FALSE,FALSE,FALSE,FALSE,FALSE,FALSE,FALSE,FALSE,1,0
android-jigsaw-puzzle,TRUE,FALSE,FALSE,,FALSE,,None,Travis CI,,FALSE,FALSE,FALSE,FALSE,FALSE,FALSE,FALSE,FALSE,FALSE,FALSE,FALSE,FALSE,FALSE,FALSE,FALSE,FALSE,FALSE,1,0
android-kdrive,TRUE,TRUE,TRUE,"GitHub Actions_emulator_manual, GitHub_emulator_full",FALSE,,"GitHub_Hosted, None",GitHub Actions,GitHub Actions,FALSE,FALSE,FALSE,FALSE,FALSE,FALSE,FALSE,FALSE,FALSE,FALSE,FALSE,FALSE,TRUE,FALSE,FALSE,FALSE,1,2,0
android-kmail,TRUE,FALSE,FALSE,,FALSE,,None,GitHub Actions,,FALSE,FALSE,FALSE,FALSE,FALSE,FALSE,FALSE,FALSE,FALSE,FALSE,FALSE,FALSE,TRUE,FALSE,FALSE,FALSE,1,5,0
android-kotlin-covid19,TRUE,FALSE,FALSE,,FALSE,,None,GitHub Actions,,FALSE,FALSE,FALSE,FALSE,FALSE,FALSE,FALSE,FALSE,FALSE,FALSE,FALSE,FALSE,FALSE,FALSE,FALSE,FALSE,FALSE,1,0
android-layout-transitions-kotlin,FALSE,FALSE,FALSE,,FALSE,,None,Travis CI,,FALSE,FALSE,FALSE,FALSE,FALSE,FALSE,FALSE,FALSE,FALSE,FALSE,FALSE,FALSE,FALSE,FALSE,FALSE,FALSE,FALSE,1,0
android-local-vpn,TRUE,FALSE,FALSE,,FALSE,,None,GitHub Actions,,FALSE,FALSE,FALSE,FALSE,FALSE,FALSE,FALSE,FALSE,FALSE,FALSE,FALSE,FALSE,FALSE,FALSE,FALSE,FALSE,FALSE,2,0
android-lock9view,FALSE,FALSE,FALSE,,FALSE,,None,Travis CI,,FALSE,FALSE,FALSE,FALSE,FALSE,FALSE,FALSE,FALSE,FALSE,FALSE,FALSE,FALSE,FALSE,FALSE,FALSE,FALSE,FALSE,1,0
android-luajit-launcher,FALSE,FALSE,FALSE,,FALSE,,None,Travis CI,,FALSE,FALSE,FALSE,FALSE,FALSE,FALSE,FALSE,FALSE,FALSE,FALSE,FALSE,FALSE,FALSE,FALSE,FALSE,FALSE,FALSE,1,0
android-metronome,TRUE,FALSE,FALSE,,FALSE,,None,GitHub Actions,,FALSE,FALSE,FALSE,FALSE,FALSE,FALSE,FALSE,FALSE,FALSE,FALSE,FALSE,FALSE,FALSE,FALSE,FALSE,FALSE,FALSE,1,0
android-minimal-todo,TRUE,FALSE,FALSE,,FALSE,,None,CircleCI,,FALSE,FALSE,FALSE,FALSE,FALSE,FALSE,FALSE,FALSE,FALSE,FALSE,FALSE,FALSE,FALSE,FALSE,FALSE,FALSE,FALSE,1,0
android-navigation-with-compose,TRUE,TRUE,TRUE,GitHub_emulator_full,FALSE,,GitHub_Hosted,GitHub Actions,GitHub Actions,FALSE,FALSE,FALSE,FALSE,TRUE,FALSE,FALSE,TRUE,FALSE,FALSE,TRUE,FALSE,FALSE,FALSE,FALSE,FALSE,3,1,0
android-nfc-timestamp,TRUE,FALSE,FALSE,,FALSE,,None,"GitHub Actions, GitLab CI",,FALSE,FALSE,FALSE,FALSE,FALSE,FALSE,FALSE,FALSE,FALSE,FALSE,FALSE,FALSE,FALSE,FALSE,FALSE,FALSE,FALSE,7,0
android-notification-converter,TRUE,FALSE,FALSE,,FALSE,,None,GitHub Actions,,FALSE,FALSE,FALSE,FALSE,FALSE,FALSE,FALSE,FALSE,FALSE,FALSE,FALSE,FALSE,FALSE,FALSE,FALSE,FALSE,FALSE,1,0
android-object-detection,FALSE,FALSE,FALSE,,FALSE,,None,Travis CI,,FALSE,FALSE,FALSE,FALSE,FALSE,FALSE,FALSE,FALSE,FALSE,FALSE,FALSE,FALSE,FALSE,FALSE,FALSE,FALSE,FALSE,1,0
android-ocr,TRUE,FALSE,FALSE,,FALSE,,None,GitHub Actions,,FALSE,FALSE,FALSE,FALSE,FALSE,FALSE,FALSE,FALSE,FALSE,FALSE,FALSE,FALSE,FALSE,FALSE,FALSE,FALSE,FALSE,1,0
android-odeon,TRUE,FALSE,FALSE,,FALSE,,None,GitHub Actions,,FALSE,FALSE,FALSE,FALSE,FALSE,FALSE,FALSE,FALSE,FALSE,FALSE,FALSE,FALSE,FALSE,FALSE,FALSE,FALSE,FALSE,1,0
android-oss,TRUE,FALSE,FALSE,,FALSE,,None,CircleCI,,FALSE,FALSE,FALSE,FALSE,FALSE,FALSE,FALSE,FALSE,FALSE,FALSE,FALSE,FALSE,FALSE,FALSE,FALSE,FALSE,FALSE,1,0
android-otpview-pinview,FALSE,FALSE,FALSE,,FALSE,,None,GitHub Actions,,FALSE,FALSE,FALSE,FALSE,FALSE,FALSE,FALSE,FALSE,FALSE,FALSE,FALSE,FALSE,FALSE,FALSE,FALSE,FALSE,FALSE,1,0
android-password-store,TRUE,FALSE,FALSE,,FALSE,,None,GitHub Actions,,FALSE,FALSE,FALSE,FALSE,FALSE,FALSE,FALSE,FALSE,FALSE,FALSE,FALSE,FALSE,FALSE,FALSE,FALSE,FALSE,FALSE,10,0
android-pitchpipe,TRUE,FALSE,FALSE,,FALSE,,None,GitHub Actions,,FALSE,FALSE,FALSE,FALSE,FALSE,FALSE,FALSE,FALSE,FALSE,FALSE,FALSE,FALSE,FALSE,FALSE,FALSE,FALSE,FALSE,1,0
android-police-brutality-incidents,TRUE,FALSE,FALSE,,FALSE,,None,GitHub Actions,,FALSE,FALSE,FALSE,FALSE,FALSE,FALSE,FALSE,FALSE,FALSE,FALSE,FALSE,FALSE,FALSE,FALSE,FALSE,FALSE,FALSE,4,0
android-ponewheel,TRUE,FALSE,FALSE,,FALSE,,None,CircleCI,,FALSE,FALSE,FALSE,FALSE,FALSE,FALSE,FALSE,FALSE,FALSE,FALSE,FALSE,FALSE,FALSE,FALSE,FALSE,FALSE,FALSE,1,0
android-proguards,FALSE,FALSE,FALSE,,FALSE,,None,Travis CI,,FALSE,FALSE,FALSE,FALSE,FALSE,FALSE,FALSE,FALSE,FALSE,FALSE,FALSE,FALSE,FALSE,FALSE,FALSE,FALSE,FALSE,1,0
android-remote,TRUE,FALSE,FALSE,,FALSE,,None,GitHub Actions,,FALSE,FALSE,FALSE,FALSE,FALSE,FALSE,FALSE,FALSE,FALSE,FALSE,FALSE,FALSE,FALSE,FALSE,FALSE,FALSE,FALSE,1,0
android-robocar,TRUE,FALSE,FALSE,,FALSE,,None,CircleCI,,FALSE,FALSE,FALSE,FALSE,FALSE,FALSE,FALSE,FALSE,FALSE,FALSE,FALSE,FALSE,FALSE,FALSE,FALSE,FALSE,FALSE,1,0
android-rss-reader,TRUE,FALSE,FALSE,,FALSE,,None,GitHub Actions,,FALSE,FALSE,FALSE,FALSE,FALSE,FALSE,FALSE,FALSE,FALSE,FALSE,FALSE,FALSE,FALSE,FALSE,FALSE,FALSE,FALSE,1,0
android-rxfirebase,TRUE,FALSE,FALSE,,FALSE,,None,CircleCI,,FALSE,FALSE,FALSE,FALSE,FALSE,FALSE,FALSE,FALSE,FALSE,FALSE,FALSE,FALSE,FALSE,FALSE,FALSE,FALSE,FALSE,1,0
android-segmentview,FALSE,FALSE,FALSE,,FALSE,,None,Travis CI,,FALSE,FALSE,FALSE,FALSE,FALSE,FALSE,FALSE,FALSE,FALSE,FALSE,FALSE,FALSE,FALSE,FALSE,FALSE,FALSE,FALSE,1,0
android-simpletimetracker,TRUE,TRUE,TRUE,GitHub_emulator_full,FALSE,,"GitHub_Hosted, None",GitHub Actions,GitHub Actions,FALSE,TRUE,FALSE,FALSE,FALSE,FALSE,FALSE,FALSE,FALSE,TRUE,TRUE,FALSE,FALSE,FALSE,FALSE,FALSE,3,2,0
android-slideshow,FALSE,FALSE,FALSE,,FALSE,,None,Travis CI,,FALSE,FALSE,FALSE,FALSE,FALSE,FALSE,FALSE,FALSE,FALSE,FALSE,FALSE,FALSE,FALSE,FALSE,FALSE,FALSE,FALSE,1,0
android-sms-gateway,TRUE,FALSE,FALSE,,FALSE,,None,GitHub Actions,,FALSE,FALSE,FALSE,FALSE,FALSE,FALSE,FALSE,FALSE,FALSE,FALSE,FALSE,FALSE,FALSE,FALSE,FALSE,FALSE,FALSE,2,0
android-splitbus,TRUE,FALSE,FALSE,,FALSE,,None,GitHub Actions,,FALSE,FALSE,FALSE,FALSE,FALSE,FALSE,FALSE,FALSE,FALSE,FALSE,FALSE,FALSE,FALSE,FALSE,FALSE,FALSE,FALSE,2,0
android-starter,TRUE,FALSE,FALSE,,FALSE,,None,CircleCI,,FALSE,FALSE,FALSE,FALSE,FALSE,FALSE,FALSE,FALSE,FALSE,FALSE,FALSE,FALSE,FALSE,FALSE,FALSE,FALSE,FALSE,1,0
android-starter-2022,TRUE,TRUE,TRUE,GitHub_emulator_full,FALSE,,GitHub_Hosted,GitHub Actions,GitHub Actions,FALSE,FALSE,FALSE,FALSE,FALSE,TRUE,FALSE,FALSE,FALSE,FALSE,FALSE,FALSE,FALSE,FALSE,FALSE,FALSE,1,1,0
android-super-app,TRUE,FALSE,FALSE,,FALSE,,None,GitHub Actions,,FALSE,FALSE,FALSE,FALSE,FALSE,FALSE,FALSE,FALSE,FALSE,FALSE,FALSE,FALSE,FALSE,FALSE,FALSE,FALSE,FALSE,1,0
android-taxi-client,FALSE,FALSE,FALSE,,FALSE,,None,Travis CI,,FALSE,FALSE,FALSE,FALSE,FALSE,FALSE,FALSE,FALSE,FALSE,FALSE,FALSE,FALSE,FALSE,FALSE,FALSE,FALSE,FALSE,1,0
android-temporarybrightness,FALSE,FALSE,FALSE,,FALSE,,None,Travis CI,,FALSE,FALSE,FALSE,FALSE,FALSE,FALSE,FALSE,FALSE,FALSE,FALSE,FALSE,FALSE,FALSE,FALSE,FALSE,FALSE,FALSE,1,0
android-torchlight,FALSE,FALSE,FALSE,,FALSE,,None,Travis CI,,FALSE,FALSE,FALSE,FALSE,FALSE,FALSE,FALSE,FALSE,FALSE,FALSE,FALSE,FALSE,FALSE,FALSE,FALSE,FALSE,FALSE,1,0
android-touch-helper,TRUE,FALSE,FALSE,,FALSE,,None,GitHub Actions,,FALSE,FALSE,FALSE,FALSE,FALSE,FALSE,FALSE,FALSE,FALSE,FALSE,FALSE,FALSE,FALSE,FALSE,FALSE,FALSE,FALSE,1,0
android-twa,TRUE,FALSE,FALSE,,FALSE,,None,GitHub Actions,,FALSE,FALSE,FALSE,FALSE,FALSE,FALSE,FALSE,FALSE,FALSE,FALSE,FALSE,FALSE,FALSE,FALSE,FALSE,FALSE,FALSE,2,0
android-usb-script,TRUE,FALSE,FALSE,,FALSE,,None,GitHub Actions,,FALSE,FALSE,FALSE,FALSE,FALSE,FALSE,FALSE,FALSE,FALSE,FALSE,FALSE,FALSE,FALSE,FALSE,FALSE,FALSE,FALSE,1,0
android-vpn-client-ics-openvpn,TRUE,FALSE,FALSE,,FALSE,,None,"GitHub Actions, Travis CI",,FALSE,FALSE,FALSE,FALSE,FALSE,FALSE,FALSE,FALSE,FALSE,FALSE,FALSE,FALSE,FALSE,FALSE,FALSE,FALSE,FALSE,2,0
android-webview-darkmode-with-javascript,TRUE,FALSE,FALSE,,FALSE,,None,GitHub Actions,,FALSE,FALSE,FALSE,FALSE,FALSE,FALSE,FALSE,FALSE,FALSE,FALSE,FALSE,FALSE,FALSE,FALSE,FALSE,FALSE,FALSE,1,0
android-wisefy,TRUE,FALSE,FALSE,,FALSE,,None,CircleCI,,FALSE,FALSE,FALSE,FALSE,FALSE,FALSE,FALSE,FALSE,FALSE,FALSE,FALSE,FALSE,FALSE,FALSE,FALSE,FALSE,FALSE,1,0
android03-contact,TRUE,FALSE,FALSE,,FALSE,,None,GitHub Actions,,FALSE,FALSE,FALSE,FALSE,FALSE,FALSE,FALSE,FALSE,FALSE,FALSE,FALSE,FALSE,FALSE,FALSE,FALSE,FALSE,FALSE,1,0
android04-god-fisherman,TRUE,FALSE,FALSE,,FALSE,,None,GitHub Actions,,FALSE,FALSE,FALSE,FALSE,FALSE,FALSE,FALSE,FALSE,FALSE,FALSE,FALSE,FALSE,FALSE,FALSE,FALSE,FALSE,FALSE,1,0
android05-mogakrun,TRUE,FALSE,FALSE,,FALSE,,None,GitHub Actions,,FALSE,FALSE,FALSE,FALSE,FALSE,FALSE,FALSE,FALSE,FALSE,FALSE,FALSE,FALSE,FALSE,FALSE,FALSE,FALSE,FALSE,1,0
android06-mogle,TRUE,FALSE,FALSE,,FALSE,,None,GitHub Actions,,FALSE,FALSE,FALSE,FALSE,FALSE,FALSE,FALSE,FALSE,FALSE,FALSE,FALSE,FALSE,FALSE,FALSE,FALSE,FALSE,FALSE,2,0
android07-notto,TRUE,FALSE,FALSE,,FALSE,,None,GitHub Actions,,FALSE,FALSE,FALSE,FALSE,FALSE,FALSE,FALSE,FALSE,FALSE,FALSE,FALSE,FALSE,FALSE,FALSE,FALSE,FALSE,FALSE,1,0
android2048,TRUE,FALSE,FALSE,,FALSE,,None,CircleCI,,FALSE,FALSE,FALSE,FALSE,FALSE,FALSE,FALSE,FALSE,FALSE,FALSE,FALSE,FALSE,FALSE,FALSE,FALSE,FALSE,FALSE,1,0
android_dev_quick,TRUE,FALSE,FALSE,,FALSE,,None,GitHub Actions,,FALSE,FALSE,FALSE,FALSE,FALSE,FALSE,FALSE,FALSE,FALSE,FALSE,FALSE,FALSE,FALSE,FALSE,FALSE,FALSE,FALSE,1,0
android_navigator,TRUE,FALSE,FALSE,,FALSE,,None,GitHub Actions,,FALSE,FALSE,FALSE,FALSE,FALSE,FALSE,FALSE,FALSE,FALSE,FALSE,FALSE,FALSE,FALSE,FALSE,FALSE,FALSE,FALSE,2,0
androidapp,TRUE,FALSE,FALSE,,FALSE,,None,CircleCI,,FALSE,FALSE,FALSE,FALSE,FALSE,FALSE,FALSE,FALSE,FALSE,FALSE,FALSE,FALSE,FALSE,FALSE,FALSE,FALSE,FALSE,1,0
androidappshortcuts,TRUE,TRUE,FALSE,,TRUE,Travis CI_emulator_manual,Manual_ThirdParty,Travis CI,Travis CI,FALSE,FALSE,FALSE,FALSE,FALSE,FALSE,FALSE,FALSE,FALSE,FALSE,FALSE,FALSE,FALSE,FALSE,FALSE,FALSE,FALSE,1,0
androidautotrack,TRUE,FALSE,FALSE,,FALSE,,None,GitHub Actions,,FALSE,FALSE,FALSE,FALSE,FALSE,FALSE,FALSE,FALSE,FALSE,FALSE,FALSE,FALSE,FALSE,FALSE,FALSE,FALSE,FALSE,1,0
androidbible,TRUE,FALSE,FALSE,,FALSE,,None,GitHub Actions,,FALSE,FALSE,FALSE,FALSE,FALSE,FALSE,FALSE,FALSE,FALSE,FALSE,FALSE,FALSE,FALSE,FALSE,FALSE,FALSE,FALSE,1,0
androidclient,TRUE,FALSE,FALSE,,FALSE,,None,Travis CI,,FALSE,FALSE,FALSE,FALSE,FALSE,FALSE,FALSE,FALSE,FALSE,FALSE,FALSE,FALSE,FALSE,FALSE,FALSE,FALSE,FALSE,1,0
androidcustomviews,TRUE,FALSE,FALSE,,FALSE,,None,GitHub Actions,,FALSE,FALSE,FALSE,FALSE,FALSE,FALSE,FALSE,FALSE,FALSE,FALSE,FALSE,FALSE,FALSE,FALSE,FALSE,FALSE,FALSE,2,0
androiddatawithoutrootapi33,TRUE,FALSE,FALSE,,FALSE,,None,GitHub Actions,,FALSE,FALSE,FALSE,FALSE,FALSE,FALSE,FALSE,FALSE,FALSE,FALSE,FALSE,FALSE,FALSE,FALSE,FALSE,FALSE,FALSE,1,0
androideastereggs,TRUE,FALSE,FALSE,,FALSE,,None,GitHub Actions,,FALSE,FALSE,FALSE,FALSE,FALSE,FALSE,FALSE,FALSE,FALSE,FALSE,FALSE,FALSE,FALSE,FALSE,FALSE,FALSE,FALSE,1,0
androidfacedetection,TRUE,FALSE,FALSE,,FALSE,,None,GitHub Actions,,FALSE,FALSE,FALSE,FALSE,FALSE,FALSE,FALSE,FALSE,FALSE,FALSE,FALSE,FALSE,FALSE,FALSE,FALSE,FALSE,FALSE,1,0
androidkeylogger,TRUE,FALSE,FALSE,,FALSE,,None,GitHub Actions,,FALSE,FALSE,FALSE,FALSE,FALSE,FALSE,FALSE,FALSE,FALSE,FALSE,FALSE,FALSE,FALSE,FALSE,FALSE,FALSE,FALSE,1,0
androidktx,TRUE,FALSE,FALSE,,FALSE,,None,"CircleCI, GitHub Actions, Travis CI",,FALSE,FALSE,FALSE,FALSE,FALSE,FALSE,FALSE,FALSE,FALSE,FALSE,FALSE,FALSE,FALSE,FALSE,FALSE,FALSE,FALSE,3,0
androidmakersapp,TRUE,FALSE,FALSE,,FALSE,,None,GitHub Actions,,FALSE,FALSE,FALSE,FALSE,FALSE,FALSE,FALSE,FALSE,FALSE,FALSE,FALSE,FALSE,FALSE,FALSE,FALSE,FALSE,FALSE,1,0
androidnote,FALSE,FALSE,FALSE,,FALSE,,None,Travis CI,,FALSE,FALSE,FALSE,FALSE,FALSE,FALSE,FALSE,FALSE,FALSE,FALSE,FALSE,FALSE,FALSE,FALSE,FALSE,FALSE,FALSE,1,0
androidnotificationnotifier,TRUE,FALSE,FALSE,,FALSE,,None,GitHub Actions,,FALSE,FALSE,FALSE,FALSE,FALSE,FALSE,FALSE,FALSE,FALSE,FALSE,FALSE,FALSE,FALSE,FALSE,FALSE,FALSE,FALSE,1,0
androidnotificationshowcase,TRUE,FALSE,FALSE,,FALSE,,None,CircleCI,,FALSE,FALSE,FALSE,FALSE,FALSE,FALSE,FALSE,FALSE,FALSE,FALSE,FALSE,FALSE,FALSE,FALSE,FALSE,FALSE,FALSE,1,0
androidpn-client,FALSE,FALSE,FALSE,,FALSE,,None,Travis CI,,FALSE,FALSE,FALSE,FALSE,FALSE,FALSE,FALSE,FALSE,FALSE,FALSE,FALSE,FALSE,FALSE,FALSE,FALSE,FALSE,FALSE,1,0
androidproject,TRUE,FALSE,FALSE,,FALSE,,None,GitHub Actions,,FALSE,FALSE,FALSE,FALSE,FALSE,FALSE,FALSE,FALSE,FALSE,FALSE,FALSE,FALSE,FALSE,FALSE,FALSE,FALSE,FALSE,1,0
androidproject-kotlin,TRUE,FALSE,FALSE,,FALSE,,None,GitHub Actions,,FALSE,FALSE,FALSE,FALSE,FALSE,FALSE,FALSE,FALSE,FALSE,FALSE,FALSE,FALSE,FALSE,FALSE,FALSE,FALSE,FALSE,1,0
androidresourceextensions,FALSE,FALSE,FALSE,,FALSE,,None,Travis CI,,FALSE,FALSE,FALSE,FALSE,FALSE,FALSE,FALSE,FALSE,FALSE,FALSE,FALSE,FALSE,FALSE,FALSE,FALSE,FALSE,FALSE,1,0
androidscreenshot_sysapi,TRUE,FALSE,FALSE,,FALSE,,None,GitHub Actions,,FALSE,FALSE,FALSE,FALSE,FALSE,FALSE,FALSE,FALSE,FALSE,FALSE,FALSE,FALSE,FALSE,FALSE,FALSE,FALSE,FALSE,1,0
androidssh,FALSE,FALSE,FALSE,,FALSE,,None,Travis CI,,FALSE,FALSE,FALSE,FALSE,FALSE,FALSE,FALSE,FALSE,FALSE,FALSE,FALSE,FALSE,FALSE,FALSE,FALSE,FALSE,FALSE,1,0
androidswissknife,TRUE,FALSE,FALSE,,FALSE,,None,GitHub Actions,,FALSE,FALSE,FALSE,FALSE,FALSE,FALSE,FALSE,FALSE,FALSE,FALSE,FALSE,FALSE,FALSE,FALSE,FALSE,FALSE,FALSE,3,0
androidthings-mirror,FALSE,FALSE,FALSE,,FALSE,,None,CircleCI,,FALSE,FALSE,FALSE,FALSE,FALSE,FALSE,FALSE,FALSE,FALSE,FALSE,FALSE,FALSE,FALSE,FALSE,FALSE,FALSE,FALSE,1,0
androidwheel,TRUE,FALSE,FALSE,,FALSE,,None,GitHub Actions,,FALSE,FALSE,FALSE,FALSE,FALSE,FALSE,FALSE,FALSE,FALSE,FALSE,FALSE,FALSE,FALSE,FALSE,FALSE,FALSE,FALSE,1,0
androidx,TRUE,FALSE,FALSE,,FALSE,,None,"GitHub Actions, Unknown",,FALSE,FALSE,FALSE,FALSE,FALSE,FALSE,FALSE,FALSE,FALSE,FALSE,FALSE,FALSE,FALSE,FALSE,FALSE,FALSE,FALSE,10,0
andstatus,TRUE,TRUE,FALSE,,TRUE,Travis CI_emulator_manual,Manual_ThirdParty,Travis CI,Travis CI,FALSE,FALSE,FALSE,FALSE,FALSE,FALSE,FALSE,FALSE,FALSE,FALSE,FALSE,FALSE,FALSE,FALSE,FALSE,FALSE,FALSE,1,0
ane-branchio,TRUE,FALSE,FALSE,,FALSE,,None,GitHub Actions,,FALSE,FALSE,FALSE,FALSE,FALSE,FALSE,FALSE,FALSE,FALSE,FALSE,FALSE,FALSE,FALSE,FALSE,FALSE,FALSE,FALSE,1,0
anecdote,FALSE,FALSE,FALSE,,FALSE,,None,Travis CI,,FALSE,FALSE,FALSE,FALSE,FALSE,FALSE,FALSE,FALSE,FALSE,FALSE,FALSE,FALSE,FALSE,FALSE,FALSE,FALSE,FALSE,1,0
anewjkuapp,TRUE,FALSE,FALSE,,FALSE,,None,GitHub Actions,,FALSE,FALSE,FALSE,FALSE,FALSE,FALSE,FALSE,FALSE,FALSE,FALSE,FALSE,FALSE,FALSE,FALSE,FALSE,FALSE,FALSE,1,0
angular-seed-advanced,TRUE,FALSE,FALSE,,FALSE,,None,Travis CI,,FALSE,FALSE,FALSE,FALSE,FALSE,FALSE,FALSE,FALSE,FALSE,FALSE,FALSE,FALSE,FALSE,FALSE,FALSE,FALSE,FALSE,1,0
anilist,TRUE,FALSE,FALSE,,FALSE,,None,GitHub Actions,,FALSE,FALSE,FALSE,FALSE,FALSE,FALSE,FALSE,FALSE,FALSE,FALSE,FALSE,FALSE,FALSE,FALSE,FALSE,FALSE,FALSE,1,0
animals3d,TRUE,FALSE,FALSE,,FALSE,,None,GitHub Actions,,FALSE,FALSE,FALSE,FALSE,FALSE,FALSE,FALSE,FALSE,FALSE,FALSE,FALSE,FALSE,FALSE,FALSE,FALSE,FALSE,FALSE,1,0
animatedprogressbar,FALSE,FALSE,FALSE,,FALSE,,None,Travis CI,,FALSE,FALSE,FALSE,FALSE,FALSE,FALSE,FALSE,FALSE,FALSE,FALSE,FALSE,FALSE,FALSE,FALSE,FALSE,FALSE,FALSE,1,0
animation-garden,TRUE,FALSE,FALSE,,FALSE,,None,GitHub Actions,,FALSE,FALSE,FALSE,FALSE,FALSE,FALSE,FALSE,FALSE,FALSE,FALSE,FALSE,FALSE,FALSE,FALSE,FALSE,FALSE,FALSE,2,0
anime-twist,TRUE,FALSE,FALSE,,FALSE,,None,GitHub Actions,,FALSE,FALSE,FALSE,FALSE,FALSE,FALSE,FALSE,FALSE,FALSE,FALSE,FALSE,FALSE,FALSE,FALSE,FALSE,FALSE,FALSE,1,0
anime-watcher,TRUE,FALSE,FALSE,,FALSE,,None,"CircleCI, Travis CI",,FALSE,FALSE,FALSE,FALSE,FALSE,FALSE,FALSE,FALSE,FALSE,FALSE,FALSE,FALSE,FALSE,FALSE,FALSE,FALSE,FALSE,2,0
animearch,TRUE,FALSE,FALSE,,FALSE,,None,GitHub Actions,,FALSE,FALSE,FALSE,FALSE,FALSE,FALSE,FALSE,FALSE,FALSE,FALSE,FALSE,FALSE,FALSE,FALSE,FALSE,FALSE,FALSE,1,0
animewallpaper,TRUE,TRUE,FALSE,,TRUE,Travis CI_emulator_manual,Manual_ThirdParty,Travis CI,Travis CI,FALSE,FALSE,FALSE,FALSE,FALSE,FALSE,FALSE,FALSE,FALSE,FALSE,FALSE,FALSE,FALSE,FALSE,FALSE,FALSE,FALSE,1,0
anisched-android,FALSE,FALSE,FALSE,,FALSE,,None,Travis CI,,FALSE,FALSE,FALSE,FALSE,FALSE,FALSE,FALSE,FALSE,FALSE,FALSE,FALSE,FALSE,FALSE,FALSE,FALSE,FALSE,FALSE,1,0
anitrend-v2,TRUE,FALSE,FALSE,,FALSE,,None,GitHub Actions,,FALSE,FALSE,FALSE,FALSE,FALSE,FALSE,FALSE,FALSE,FALSE,FALSE,FALSE,FALSE,FALSE,FALSE,FALSE,FALSE,FALSE,11,0
anki-android,TRUE,TRUE,TRUE,GitHub_emulator_full,FALSE,,"GitHub_Hosted, None",GitHub Actions,GitHub Actions,FALSE,FALSE,FALSE,FALSE,FALSE,FALSE,FALSE,FALSE,FALSE,FALSE,FALSE,TRUE,FALSE,FALSE,FALSE,FALSE,1,12,0
anlinux-adfree,FALSE,FALSE,FALSE,,FALSE,,None,CircleCI,,FALSE,FALSE,FALSE,FALSE,FALSE,FALSE,FALSE,FALSE,FALSE,FALSE,FALSE,FALSE,FALSE,FALSE,FALSE,FALSE,FALSE,1,0
ansvif_android,TRUE,FALSE,FALSE,,FALSE,,None,Travis CI,,FALSE,FALSE,FALSE,FALSE,FALSE,FALSE,FALSE,FALSE,FALSE,FALSE,FALSE,FALSE,FALSE,FALSE,FALSE,FALSE,FALSE,1,0
ant-design-mobile-rn,TRUE,FALSE,FALSE,,FALSE,,None,"GitHub Actions, Travis CI",,FALSE,FALSE,FALSE,FALSE,FALSE,FALSE,FALSE,FALSE,FALSE,FALSE,FALSE,FALSE,FALSE,FALSE,FALSE,FALSE,FALSE,3,0
antennamap,TRUE,FALSE,FALSE,,FALSE,,None,GitHub Actions,,FALSE,FALSE,FALSE,FALSE,FALSE,FALSE,FALSE,FALSE,FALSE,FALSE,FALSE,FALSE,FALSE,FALSE,FALSE,FALSE,FALSE,1,0
antennapod,TRUE,TRUE,TRUE,"GitHub Actions_emulator_manual, GitHub_emulator_full",FALSE,,"GitHub_Hosted, None",GitHub Actions,GitHub Actions,FALSE,FALSE,FALSE,FALSE,FALSE,FALSE,FALSE,FALSE,FALSE,FALSE,FALSE,TRUE,FALSE,FALSE,FALSE,FALSE,1,2,0
antimalwareapp,TRUE,FALSE,FALSE,,FALSE,,None,GitHub Actions,,FALSE,FALSE,FALSE,FALSE,FALSE,FALSE,FALSE,FALSE,FALSE,FALSE,FALSE,FALSE,FALSE,FALSE,FALSE,FALSE,FALSE,1,0
antimine-android,TRUE,FALSE,FALSE,,FALSE,,None,GitHub Actions,,FALSE,FALSE,FALSE,FALSE,FALSE,FALSE,FALSE,FALSE,FALSE,FALSE,FALSE,FALSE,FALSE,FALSE,FALSE,FALSE,FALSE,1,0
antispam,FALSE,FALSE,FALSE,,FALSE,,None,Travis CI,,FALSE,FALSE,FALSE,FALSE,FALSE,FALSE,FALSE,FALSE,FALSE,FALSE,FALSE,FALSE,FALSE,FALSE,FALSE,FALSE,FALSE,1,0
antox,TRUE,TRUE,FALSE,,TRUE,CircleCI_emulator_manual,"Manual_ThirdParty, None","CircleCI, Travis CI",CircleCI,FALSE,FALSE,FALSE,FALSE,FALSE,FALSE,FALSE,FALSE,FALSE,FALSE,FALSE,FALSE,FALSE,FALSE,FALSE,FALSE,FALSE,2,0
any,TRUE,TRUE,TRUE,"GitHub_GMD, GitHub_emulator_full",FALSE,,"GitHub_Hosted, None",GitHub Actions,GitHub Actions,FALSE,FALSE,FALSE,FALSE,FALSE,FALSE,FALSE,FALSE,FALSE,FALSE,FALSE,FALSE,TRUE,FALSE,FALSE,FALSE,1,4,0
anylayer,TRUE,FALSE,FALSE,,FALSE,,None,GitHub Actions,,FALSE,FALSE,FALSE,FALSE,FALSE,FALSE,FALSE,FALSE,FALSE,FALSE,FALSE,FALSE,FALSE,FALSE,FALSE,FALSE,FALSE,1,0
anysoftkeyboard,TRUE,FALSE,FALSE,,FALSE,,None,GitHub Actions,,FALSE,FALSE,FALSE,FALSE,FALSE,FALSE,FALSE,FALSE,FALSE,FALSE,FALSE,FALSE,FALSE,FALSE,FALSE,FALSE,FALSE,8,0
apcupsd-monitor,TRUE,FALSE,FALSE,,FALSE,,None,GitHub Actions,,FALSE,FALSE,FALSE,FALSE,FALSE,FALSE,FALSE,FALSE,FALSE,FALSE,FALSE,FALSE,FALSE,FALSE,FALSE,FALSE,FALSE,1,0
apde,TRUE,FALSE,FALSE,,FALSE,,None,GitHub Actions,,FALSE,FALSE,FALSE,FALSE,FALSE,FALSE,FALSE,FALSE,FALSE,FALSE,FALSE,FALSE,FALSE,FALSE,FALSE,FALSE,FALSE,1,0
apg,TRUE,FALSE,FALSE,,FALSE,,None,Travis CI,,FALSE,FALSE,FALSE,FALSE,FALSE,FALSE,FALSE,FALSE,FALSE,FALSE,FALSE,FALSE,FALSE,FALSE,FALSE,FALSE,FALSE,1,0
aphotomanager,TRUE,FALSE,FALSE,,FALSE,,None,"CircleCI, Travis CI",,FALSE,FALSE,FALSE,FALSE,FALSE,FALSE,FALSE,FALSE,FALSE,FALSE,FALSE,FALSE,FALSE,FALSE,FALSE,FALSE,FALSE,2,0
api-request,TRUE,FALSE,FALSE,,FALSE,,None,GitHub Actions,,FALSE,FALSE,FALSE,FALSE,FALSE,FALSE,FALSE,FALSE,FALSE,FALSE,FALSE,FALSE,FALSE,FALSE,FALSE,FALSE,FALSE,2,0
apklauncher_legacy,FALSE,FALSE,FALSE,,FALSE,,None,Travis CI,,FALSE,FALSE,FALSE,FALSE,FALSE,FALSE,FALSE,FALSE,FALSE,FALSE,FALSE,FALSE,FALSE,FALSE,FALSE,FALSE,FALSE,1,0
aplikasi_absen_karyawan,TRUE,FALSE,FALSE,,FALSE,,None,GitHub Actions,,FALSE,FALSE,FALSE,FALSE,FALSE,FALSE,FALSE,FALSE,FALSE,FALSE,FALSE,FALSE,FALSE,FALSE,FALSE,FALSE,FALSE,1,0
aplikasi_pendaftaran_pasien,TRUE,FALSE,FALSE,,FALSE,,None,GitHub Actions,,FALSE,FALSE,FALSE,FALSE,FALSE,FALSE,FALSE,FALSE,FALSE,FALSE,FALSE,FALSE,FALSE,FALSE,FALSE,FALSE,FALSE,1,0
apng4android,TRUE,FALSE,FALSE,,FALSE,,None,GitHub Actions,,FALSE,FALSE,FALSE,FALSE,FALSE,FALSE,FALSE,FALSE,FALSE,FALSE,FALSE,FALSE,FALSE,FALSE,FALSE,FALSE,FALSE,1,0
apodktm,TRUE,FALSE,FALSE,,FALSE,,None,GitHub Actions,,FALSE,FALSE,FALSE,FALSE,FALSE,FALSE,FALSE,FALSE,FALSE,FALSE,FALSE,FALSE,FALSE,FALSE,FALSE,FALSE,FALSE,1,0
apollo-music,TRUE,FALSE,FALSE,,FALSE,,None,GitHub Actions,,FALSE,FALSE,FALSE,FALSE,FALSE,FALSE,FALSE,FALSE,FALSE,FALSE,FALSE,FALSE,FALSE,FALSE,FALSE,FALSE,FALSE,1,0
app,TRUE,FALSE,FALSE,,FALSE,,None,"GitHub Actions, Travis CI",,FALSE,FALSE,FALSE,FALSE,FALSE,FALSE,FALSE,FALSE,FALSE,FALSE,FALSE,FALSE,FALSE,FALSE,FALSE,FALSE,FALSE,17,0
app-ins-gruene,TRUE,FALSE,FALSE,,FALSE,,None,GitHub Actions,,FALSE,FALSE,FALSE,FALSE,FALSE,FALSE,FALSE,FALSE,FALSE,FALSE,FALSE,FALSE,FALSE,FALSE,FALSE,FALSE,FALSE,1,0
app-whois,TRUE,FALSE,FALSE,,FALSE,,None,GitHub Actions,,FALSE,FALSE,FALSE,FALSE,FALSE,FALSE,FALSE,FALSE,FALSE,FALSE,FALSE,FALSE,FALSE,FALSE,FALSE,FALSE,FALSE,1,0
app_kookmobanuser_ponjohmnaimann,TRUE,FALSE,FALSE,,FALSE,,None,GitHub Actions,,FALSE,FALSE,FALSE,FALSE,FALSE,FALSE,FALSE,FALSE,FALSE,FALSE,FALSE,FALSE,FALSE,FALSE,FALSE,FALSE,FALSE,1,0
app_waktu_solat_malaysia,TRUE,FALSE,FALSE,,FALSE,,None,GitHub Actions,,FALSE,FALSE,FALSE,FALSE,FALSE,FALSE,FALSE,FALSE,FALSE,FALSE,FALSE,FALSE,FALSE,FALSE,FALSE,FALSE,FALSE,3,0
appfeedback-android,TRUE,FALSE,FALSE,,FALSE,,None,CircleCI,,FALSE,FALSE,FALSE,FALSE,FALSE,FALSE,FALSE,FALSE,FALSE,FALSE,FALSE,FALSE,FALSE,FALSE,FALSE,FALSE,FALSE,1,0
appgt,TRUE,FALSE,FALSE,,FALSE,,None,GitHub Actions,,FALSE,FALSE,FALSE,FALSE,FALSE,FALSE,FALSE,FALSE,FALSE,FALSE,FALSE,FALSE,FALSE,FALSE,FALSE,FALSE,FALSE,1,0
apple-flinger,TRUE,FALSE,FALSE,,FALSE,,None,GitLab CI,,FALSE,FALSE,FALSE,FALSE,FALSE,FALSE,FALSE,FALSE,FALSE,FALSE,FALSE,FALSE,FALSE,FALSE,FALSE,FALSE,FALSE,1,0
applewifinlpbackend,FALSE,FALSE,FALSE,,FALSE,,None,Travis CI,,FALSE,FALSE,FALSE,FALSE,FALSE,FALSE,FALSE,FALSE,FALSE,FALSE,FALSE,FALSE,FALSE,FALSE,FALSE,FALSE,FALSE,1,0
application,FALSE,FALSE,FALSE,,FALSE,,None,Travis CI,,FALSE,FALSE,FALSE,FALSE,FALSE,FALSE,FALSE,FALSE,FALSE,FALSE,FALSE,FALSE,FALSE,FALSE,FALSE,FALSE,FALSE,1,0
appmanager,TRUE,FALSE,FALSE,,FALSE,,None,GitHub Actions,,FALSE,FALSE,FALSE,FALSE,FALSE,FALSE,FALSE,FALSE,FALSE,FALSE,FALSE,FALSE,FALSE,FALSE,FALSE,FALSE,FALSE,3,0
appopsx,FALSE,FALSE,FALSE,,FALSE,,None,Travis CI,,FALSE,FALSE,FALSE,FALSE,FALSE,FALSE,FALSE,FALSE,FALSE,FALSE,FALSE,FALSE,FALSE,FALSE,FALSE,FALSE,FALSE,1,0
apps-android-wikiedudashboard,FALSE,FALSE,FALSE,,FALSE,,None,Travis CI,,FALSE,FALSE,FALSE,FALSE,FALSE,FALSE,FALSE,FALSE,FALSE,FALSE,FALSE,FALSE,FALSE,FALSE,FALSE,FALSE,FALSE,1,0
apps-android-wikipedia,TRUE,TRUE,TRUE,GitHub_emulator_full,FALSE,,"GitHub_Hosted, None",GitHub Actions,GitHub Actions,FALSE,FALSE,FALSE,FALSE,FALSE,FALSE,FALSE,FALSE,FALSE,FALSE,TRUE,FALSE,FALSE,FALSE,FALSE,FALSE,1,4,0
appstore,TRUE,FALSE,FALSE,,FALSE,,None,GitHub Actions,,FALSE,FALSE,FALSE,FALSE,FALSE,FALSE,FALSE,FALSE,FALSE,FALSE,FALSE,FALSE,FALSE,FALSE,FALSE,FALSE,FALSE,1,0
appteka-android,FALSE,FALSE,FALSE,,FALSE,,None,Travis CI,,FALSE,FALSE,FALSE,FALSE,FALSE,FALSE,FALSE,FALSE,FALSE,FALSE,FALSE,FALSE,FALSE,FALSE,FALSE,FALSE,FALSE,1,0
appwatcher,TRUE,FALSE,FALSE,,FALSE,,None,GitHub Actions,,FALSE,FALSE,FALSE,FALSE,FALSE,FALSE,FALSE,FALSE,FALSE,FALSE,FALSE,FALSE,FALSE,FALSE,FALSE,FALSE,FALSE,1,0
arcade-plaza,TRUE,FALSE,FALSE,,FALSE,,None,GitHub Actions,,FALSE,FALSE,FALSE,FALSE,FALSE,FALSE,FALSE,FALSE,FALSE,FALSE,FALSE,FALSE,FALSE,FALSE,FALSE,FALSE,FALSE,1,0
arcane-tracker,TRUE,FALSE,FALSE,,FALSE,,None,"GitHub Actions, Travis CI",,FALSE,FALSE,FALSE,FALSE,FALSE,FALSE,FALSE,FALSE,FALSE,FALSE,FALSE,FALSE,FALSE,FALSE,FALSE,FALSE,FALSE,2,0
arcgis-android-moremap,FALSE,FALSE,FALSE,,FALSE,,None,Travis CI,,FALSE,FALSE,FALSE,FALSE,FALSE,FALSE,FALSE,FALSE,FALSE,FALSE,FALSE,FALSE,FALSE,FALSE,FALSE,FALSE,FALSE,1,0
archwiki-viewer,TRUE,TRUE,FALSE,,TRUE,Travis CI_emulator_manual,Manual_ThirdParty,Travis CI,Travis CI,FALSE,FALSE,FALSE,FALSE,FALSE,FALSE,FALSE,FALSE,FALSE,FALSE,FALSE,FALSE,FALSE,FALSE,FALSE,FALSE,FALSE,1,0
ard,FALSE,FALSE,FALSE,,FALSE,,None,Travis CI,,FALSE,FALSE,FALSE,FALSE,FALSE,FALSE,FALSE,FALSE,FALSE,FALSE,FALSE,FALSE,FALSE,FALSE,FALSE,FALSE,FALSE,1,0
arduino-usb-terminal,TRUE,TRUE,TRUE,GitHub_emulator_full,FALSE,,"GitHub_Hosted, None","CircleCI, GitHub Actions",GitHub Actions,FALSE,FALSE,FALSE,FALSE,FALSE,FALSE,FALSE,FALSE,FALSE,FALSE,TRUE,FALSE,FALSE,FALSE,FALSE,FALSE,1,2,0
aria2app,TRUE,FALSE,FALSE,,FALSE,,None,GitHub Actions,,FALSE,FALSE,FALSE,FALSE,FALSE,FALSE,FALSE,FALSE,FALSE,FALSE,FALSE,FALSE,FALSE,FALSE,FALSE,FALSE,FALSE,1,0
aria2c-android-app,FALSE,FALSE,FALSE,,FALSE,,None,Travis CI,,FALSE,FALSE,FALSE,FALSE,FALSE,FALSE,FALSE,FALSE,FALSE,FALSE,FALSE,FALSE,FALSE,FALSE,FALSE,FALSE,FALSE,1,0
ark-navigator,TRUE,FALSE,FALSE,,FALSE,,None,GitHub Actions,,FALSE,FALSE,FALSE,FALSE,FALSE,FALSE,FALSE,FALSE,FALSE,FALSE,FALSE,FALSE,FALSE,FALSE,FALSE,FALSE,FALSE,2,0
ark-rate,TRUE,FALSE,FALSE,,FALSE,,None,GitHub Actions,,FALSE,FALSE,FALSE,FALSE,FALSE,FALSE,FALSE,FALSE,FALSE,FALSE,FALSE,FALSE,FALSE,FALSE,FALSE,FALSE,FALSE,2,0
ark-shelf,TRUE,FALSE,FALSE,,FALSE,,None,GitHub Actions,,FALSE,FALSE,FALSE,FALSE,FALSE,FALSE,FALSE,FALSE,FALSE,FALSE,FALSE,FALSE,FALSE,FALSE,FALSE,FALSE,FALSE,2,0
armscomponent,FALSE,FALSE,FALSE,,FALSE,,None,Travis CI,,FALSE,FALSE,FALSE,FALSE,FALSE,FALSE,FALSE,FALSE,FALSE,FALSE,FALSE,FALSE,FALSE,FALSE,FALSE,FALSE,FALSE,1,0
arpavbts,TRUE,FALSE,FALSE,,FALSE,,None,GitHub Actions,,FALSE,FALSE,FALSE,FALSE,FALSE,FALSE,FALSE,FALSE,FALSE,FALSE,FALSE,FALSE,FALSE,FALSE,FALSE,FALSE,FALSE,1,0
artiver,TRUE,FALSE,FALSE,,FALSE,,None,GitHub Actions,,FALSE,FALSE,FALSE,FALSE,FALSE,FALSE,FALSE,FALSE,FALSE,FALSE,FALSE,FALSE,FALSE,FALSE,FALSE,FALSE,FALSE,3,0
aspect-ratio-imageview,FALSE,FALSE,FALSE,,FALSE,,None,Travis CI,,FALSE,FALSE,FALSE,FALSE,FALSE,FALSE,FALSE,FALSE,FALSE,FALSE,FALSE,FALSE,FALSE,FALSE,FALSE,FALSE,FALSE,1,0
assume,TRUE,FALSE,FALSE,,FALSE,,None,GitHub Actions,,FALSE,FALSE,FALSE,FALSE,FALSE,FALSE,FALSE,FALSE,FALSE,FALSE,FALSE,FALSE,FALSE,FALSE,FALSE,FALSE,FALSE,1,0
astro,TRUE,TRUE,TRUE,"GitHub Actions_emulator_manual, GitHub_emulator_full",FALSE,,"GitHub_Hosted, None",GitHub Actions,GitHub Actions,FALSE,FALSE,TRUE,FALSE,FALSE,FALSE,FALSE,FALSE,FALSE,FALSE,TRUE,TRUE,FALSE,FALSE,FALSE,FALSE,3,3,0
athelite,TRUE,FALSE,FALSE,,FALSE,,None,Travis CI,,FALSE,FALSE,FALSE,FALSE,FALSE,FALSE,FALSE,FALSE,FALSE,FALSE,FALSE,FALSE,FALSE,FALSE,FALSE,FALSE,FALSE,1,0
atimetracker,TRUE,FALSE,FALSE,,FALSE,,None,Travis CI,,FALSE,FALSE,FALSE,FALSE,FALSE,FALSE,FALSE,FALSE,FALSE,FALSE,FALSE,FALSE,FALSE,FALSE,FALSE,FALSE,FALSE,1,0
atmosweather,TRUE,FALSE,FALSE,,FALSE,,None,GitHub Actions,,FALSE,FALSE,FALSE,FALSE,FALSE,FALSE,FALSE,FALSE,FALSE,FALSE,FALSE,FALSE,FALSE,FALSE,FALSE,FALSE,FALSE,2,0
atom-tasks,TRUE,TRUE,TRUE,"GitHub Actions_emulator_manual, GitHub_emulator_full",FALSE,,GitHub_Hosted,GitHub Actions,GitHub Actions,FALSE,FALSE,FALSE,FALSE,FALSE,FALSE,FALSE,FALSE,FALSE,FALSE,TRUE,FALSE,FALSE,FALSE,FALSE,FALSE,1,2,0
atomicgameengine,FALSE,FALSE,FALSE,,FALSE,,None,"Travis CI, Unknown",,FALSE,FALSE,FALSE,FALSE,FALSE,FALSE,FALSE,FALSE,FALSE,FALSE,FALSE,FALSE,FALSE,FALSE,FALSE,FALSE,FALSE,2,0
atox,TRUE,TRUE,TRUE,GitHub_emulator_full,FALSE,,"GitHub_Hosted, None",GitHub Actions,GitHub Actions,FALSE,FALSE,FALSE,FALSE,FALSE,FALSE,FALSE,FALSE,FALSE,FALSE,FALSE,FALSE,TRUE,FALSE,FALSE,FALSE,1,2,0
atrainingtracker,TRUE,FALSE,FALSE,,FALSE,,None,Travis CI,,FALSE,FALSE,FALSE,FALSE,FALSE,FALSE,FALSE,FALSE,FALSE,FALSE,FALSE,FALSE,FALSE,FALSE,FALSE,FALSE,FALSE,1,0
atsy-cast,TRUE,FALSE,FALSE,,FALSE,,None,GitHub Actions,,FALSE,FALSE,FALSE,FALSE,FALSE,FALSE,FALSE,FALSE,FALSE,FALSE,FALSE,FALSE,FALSE,FALSE,FALSE,FALSE,FALSE,3,0
attachcontact,TRUE,FALSE,FALSE,,FALSE,,None,GitHub Actions,,FALSE,FALSE,FALSE,FALSE,FALSE,FALSE,FALSE,FALSE,FALSE,FALSE,FALSE,FALSE,FALSE,FALSE,FALSE,FALSE,FALSE,1,0
audio-recorder,TRUE,TRUE,TRUE,GitHub_emulator_full,FALSE,,GitHub_Hosted,GitHub Actions,GitHub Actions,FALSE,FALSE,FALSE,FALSE,FALSE,FALSE,FALSE,FALSE,FALSE,TRUE,TRUE,FALSE,FALSE,FALSE,FALSE,FALSE,2,2,0
audio_player_flutter,TRUE,FALSE,FALSE,,FALSE,,None,GitHub Actions,,FALSE,FALSE,FALSE,FALSE,FALSE,FALSE,FALSE,FALSE,FALSE,FALSE,FALSE,FALSE,FALSE,FALSE,FALSE,FALSE,FALSE,1,0
auditor,TRUE,FALSE,FALSE,,FALSE,,None,GitHub Actions,,FALSE,FALSE,FALSE,FALSE,FALSE,FALSE,FALSE,FALSE,FALSE,FALSE,FALSE,FALSE,FALSE,FALSE,FALSE,FALSE,FALSE,2,0
ausweisapp2,TRUE,FALSE,FALSE,,FALSE,,None,"GitHub Actions, Unknown",,FALSE,FALSE,FALSE,FALSE,FALSE,FALSE,FALSE,FALSE,FALSE,FALSE,FALSE,FALSE,FALSE,FALSE,FALSE,FALSE,FALSE,2,0
authpass,TRUE,FALSE,FALSE,,FALSE,,None,"GitHub Actions, Travis CI",,FALSE,FALSE,FALSE,FALSE,FALSE,FALSE,FALSE,FALSE,FALSE,FALSE,FALSE,FALSE,FALSE,FALSE,FALSE,FALSE,FALSE,12,0
auto-fi,TRUE,TRUE,FALSE,,TRUE,Travis CI_emulator_manual,Manual_ThirdParty,Travis CI,Travis CI,FALSE,FALSE,FALSE,FALSE,FALSE,FALSE,FALSE,FALSE,FALSE,FALSE,FALSE,FALSE,FALSE,FALSE,FALSE,FALSE,FALSE,1,0
automated-build-android-app-with-github-action,TRUE,FALSE,FALSE,,FALSE,,None,GitHub Actions,,FALSE,FALSE,FALSE,FALSE,FALSE,FALSE,FALSE,FALSE,FALSE,FALSE,FALSE,FALSE,FALSE,FALSE,FALSE,FALSE,FALSE,7,0
autonomy-client,TRUE,FALSE,FALSE,,FALSE,,None,GitHub Actions,,FALSE,FALSE,FALSE,FALSE,FALSE,FALSE,FALSE,FALSE,FALSE,FALSE,FALSE,FALSE,FALSE,FALSE,FALSE,FALSE,FALSE,7,1
autonotifylist,FALSE,FALSE,FALSE,,FALSE,,None,CircleCI,,FALSE,FALSE,FALSE,FALSE,FALSE,FALSE,FALSE,FALSE,FALSE,FALSE,FALSE,FALSE,FALSE,FALSE,FALSE,FALSE,FALSE,1,0
autoscrolltextview,FALSE,FALSE,FALSE,,FALSE,,None,Travis CI,,FALSE,FALSE,FALSE,FALSE,FALSE,FALSE,FALSE,FALSE,FALSE,FALSE,FALSE,FALSE,FALSE,FALSE,FALSE,FALSE,FALSE,1,0
auxio,TRUE,FALSE,FALSE,,FALSE,,None,GitHub Actions,,FALSE,FALSE,FALSE,FALSE,FALSE,FALSE,FALSE,FALSE,FALSE,FALSE,FALSE,FALSE,FALSE,FALSE,FALSE,FALSE,FALSE,1,0
avare,TRUE,FALSE,FALSE,,FALSE,,None,Travis CI,,FALSE,FALSE,FALSE,FALSE,FALSE,FALSE,FALSE,FALSE,FALSE,FALSE,FALSE,FALSE,FALSE,FALSE,FALSE,FALSE,FALSE,1,0
avatarview,TRUE,FALSE,FALSE,,FALSE,,None,GitHub Actions,,FALSE,FALSE,FALSE,FALSE,FALSE,FALSE,FALSE,FALSE,FALSE,FALSE,FALSE,FALSE,FALSE,FALSE,FALSE,FALSE,FALSE,2,0
aves,TRUE,FALSE,FALSE,,FALSE,,None,GitHub Actions,,FALSE,FALSE,FALSE,FALSE,FALSE,FALSE,FALSE,FALSE,FALSE,FALSE,FALSE,FALSE,FALSE,FALSE,FALSE,FALSE,FALSE,2,0
avnc,TRUE,FALSE,FALSE,,FALSE,,None,GitHub Actions,,FALSE,FALSE,FALSE,FALSE,FALSE,FALSE,FALSE,FALSE,FALSE,FALSE,FALSE,FALSE,FALSE,FALSE,FALSE,FALSE,FALSE,2,0
aw-android,TRUE,TRUE,TRUE,GitHub Actions_emulator_manual,FALSE,,None,"GitHub Actions, Travis CI",GitHub Actions,FALSE,FALSE,FALSE,FALSE,FALSE,FALSE,FALSE,FALSE,FALSE,FALSE,FALSE,FALSE,FALSE,FALSE,FALSE,FALSE,FALSE,2,0
awaken,FALSE,FALSE,FALSE,,FALSE,,None,Travis CI,,FALSE,FALSE,FALSE,FALSE,FALSE,FALSE,FALSE,FALSE,FALSE,FALSE,FALSE,FALSE,FALSE,FALSE,FALSE,FALSE,FALSE,1,0
awol,TRUE,FALSE,FALSE,,FALSE,,None,GitHub Actions,,FALSE,FALSE,FALSE,FALSE,FALSE,FALSE,FALSE,FALSE,FALSE,FALSE,FALSE,FALSE,FALSE,FALSE,FALSE,FALSE,FALSE,2,0
axion-technologies-hnh,TRUE,FALSE,FALSE,,FALSE,,None,CircleCI,,FALSE,FALSE,FALSE,FALSE,FALSE,FALSE,FALSE,FALSE,FALSE,FALSE,FALSE,FALSE,FALSE,FALSE,FALSE,FALSE,FALSE,1,0
aztube-app,TRUE,FALSE,FALSE,,FALSE,,None,GitHub Actions,,FALSE,FALSE,FALSE,FALSE,FALSE,FALSE,FALSE,FALSE,FALSE,FALSE,FALSE,FALSE,FALSE,FALSE,FALSE,FALSE,FALSE,1,0
baby-sleep-sounds,TRUE,FALSE,FALSE,,FALSE,,None,GitHub Actions,,FALSE,FALSE,FALSE,FALSE,FALSE,FALSE,FALSE,FALSE,FALSE,FALSE,FALSE,FALSE,FALSE,FALSE,FALSE,FALSE,FALSE,1,0
babybook,TRUE,FALSE,FALSE,,FALSE,,None,GitHub Actions,,FALSE,FALSE,FALSE,FALSE,FALSE,FALSE,FALSE,FALSE,FALSE,FALSE,FALSE,FALSE,FALSE,FALSE,FALSE,FALSE,FALSE,1,0
babydots,TRUE,FALSE,FALSE,,FALSE,,None,GitHub Actions,,FALSE,FALSE,FALSE,FALSE,FALSE,FALSE,FALSE,FALSE,FALSE,FALSE,FALSE,FALSE,FALSE,FALSE,FALSE,FALSE,FALSE,1,0
bacon,TRUE,FALSE,FALSE,,FALSE,,None,GitHub Actions,,FALSE,FALSE,FALSE,FALSE,FALSE,FALSE,FALSE,FALSE,FALSE,FALSE,FALSE,FALSE,FALSE,FALSE,FALSE,FALSE,FALSE,1,0
badge-magic-android,TRUE,FALSE,FALSE,,FALSE,,None,GitHub Actions,,FALSE,FALSE,FALSE,FALSE,FALSE,FALSE,FALSE,FALSE,FALSE,FALSE,FALSE,FALSE,FALSE,FALSE,FALSE,FALSE,FALSE,1,0
badpixels,TRUE,TRUE,FALSE,,TRUE,Travis CI_emulator_manual,Manual_ThirdParty,Travis CI,Travis CI,FALSE,FALSE,FALSE,FALSE,FALSE,FALSE,FALSE,FALSE,FALSE,FALSE,FALSE,FALSE,FALSE,FALSE,FALSE,FALSE,FALSE,1,0
balanduinoandroidapp,FALSE,FALSE,FALSE,,FALSE,,None,Travis CI,,FALSE,FALSE,FALSE,FALSE,FALSE,FALSE,FALSE,FALSE,FALSE,FALSE,FALSE,FALSE,FALSE,FALSE,FALSE,FALSE,FALSE,1,0
baldphone,TRUE,TRUE,FALSE,,TRUE,Travis CI_emulator_manual,"Manual_ThirdParty, None","GitHub Actions, Travis CI",Travis CI,FALSE,FALSE,FALSE,FALSE,FALSE,FALSE,FALSE,FALSE,FALSE,FALSE,FALSE,FALSE,FALSE,FALSE,FALSE,FALSE,FALSE,2,0
bananapeel,FALSE,FALSE,FALSE,,FALSE,,None,Travis CI,,FALSE,FALSE,FALSE,FALSE,FALSE,FALSE,FALSE,FALSE,FALSE,FALSE,FALSE,FALSE,FALSE,FALSE,FALSE,FALSE,FALSE,1,0
banjen,FALSE,FALSE,FALSE,,FALSE,,None,CircleCI,,FALSE,FALSE,FALSE,FALSE,FALSE,FALSE,FALSE,FALSE,FALSE,FALSE,FALSE,FALSE,FALSE,FALSE,FALSE,FALSE,FALSE,1,0
bark,TRUE,TRUE,TRUE,GitHub_emulator_full,FALSE,,GitHub_Hosted,GitHub Actions,GitHub Actions,FALSE,FALSE,FALSE,FALSE,TRUE,FALSE,FALSE,TRUE,FALSE,FALSE,TRUE,FALSE,FALSE,FALSE,FALSE,FALSE,3,1,0
bartrunnerandroid,FALSE,FALSE,FALSE,,FALSE,,None,Travis CI,,FALSE,FALSE,FALSE,FALSE,FALSE,FALSE,FALSE,FALSE,FALSE,FALSE,FALSE,FALSE,FALSE,FALSE,FALSE,FALSE,FALSE,1,0
basekotlinandroid,TRUE,FALSE,FALSE,,FALSE,,None,GitHub Actions,,FALSE,FALSE,FALSE,FALSE,FALSE,FALSE,FALSE,FALSE,FALSE,FALSE,FALSE,FALSE,FALSE,FALSE,FALSE,FALSE,FALSE,1,0
basil-android,TRUE,FALSE,FALSE,,FALSE,,None,CircleCI,,FALSE,FALSE,FALSE,FALSE,FALSE,FALSE,FALSE,FALSE,FALSE,FALSE,FALSE,FALSE,FALSE,FALSE,FALSE,FALSE,FALSE,1,0
basketbuild_downloader,FALSE,FALSE,FALSE,,FALSE,,None,Travis CI,,FALSE,FALSE,FALSE,FALSE,FALSE,FALSE,FALSE,FALSE,FALSE,FALSE,FALSE,FALSE,FALSE,FALSE,FALSE,FALSE,FALSE,1,0
batterytile,TRUE,FALSE,FALSE,,FALSE,,None,GitHub Actions,,FALSE,FALSE,FALSE,FALSE,FALSE,FALSE,FALSE,FALSE,FALSE,FALSE,FALSE,FALSE,FALSE,FALSE,FALSE,FALSE,FALSE,1,0
battle-ships,FALSE,FALSE,FALSE,,FALSE,,None,GitLab CI,,FALSE,FALSE,FALSE,FALSE,FALSE,FALSE,FALSE,FALSE,FALSE,FALSE,FALSE,FALSE,FALSE,FALSE,FALSE,FALSE,FALSE,1,0
battlebuddy-android,TRUE,FALSE,FALSE,,FALSE,,None,GitHub Actions,,FALSE,FALSE,FALSE,FALSE,FALSE,FALSE,FALSE,FALSE,FALSE,FALSE,FALSE,FALSE,FALSE,FALSE,FALSE,FALSE,FALSE,1,0
bbct-android,TRUE,FALSE,FALSE,,FALSE,,None,GitHub Actions,,FALSE,FALSE,FALSE,FALSE,FALSE,FALSE,FALSE,FALSE,FALSE,FALSE,FALSE,FALSE,FALSE,FALSE,FALSE,FALSE,FALSE,1,0
bcvax-android,TRUE,FALSE,FALSE,,FALSE,,None,GitHub Actions,,FALSE,FALSE,FALSE,FALSE,FALSE,FALSE,FALSE,FALSE,FALSE,FALSE,FALSE,FALSE,FALSE,FALSE,FALSE,FALSE,FALSE,1,0
beat-feet,TRUE,FALSE,FALSE,,FALSE,,None,GitHub Actions,,FALSE,FALSE,FALSE,FALSE,FALSE,FALSE,FALSE,FALSE,FALSE,FALSE,FALSE,FALSE,FALSE,FALSE,FALSE,FALSE,FALSE,2,0
beeshell,TRUE,FALSE,FALSE,,FALSE,,None,GitHub Actions,,FALSE,FALSE,FALSE,FALSE,FALSE,FALSE,FALSE,FALSE,FALSE,FALSE,FALSE,FALSE,FALSE,FALSE,FALSE,FALSE,FALSE,1,0
behe-explorer,FALSE,FALSE,FALSE,,FALSE,,None,Travis CI,,FALSE,FALSE,FALSE,FALSE,FALSE,FALSE,FALSE,FALSE,FALSE,FALSE,FALSE,FALSE,FALSE,FALSE,FALSE,FALSE,FALSE,1,0
behe-keyboard,TRUE,FALSE,FALSE,,FALSE,,None,"GitHub Actions, Travis CI",,FALSE,FALSE,FALSE,FALSE,FALSE,FALSE,FALSE,FALSE,FALSE,FALSE,FALSE,FALSE,FALSE,FALSE,FALSE,FALSE,FALSE,4,0
berty,TRUE,FALSE,FALSE,,FALSE,,None,GitHub Actions,,FALSE,FALSE,FALSE,FALSE,FALSE,FALSE,FALSE,FALSE,FALSE,FALSE,FALSE,FALSE,FALSE,FALSE,FALSE,FALSE,FALSE,18,0
best-seller-book-app,TRUE,FALSE,FALSE,,FALSE,,None,CircleCI,,FALSE,FALSE,FALSE,FALSE,FALSE,FALSE,FALSE,FALSE,FALSE,FALSE,FALSE,FALSE,FALSE,FALSE,FALSE,FALSE,FALSE,1,0
better-internet-tiles,TRUE,FALSE,FALSE,,FALSE,,None,GitHub Actions,,FALSE,FALSE,FALSE,FALSE,FALSE,FALSE,FALSE,FALSE,FALSE,FALSE,FALSE,FALSE,FALSE,FALSE,FALSE,FALSE,FALSE,1,0
betteruntis,FALSE,FALSE,FALSE,,FALSE,,None,CircleCI,,FALSE,FALSE,FALSE,FALSE,FALSE,FALSE,FALSE,FALSE,FALSE,FALSE,FALSE,FALSE,FALSE,FALSE,FALSE,FALSE,FALSE,1,0
bible,TRUE,FALSE,FALSE,,FALSE,,None,GitHub Actions,,FALSE,FALSE,FALSE,FALSE,FALSE,FALSE,FALSE,FALSE,FALSE,FALSE,FALSE,FALSE,FALSE,FALSE,FALSE,FALSE,FALSE,1,0
biblio,TRUE,FALSE,FALSE,,FALSE,,None,"CircleCI, GitHub Actions",,FALSE,FALSE,FALSE,FALSE,FALSE,FALSE,FALSE,FALSE,FALSE,FALSE,FALSE,FALSE,FALSE,FALSE,FALSE,FALSE,FALSE,2,0
biblionantes,TRUE,FALSE,FALSE,,FALSE,,None,GitHub Actions,,FALSE,FALSE,FALSE,FALSE,FALSE,FALSE,FALSE,FALSE,FALSE,FALSE,FALSE,FALSE,FALSE,FALSE,FALSE,FALSE,FALSE,2,0
bigsolarhunt,TRUE,FALSE,FALSE,,FALSE,,None,GitHub Actions,,FALSE,FALSE,FALSE,FALSE,FALSE,FALSE,FALSE,FALSE,FALSE,FALSE,FALSE,FALSE,FALSE,FALSE,FALSE,FALSE,FALSE,1,0
bikeshare,TRUE,FALSE,FALSE,,FALSE,,None,GitHub Actions,,FALSE,FALSE,FALSE,FALSE,FALSE,FALSE,FALSE,FALSE,FALSE,FALSE,FALSE,FALSE,FALSE,FALSE,FALSE,FALSE,FALSE,2,0
bikesharinghub,FALSE,FALSE,FALSE,,FALSE,,None,Travis CI,,FALSE,FALSE,FALSE,FALSE,FALSE,FALSE,FALSE,FALSE,FALSE,FALSE,FALSE,FALSE,FALSE,FALSE,FALSE,FALSE,FALSE,1,0
bindapter,TRUE,FALSE,FALSE,,FALSE,,None,Travis CI,,FALSE,FALSE,FALSE,FALSE,FALSE,FALSE,FALSE,FALSE,FALSE,FALSE,FALSE,FALSE,FALSE,FALSE,FALSE,FALSE,FALSE,1,0
binocularss,TRUE,FALSE,FALSE,,FALSE,,None,GitHub Actions,,FALSE,FALSE,FALSE,FALSE,FALSE,FALSE,FALSE,FALSE,FALSE,FALSE,FALSE,FALSE,FALSE,FALSE,FALSE,FALSE,FALSE,1,0
birday,TRUE,FALSE,FALSE,,FALSE,,None,GitHub Actions,,FALSE,FALSE,FALSE,FALSE,FALSE,FALSE,FALSE,FALSE,FALSE,FALSE,FALSE,FALSE,FALSE,FALSE,FALSE,FALSE,FALSE,1,0
birthdaycalendar,TRUE,FALSE,FALSE,,FALSE,,None,Travis CI,,FALSE,FALSE,FALSE,FALSE,FALSE,FALSE,FALSE,FALSE,FALSE,FALSE,FALSE,FALSE,FALSE,FALSE,FALSE,FALSE,FALSE,1,0
bitcoin-balance-check,TRUE,FALSE,FALSE,,FALSE,,None,GitHub Actions,,FALSE,FALSE,FALSE,FALSE,FALSE,FALSE,FALSE,FALSE,FALSE,FALSE,FALSE,FALSE,FALSE,FALSE,FALSE,FALSE,FALSE,1,0
bitcoin-wallet,FALSE,FALSE,FALSE,,FALSE,,None,"GitLab CI, Travis CI",,FALSE,FALSE,FALSE,FALSE,FALSE,FALSE,FALSE,FALSE,FALSE,FALSE,FALSE,FALSE,FALSE,FALSE,FALSE,FALSE,FALSE,2,1
bitcoinium,FALSE,FALSE,FALSE,,FALSE,,None,Travis CI,,FALSE,FALSE,FALSE,FALSE,FALSE,FALSE,FALSE,FALSE,FALSE,FALSE,FALSE,FALSE,FALSE,FALSE,FALSE,FALSE,FALSE,1,0
bitcoinpools,FALSE,FALSE,FALSE,,FALSE,,None,Travis CI,,FALSE,FALSE,FALSE,FALSE,FALSE,FALSE,FALSE,FALSE,FALSE,FALSE,FALSE,FALSE,FALSE,FALSE,FALSE,FALSE,FALSE,1,0
bitmask_android,TRUE,FALSE,FALSE,,FALSE,,None,GitLab CI,,FALSE,FALSE,FALSE,FALSE,FALSE,FALSE,FALSE,FALSE,FALSE,FALSE,FALSE,FALSE,FALSE,FALSE,FALSE,FALSE,FALSE,1,0
bitnews,TRUE,FALSE,FALSE,,FALSE,,None,GitHub Actions,,FALSE,FALSE,FALSE,FALSE,FALSE,FALSE,FALSE,FALSE,FALSE,FALSE,FALSE,FALSE,FALSE,FALSE,FALSE,FALSE,FALSE,1,0
bitportal-client,TRUE,FALSE,FALSE,,FALSE,,None,"CircleCI, GitHub Actions",,FALSE,FALSE,FALSE,FALSE,FALSE,FALSE,FALSE,FALSE,FALSE,FALSE,FALSE,FALSE,FALSE,FALSE,FALSE,FALSE,FALSE,2,0
bixer-btc-app-,TRUE,FALSE,FALSE,,FALSE,,None,GitHub Actions,,FALSE,FALSE,FALSE,FALSE,FALSE,FALSE,FALSE,FALSE,FALSE,FALSE,FALSE,FALSE,FALSE,FALSE,FALSE,FALSE,FALSE,2,0
bjutloginapp,FALSE,FALSE,FALSE,,FALSE,,None,Travis CI,,FALSE,FALSE,FALSE,FALSE,FALSE,FALSE,FALSE,FALSE,FALSE,FALSE,FALSE,FALSE,FALSE,FALSE,FALSE,FALSE,FALSE,1,0
bjutwifi,TRUE,FALSE,FALSE,,FALSE,,None,"GitHub Actions, Travis CI",,FALSE,FALSE,FALSE,FALSE,FALSE,FALSE,FALSE,FALSE,FALSE,FALSE,FALSE,FALSE,FALSE,FALSE,FALSE,FALSE,FALSE,3,0
blackhole,TRUE,FALSE,FALSE,,FALSE,,None,GitHub Actions,,FALSE,FALSE,FALSE,FALSE,FALSE,FALSE,FALSE,FALSE,FALSE,FALSE,FALSE,FALSE,FALSE,FALSE,FALSE,FALSE,FALSE,3,0
blacklist,FALSE,FALSE,FALSE,,FALSE,,None,Travis CI,,FALSE,FALSE,FALSE,FALSE,FALSE,FALSE,FALSE,FALSE,FALSE,FALSE,FALSE,FALSE,FALSE,FALSE,FALSE,FALSE,FALSE,1,0
bladeplayer,TRUE,FALSE,FALSE,,FALSE,,None,GitHub Actions,,FALSE,FALSE,FALSE,FALSE,FALSE,FALSE,FALSE,FALSE,FALSE,FALSE,FALSE,FALSE,FALSE,FALSE,FALSE,FALSE,FALSE,1,0
blast,TRUE,FALSE,FALSE,,FALSE,,None,GitHub Actions,,FALSE,FALSE,FALSE,FALSE,FALSE,FALSE,FALSE,FALSE,FALSE,FALSE,FALSE,FALSE,FALSE,FALSE,FALSE,FALSE,FALSE,1,0
ble-starter-android,TRUE,FALSE,FALSE,,FALSE,,None,CircleCI,,FALSE,FALSE,FALSE,FALSE,FALSE,FALSE,FALSE,FALSE,FALSE,FALSE,FALSE,FALSE,FALSE,FALSE,FALSE,FALSE,FALSE,1,0
blink-comparison,TRUE,FALSE,FALSE,,FALSE,,None,GitHub Actions,,FALSE,FALSE,FALSE,FALSE,FALSE,FALSE,FALSE,FALSE,FALSE,FALSE,FALSE,FALSE,FALSE,FALSE,FALSE,FALSE,FALSE,2,0
blog,TRUE,FALSE,FALSE,,FALSE,,None,GitHub Actions,,FALSE,FALSE,FALSE,FALSE,FALSE,FALSE,FALSE,FALSE,FALSE,FALSE,FALSE,FALSE,FALSE,FALSE,FALSE,FALSE,FALSE,2,0
blokish,TRUE,FALSE,FALSE,,FALSE,,None,GitHub Actions,,FALSE,FALSE,FALSE,FALSE,FALSE,FALSE,FALSE,FALSE,FALSE,FALSE,FALSE,FALSE,FALSE,FALSE,FALSE,FALSE,FALSE,1,0
blood-donor-blood-bank-finder,TRUE,FALSE,FALSE,,FALSE,,None,Unknown,,FALSE,FALSE,FALSE,FALSE,FALSE,FALSE,FALSE,FALSE,FALSE,FALSE,FALSE,FALSE,FALSE,FALSE,FALSE,FALSE,FALSE,1,0
bluelineconsole,TRUE,TRUE,TRUE,GitHub_emulator_full,FALSE,,"GitHub_Hosted, None","GitHub Actions, GitLab CI",GitHub Actions,FALSE,FALSE,FALSE,TRUE,FALSE,FALSE,FALSE,FALSE,FALSE,FALSE,TRUE,FALSE,FALSE,FALSE,FALSE,FALSE,2,3,0
bluepass,TRUE,FALSE,FALSE,,FALSE,,None,Travis CI,,FALSE,FALSE,FALSE,FALSE,FALSE,FALSE,FALSE,FALSE,FALSE,FALSE,FALSE,FALSE,FALSE,FALSE,FALSE,FALSE,FALSE,1,0
bluetooth-le-analyzer,FALSE,FALSE,FALSE,,FALSE,,None,Travis CI,,FALSE,FALSE,FALSE,FALSE,FALSE,FALSE,FALSE,FALSE,FALSE,FALSE,FALSE,FALSE,FALSE,FALSE,FALSE,FALSE,FALSE,1,0
bluetooth-remote-control,FALSE,FALSE,FALSE,,FALSE,,None,Travis CI,,FALSE,FALSE,FALSE,FALSE,FALSE,FALSE,FALSE,FALSE,FALSE,FALSE,FALSE,FALSE,FALSE,FALSE,FALSE,FALSE,FALSE,1,0
bluetoothscanning,TRUE,FALSE,FALSE,,FALSE,,None,GitHub Actions,,FALSE,FALSE,FALSE,FALSE,FALSE,FALSE,FALSE,FALSE,FALSE,FALSE,FALSE,FALSE,FALSE,FALSE,FALSE,FALSE,FALSE,2,0
bo-android,TRUE,FALSE,FALSE,,FALSE,,None,"GitHub Actions, Travis CI",,FALSE,FALSE,FALSE,FALSE,FALSE,FALSE,FALSE,FALSE,FALSE,FALSE,FALSE,FALSE,FALSE,FALSE,FALSE,FALSE,FALSE,2,0
boardgamegeek4android,TRUE,FALSE,FALSE,,FALSE,,None,GitHub Actions,,FALSE,FALSE,FALSE,FALSE,FALSE,FALSE,FALSE,FALSE,FALSE,FALSE,FALSE,FALSE,FALSE,FALSE,FALSE,FALSE,FALSE,1,0
bofilo,TRUE,FALSE,FALSE,,FALSE,,None,GitHub Actions,,FALSE,FALSE,FALSE,FALSE,FALSE,FALSE,FALSE,FALSE,FALSE,FALSE,FALSE,FALSE,FALSE,FALSE,FALSE,FALSE,FALSE,1,0
boi-balance-checker,FALSE,FALSE,FALSE,,FALSE,,None,Travis CI,,FALSE,FALSE,FALSE,FALSE,FALSE,FALSE,FALSE,FALSE,FALSE,FALSE,FALSE,FALSE,FALSE,FALSE,FALSE,FALSE,FALSE,1,0
boilerplate,TRUE,FALSE,FALSE,,FALSE,,None,GitHub Actions,,FALSE,FALSE,FALSE,FALSE,FALSE,FALSE,FALSE,FALSE,FALSE,FALSE,FALSE,FALSE,FALSE,FALSE,FALSE,FALSE,FALSE,1,0
boinc,TRUE,FALSE,FALSE,,FALSE,,None,GitHub Actions,,FALSE,FALSE,FALSE,FALSE,FALSE,FALSE,FALSE,FALSE,FALSE,FALSE,FALSE,FALSE,FALSE,FALSE,FALSE,FALSE,FALSE,16,0
bombusmod,TRUE,FALSE,FALSE,,FALSE,,None,GitHub Actions,,FALSE,FALSE,FALSE,FALSE,FALSE,FALSE,FALSE,FALSE,FALSE,FALSE,FALSE,FALSE,FALSE,FALSE,FALSE,FALSE,FALSE,2,0
bookdash-android-app,TRUE,FALSE,FALSE,,FALSE,,None,CircleCI,,FALSE,FALSE,FALSE,FALSE,FALSE,FALSE,FALSE,FALSE,FALSE,FALSE,FALSE,FALSE,FALSE,FALSE,FALSE,FALSE,FALSE,1,0
bookend-android-ios,TRUE,FALSE,FALSE,,FALSE,,None,GitHub Actions,,FALSE,FALSE,FALSE,FALSE,FALSE,FALSE,FALSE,FALSE,FALSE,FALSE,FALSE,FALSE,FALSE,FALSE,FALSE,FALSE,FALSE,1,0
booksearch,TRUE,FALSE,FALSE,,FALSE,,None,GitHub Actions,,FALSE,FALSE,FALSE,FALSE,FALSE,FALSE,FALSE,FALSE,FALSE,FALSE,FALSE,FALSE,FALSE,FALSE,FALSE,FALSE,FALSE,1,0
booksswipe,TRUE,FALSE,FALSE,,FALSE,,None,GitHub Actions,,FALSE,FALSE,FALSE,FALSE,FALSE,FALSE,FALSE,FALSE,FALSE,FALSE,FALSE,FALSE,FALSE,FALSE,FALSE,FALSE,FALSE,1,0
bookworm,TRUE,TRUE,TRUE,GitHub_emulator_full,FALSE,,"GitHub_Hosted, None",GitHub Actions,GitHub Actions,FALSE,FALSE,FALSE,FALSE,FALSE,FALSE,FALSE,FALSE,FALSE,FALSE,TRUE,FALSE,FALSE,FALSE,FALSE,FALSE,1,2,0
boorusphere,TRUE,FALSE,FALSE,,FALSE,,None,GitHub Actions,,FALSE,FALSE,FALSE,FALSE,FALSE,FALSE,FALSE,FALSE,FALSE,FALSE,FALSE,FALSE,FALSE,FALSE,FALSE,FALSE,FALSE,2,0
boromi,TRUE,FALSE,FALSE,,FALSE,,None,GitHub Actions,,FALSE,FALSE,FALSE,FALSE,FALSE,FALSE,FALSE,FALSE,FALSE,FALSE,FALSE,FALSE,FALSE,FALSE,FALSE,FALSE,FALSE,1,0
bottomnavbar,TRUE,FALSE,FALSE,,FALSE,,None,GitHub Actions,,FALSE,FALSE,FALSE,FALSE,FALSE,FALSE,FALSE,FALSE,FALSE,FALSE,FALSE,FALSE,FALSE,FALSE,FALSE,FALSE,FALSE,1,0
bottomnavigationbar,TRUE,FALSE,FALSE,,FALSE,,None,CircleCI,,FALSE,FALSE,FALSE,FALSE,FALSE,FALSE,FALSE,FALSE,FALSE,FALSE,FALSE,FALSE,FALSE,FALSE,FALSE,FALSE,FALSE,1,0
boum,TRUE,FALSE,FALSE,,FALSE,,None,GitHub Actions,,FALSE,FALSE,FALSE,FALSE,FALSE,FALSE,FALSE,FALSE,FALSE,FALSE,FALSE,FALSE,FALSE,FALSE,FALSE,FALSE,FALSE,4,0
boxbox,TRUE,FALSE,FALSE,,FALSE,,None,GitHub Actions,,FALSE,FALSE,FALSE,FALSE,FALSE,FALSE,FALSE,FALSE,FALSE,FALSE,FALSE,FALSE,FALSE,FALSE,FALSE,FALSE,FALSE,1,0
braillebox,TRUE,FALSE,FALSE,,FALSE,,None,Travis CI,,FALSE,FALSE,FALSE,FALSE,FALSE,FALSE,FALSE,FALSE,FALSE,FALSE,FALSE,FALSE,FALSE,FALSE,FALSE,FALSE,FALSE,1,0
brainjogging,TRUE,FALSE,FALSE,,FALSE,,None,GitHub Actions,,FALSE,FALSE,FALSE,FALSE,FALSE,FALSE,FALSE,FALSE,FALSE,FALSE,FALSE,FALSE,FALSE,FALSE,FALSE,FALSE,FALSE,1,0
brainteaser,TRUE,FALSE,FALSE,,FALSE,,None,GitHub Actions,,FALSE,FALSE,FALSE,FALSE,FALSE,FALSE,FALSE,FALSE,FALSE,FALSE,FALSE,FALSE,FALSE,FALSE,FALSE,FALSE,FALSE,2,0
brassexcerpts,TRUE,FALSE,FALSE,,FALSE,,None,GitHub Actions,,FALSE,FALSE,FALSE,FALSE,FALSE,FALSE,FALSE,FALSE,FALSE,FALSE,FALSE,FALSE,FALSE,FALSE,FALSE,FALSE,FALSE,1,0
brethap,TRUE,FALSE,FALSE,,FALSE,,None,GitHub Actions,,FALSE,FALSE,FALSE,FALSE,FALSE,FALSE,FALSE,FALSE,FALSE,FALSE,FALSE,FALSE,FALSE,FALSE,FALSE,FALSE,FALSE,2,0
briar,TRUE,FALSE,FALSE,,FALSE,,None,GitLab CI,,FALSE,FALSE,FALSE,FALSE,FALSE,FALSE,FALSE,FALSE,FALSE,FALSE,FALSE,FALSE,FALSE,FALSE,FALSE,FALSE,FALSE,1,0
brouter,TRUE,FALSE,FALSE,,FALSE,,None,GitHub Actions,,FALSE,FALSE,FALSE,FALSE,FALSE,FALSE,FALSE,FALSE,FALSE,FALSE,FALSE,FALSE,FALSE,FALSE,FALSE,FALSE,FALSE,2,0
browse,FALSE,FALSE,FALSE,,FALSE,,None,Travis CI,,FALSE,FALSE,FALSE,FALSE,FALSE,FALSE,FALSE,FALSE,FALSE,FALSE,FALSE,FALSE,FALSE,FALSE,FALSE,FALSE,FALSE,1,0
btcmap-android,TRUE,FALSE,FALSE,,FALSE,,None,GitHub Actions,,FALSE,FALSE,FALSE,FALSE,FALSE,FALSE,FALSE,FALSE,FALSE,FALSE,FALSE,FALSE,FALSE,FALSE,FALSE,FALSE,FALSE,1,0
btle-scanner-compat,FALSE,FALSE,FALSE,,FALSE,,None,Travis CI,,FALSE,FALSE,FALSE,FALSE,FALSE,FALSE,FALSE,FALSE,FALSE,FALSE,FALSE,FALSE,FALSE,FALSE,FALSE,FALSE,FALSE,1,0
btox,TRUE,FALSE,FALSE,,FALSE,,None,GitHub Actions,,FALSE,FALSE,FALSE,FALSE,FALSE,FALSE,FALSE,FALSE,FALSE,FALSE,FALSE,FALSE,FALSE,FALSE,FALSE,FALSE,FALSE,1,0
buddhaquotes,TRUE,FALSE,FALSE,,FALSE,,None,GitHub Actions,,FALSE,FALSE,FALSE,FALSE,FALSE,FALSE,FALSE,FALSE,FALSE,FALSE,FALSE,FALSE,FALSE,FALSE,FALSE,FALSE,FALSE,1,0
budget-watch,TRUE,FALSE,FALSE,,FALSE,,None,GitHub Actions,,FALSE,FALSE,FALSE,FALSE,FALSE,FALSE,FALSE,FALSE,FALSE,FALSE,FALSE,FALSE,FALSE,FALSE,FALSE,FALSE,FALSE,1,0
buildapks,TRUE,FALSE,FALSE,,FALSE,,None,GitHub Actions,,FALSE,FALSE,FALSE,FALSE,FALSE,FALSE,FALSE,FALSE,FALSE,FALSE,FALSE,FALSE,FALSE,FALSE,FALSE,FALSE,FALSE,3,0
bundel,TRUE,FALSE,FALSE,,FALSE,,None,GitHub Actions,,FALSE,FALSE,FALSE,FALSE,FALSE,FALSE,FALSE,FALSE,FALSE,FALSE,FALSE,FALSE,FALSE,FALSE,FALSE,FALSE,FALSE,2,0
burning-series,TRUE,FALSE,FALSE,,FALSE,,None,GitHub Actions,,FALSE,FALSE,FALSE,FALSE,FALSE,FALSE,FALSE,FALSE,FALSE,FALSE,FALSE,FALSE,FALSE,FALSE,FALSE,FALSE,FALSE,2,0
bus-when-twin-cities,TRUE,TRUE,FALSE,,TRUE,Travis CI_emulator_manual,Manual_ThirdParty,Travis CI,Travis CI,FALSE,FALSE,FALSE,FALSE,FALSE,FALSE,FALSE,FALSE,FALSE,FALSE,FALSE,FALSE,FALSE,FALSE,FALSE,FALSE,FALSE,1,0
butterfly,TRUE,FALSE,FALSE,,FALSE,,None,GitHub Actions,,FALSE,FALSE,FALSE,FALSE,FALSE,FALSE,FALSE,FALSE,FALSE,FALSE,FALSE,FALSE,FALSE,FALSE,FALSE,FALSE,FALSE,6,0
c2c-android-2021,TRUE,FALSE,FALSE,,FALSE,,None,GitHub Actions,,FALSE,FALSE,FALSE,FALSE,FALSE,FALSE,FALSE,FALSE,FALSE,FALSE,FALSE,FALSE,FALSE,FALSE,FALSE,FALSE,FALSE,2,0
c3nav-android,FALSE,FALSE,FALSE,,FALSE,,None,Travis CI,,FALSE,FALSE,FALSE,FALSE,FALSE,FALSE,FALSE,FALSE,FALSE,FALSE,FALSE,FALSE,FALSE,FALSE,FALSE,FALSE,FALSE,1,0
cac-tripplanner-android,TRUE,FALSE,FALSE,,FALSE,,None,CircleCI,,FALSE,FALSE,FALSE,FALSE,FALSE,FALSE,FALSE,FALSE,FALSE,FALSE,FALSE,FALSE,FALSE,FALSE,FALSE,FALSE,FALSE,1,0
cachemanage,FALSE,FALSE,FALSE,,FALSE,,None,Travis CI,,FALSE,FALSE,FALSE,FALSE,FALSE,FALSE,FALSE,FALSE,FALSE,FALSE,FALSE,FALSE,FALSE,FALSE,FALSE,FALSE,FALSE,1,1
cadar,FALSE,FALSE,FALSE,,FALSE,,None,Travis CI,,FALSE,FALSE,FALSE,FALSE,FALSE,FALSE,FALSE,FALSE,FALSE,FALSE,FALSE,FALSE,FALSE,FALSE,FALSE,FALSE,FALSE,1,0
cafe-payment-system,FALSE,FALSE,FALSE,,FALSE,,None,Travis CI,,FALSE,FALSE,FALSE,FALSE,FALSE,FALSE,FALSE,FALSE,FALSE,FALSE,FALSE,FALSE,FALSE,FALSE,FALSE,FALSE,FALSE,1,0
caffeinetile,FALSE,FALSE,FALSE,,FALSE,,None,Travis CI,,FALSE,FALSE,FALSE,FALSE,FALSE,FALSE,FALSE,FALSE,FALSE,FALSE,FALSE,FALSE,FALSE,FALSE,FALSE,FALSE,FALSE,1,0
calculadhora,TRUE,FALSE,FALSE,,FALSE,,None,GitHub Actions,,FALSE,FALSE,FALSE,FALSE,FALSE,FALSE,FALSE,FALSE,FALSE,FALSE,FALSE,FALSE,FALSE,FALSE,FALSE,FALSE,FALSE,1,0
calculator,TRUE,FALSE,FALSE,,FALSE,,None,GitHub Actions,,FALSE,FALSE,FALSE,FALSE,FALSE,FALSE,FALSE,FALSE,FALSE,FALSE,FALSE,FALSE,FALSE,FALSE,FALSE,FALSE,FALSE,5,0
calculator-inator,TRUE,FALSE,FALSE,,FALSE,,None,GitHub Actions,,FALSE,FALSE,FALSE,FALSE,FALSE,FALSE,FALSE,FALSE,FALSE,FALSE,FALSE,FALSE,FALSE,FALSE,FALSE,FALSE,FALSE,1,0
calcupiano,TRUE,FALSE,FALSE,,FALSE,,None,GitHub Actions,,FALSE,FALSE,FALSE,FALSE,FALSE,FALSE,FALSE,FALSE,FALSE,FALSE,FALSE,FALSE,FALSE,FALSE,FALSE,FALSE,FALSE,1,0
calef,TRUE,FALSE,FALSE,,FALSE,,None,GitHub Actions,,FALSE,FALSE,FALSE,FALSE,FALSE,FALSE,FALSE,FALSE,FALSE,FALSE,FALSE,FALSE,FALSE,FALSE,FALSE,FALSE,FALSE,1,0
calendar,TRUE,FALSE,FALSE,,FALSE,,None,Travis CI,,FALSE,FALSE,FALSE,FALSE,FALSE,FALSE,FALSE,FALSE,FALSE,FALSE,FALSE,FALSE,FALSE,FALSE,FALSE,FALSE,FALSE,1,0
calendar-import-export,TRUE,FALSE,FALSE,,FALSE,,None,GitHub Actions,,FALSE,FALSE,FALSE,FALSE,FALSE,FALSE,FALSE,FALSE,FALSE,FALSE,FALSE,FALSE,FALSE,FALSE,FALSE,FALSE,FALSE,2,0
calendula,TRUE,FALSE,FALSE,,FALSE,,None,GitLab CI,,FALSE,FALSE,FALSE,FALSE,FALSE,FALSE,FALSE,FALSE,FALSE,FALSE,FALSE,FALSE,FALSE,FALSE,FALSE,FALSE,FALSE,1,0
callconfirm,TRUE,FALSE,FALSE,,FALSE,,None,Travis CI,,FALSE,FALSE,FALSE,FALSE,FALSE,FALSE,FALSE,FALSE,FALSE,FALSE,FALSE,FALSE,FALSE,FALSE,FALSE,FALSE,FALSE,1,0
callrecorder,TRUE,FALSE,FALSE,,FALSE,,None,CircleCI,,FALSE,FALSE,FALSE,FALSE,FALSE,FALSE,FALSE,FALSE,FALSE,FALSE,FALSE,FALSE,FALSE,FALSE,FALSE,FALSE,FALSE,1,0
campus-android,TRUE,FALSE,FALSE,,FALSE,,None,GitHub Actions,,FALSE,FALSE,FALSE,FALSE,FALSE,FALSE,FALSE,FALSE,FALSE,FALSE,FALSE,FALSE,FALSE,FALSE,FALSE,FALSE,FALSE,1,0
candymem,TRUE,FALSE,FALSE,,FALSE,,None,CircleCI,,FALSE,FALSE,FALSE,FALSE,FALSE,FALSE,FALSE,FALSE,FALSE,FALSE,FALSE,FALSE,FALSE,FALSE,FALSE,FALSE,FALSE,1,0
canidrive,TRUE,FALSE,FALSE,,FALSE,,None,GitHub Actions,,FALSE,FALSE,FALSE,FALSE,FALSE,FALSE,FALSE,FALSE,FALSE,FALSE,FALSE,FALSE,FALSE,FALSE,FALSE,FALSE,FALSE,2,0
canteen_app,TRUE,FALSE,FALSE,,FALSE,,None,GitHub Actions,,FALSE,FALSE,FALSE,FALSE,FALSE,FALSE,FALSE,FALSE,FALSE,FALSE,FALSE,FALSE,FALSE,FALSE,FALSE,FALSE,FALSE,1,0
canvass-app,TRUE,FALSE,FALSE,,FALSE,,None,GitHub Actions,,FALSE,FALSE,FALSE,FALSE,FALSE,FALSE,FALSE,FALSE,FALSE,FALSE,FALSE,FALSE,FALSE,FALSE,FALSE,FALSE,FALSE,2,0
canvasscript,TRUE,FALSE,FALSE,,FALSE,,None,Travis CI,,FALSE,FALSE,FALSE,FALSE,FALSE,FALSE,FALSE,FALSE,FALSE,FALSE,FALSE,FALSE,FALSE,FALSE,FALSE,FALSE,FALSE,1,0
capgo,TRUE,FALSE,FALSE,,FALSE,,None,GitHub Actions,,FALSE,FALSE,FALSE,FALSE,FALSE,FALSE,FALSE,FALSE,FALSE,FALSE,FALSE,FALSE,FALSE,FALSE,FALSE,FALSE,FALSE,5,0
capod,TRUE,FALSE,FALSE,,FALSE,,None,GitHub Actions,,FALSE,FALSE,FALSE,FALSE,FALSE,FALSE,FALSE,FALSE,FALSE,FALSE,FALSE,FALSE,FALSE,FALSE,FALSE,FALSE,FALSE,3,0
car-server,FALSE,FALSE,FALSE,,FALSE,,None,Travis CI,,FALSE,FALSE,FALSE,FALSE,FALSE,FALSE,FALSE,FALSE,FALSE,FALSE,FALSE,FALSE,FALSE,FALSE,FALSE,FALSE,FALSE,1,0
carcinofit,TRUE,FALSE,FALSE,,FALSE,,None,GitHub Actions,,FALSE,FALSE,FALSE,FALSE,FALSE,FALSE,FALSE,FALSE,FALSE,FALSE,FALSE,FALSE,FALSE,FALSE,FALSE,FALSE,FALSE,1,0
cardiac-zone-android,TRUE,FALSE,FALSE,,FALSE,,None,GitHub Actions,,FALSE,FALSE,FALSE,FALSE,FALSE,FALSE,FALSE,FALSE,FALSE,FALSE,FALSE,FALSE,FALSE,FALSE,FALSE,FALSE,FALSE,2,0
care4ther-,TRUE,FALSE,FALSE,,FALSE,,None,GitHub Actions,,FALSE,FALSE,FALSE,FALSE,FALSE,FALSE,FALSE,FALSE,FALSE,FALSE,FALSE,FALSE,FALSE,FALSE,FALSE,FALSE,FALSE,1,0
cartsbusboarding,TRUE,FALSE,FALSE,,FALSE,,None,Travis CI,,FALSE,FALSE,FALSE,FALSE,FALSE,FALSE,FALSE,FALSE,FALSE,FALSE,FALSE,FALSE,FALSE,FALSE,FALSE,FALSE,FALSE,1,0
cat-adoption-app,TRUE,TRUE,TRUE,GitHub_emulator_full,FALSE,,GitHub_Hosted,GitHub Actions,GitHub Actions,FALSE,FALSE,FALSE,FALSE,TRUE,FALSE,FALSE,TRUE,FALSE,FALSE,TRUE,FALSE,FALSE,FALSE,FALSE,FALSE,3,1,0
cataclysm-dda-android,TRUE,FALSE,FALSE,,FALSE,,None,Travis CI,,FALSE,FALSE,FALSE,FALSE,FALSE,FALSE,FALSE,FALSE,FALSE,FALSE,FALSE,FALSE,FALSE,FALSE,FALSE,FALSE,FALSE,1,1
cattle,TRUE,TRUE,FALSE,,TRUE,Firebase_Full,ThirdParty_Service,CircleCI,CircleCI,FALSE,FALSE,FALSE,FALSE,FALSE,FALSE,FALSE,FALSE,FALSE,FALSE,FALSE,FALSE,FALSE,FALSE,FALSE,FALSE,FALSE,1,0
cattlebodyconditioning,FALSE,FALSE,FALSE,,FALSE,,None,GitHub Actions,,FALSE,FALSE,FALSE,FALSE,FALSE,FALSE,FALSE,FALSE,FALSE,FALSE,FALSE,FALSE,FALSE,FALSE,FALSE,FALSE,FALSE,1,0
cavedroid,FALSE,FALSE,FALSE,,FALSE,,None,Travis CI,,FALSE,FALSE,FALSE,FALSE,FALSE,FALSE,FALSE,FALSE,FALSE,FALSE,FALSE,FALSE,FALSE,FALSE,FALSE,FALSE,FALSE,1,0
caveexpress,TRUE,FALSE,FALSE,,FALSE,,None,GitHub Actions,,FALSE,FALSE,FALSE,FALSE,FALSE,FALSE,FALSE,FALSE,FALSE,FALSE,FALSE,FALSE,FALSE,FALSE,FALSE,FALSE,FALSE,1,0
cazadescuentos,TRUE,FALSE,FALSE,,FALSE,,None,GitHub Actions,,FALSE,FALSE,FALSE,FALSE,FALSE,FALSE,FALSE,FALSE,FALSE,FALSE,FALSE,FALSE,FALSE,FALSE,FALSE,FALSE,FALSE,2,0
cboy,TRUE,FALSE,FALSE,,FALSE,,None,GitHub Actions,,FALSE,FALSE,FALSE,FALSE,FALSE,FALSE,FALSE,FALSE,FALSE,FALSE,FALSE,FALSE,FALSE,FALSE,FALSE,FALSE,FALSE,4,0
ccdroidx,TRUE,FALSE,FALSE,,FALSE,,None,GitHub Actions,,FALSE,FALSE,FALSE,FALSE,FALSE,FALSE,FALSE,FALSE,FALSE,FALSE,FALSE,FALSE,FALSE,FALSE,FALSE,FALSE,FALSE,2,0
cculife,TRUE,FALSE,FALSE,,FALSE,,None,"Travis CI, Unknown",,FALSE,FALSE,FALSE,FALSE,FALSE,FALSE,FALSE,FALSE,FALSE,FALSE,FALSE,FALSE,FALSE,FALSE,FALSE,FALSE,FALSE,2,0
cdlc_player,TRUE,FALSE,FALSE,,FALSE,,None,GitHub Actions,,FALSE,FALSE,FALSE,FALSE,FALSE,FALSE,FALSE,FALSE,FALSE,FALSE,FALSE,FALSE,FALSE,FALSE,FALSE,FALSE,FALSE,1,0
cell-wall,TRUE,FALSE,FALSE,,FALSE,,None,GitHub Actions,,FALSE,FALSE,FALSE,FALSE,FALSE,FALSE,FALSE,FALSE,FALSE,FALSE,FALSE,FALSE,FALSE,FALSE,FALSE,FALSE,FALSE,2,0
chainmetric-app,TRUE,FALSE,FALSE,,FALSE,,None,GitHub Actions,,FALSE,FALSE,FALSE,FALSE,FALSE,FALSE,FALSE,FALSE,FALSE,FALSE,FALSE,FALSE,FALSE,FALSE,FALSE,FALSE,FALSE,1,0
challenge-ci-android,TRUE,FALSE,FALSE,,FALSE,,None,GitHub Actions,,FALSE,FALSE,FALSE,FALSE,FALSE,FALSE,FALSE,FALSE,FALSE,FALSE,FALSE,FALSE,FALSE,FALSE,FALSE,FALSE,FALSE,1,0
changedetection,TRUE,FALSE,FALSE,,FALSE,,None,"CircleCI, GitLab CI",,FALSE,FALSE,FALSE,FALSE,FALSE,FALSE,FALSE,FALSE,FALSE,FALSE,FALSE,FALSE,FALSE,FALSE,FALSE,FALSE,FALSE,2,0
chaosflix,TRUE,TRUE,FALSE,,TRUE,"GitLab CI_emulator_manual, Travis CI_emulator_manual","Manual_ThirdParty, None","CircleCI, GitLab CI, Travis CI","GitLab CI, Travis CI",FALSE,FALSE,FALSE,FALSE,FALSE,FALSE,FALSE,FALSE,FALSE,FALSE,FALSE,FALSE,FALSE,FALSE,FALSE,FALSE,FALSE,3,0
chat-app,FALSE,FALSE,FALSE,,FALSE,,None,Travis CI,,FALSE,FALSE,FALSE,FALSE,FALSE,FALSE,FALSE,FALSE,FALSE,FALSE,FALSE,FALSE,FALSE,FALSE,FALSE,FALSE,FALSE,1,0
chatgpt-app,TRUE,FALSE,FALSE,,FALSE,,None,GitHub Actions,,FALSE,FALSE,FALSE,FALSE,FALSE,FALSE,FALSE,FALSE,FALSE,FALSE,FALSE,FALSE,FALSE,FALSE,FALSE,FALSE,FALSE,1,0
chatifyapp-flutter,TRUE,FALSE,FALSE,,FALSE,,None,GitHub Actions,,FALSE,FALSE,FALSE,FALSE,FALSE,FALSE,FALSE,FALSE,FALSE,FALSE,FALSE,FALSE,FALSE,FALSE,FALSE,FALSE,FALSE,1,0
chatse,TRUE,FALSE,FALSE,,FALSE,,None,CircleCI,,FALSE,FALSE,FALSE,FALSE,FALSE,FALSE,FALSE,FALSE,FALSE,FALSE,FALSE,FALSE,FALSE,FALSE,FALSE,FALSE,FALSE,1,0
chatwoot-mobile-app,TRUE,FALSE,FALSE,,FALSE,,None,CircleCI,,FALSE,FALSE,FALSE,FALSE,FALSE,FALSE,FALSE,FALSE,FALSE,FALSE,FALSE,FALSE,FALSE,FALSE,FALSE,FALSE,FALSE,1,0
cheatsheet,FALSE,FALSE,FALSE,,FALSE,,None,Travis CI,,FALSE,FALSE,FALSE,FALSE,FALSE,FALSE,FALSE,FALSE,FALSE,FALSE,FALSE,FALSE,FALSE,FALSE,FALSE,FALSE,FALSE,1,0
cheddar,TRUE,FALSE,FALSE,,FALSE,,None,GitHub Actions,,FALSE,FALSE,FALSE,FALSE,FALSE,FALSE,FALSE,FALSE,FALSE,FALSE,FALSE,FALSE,FALSE,FALSE,FALSE,FALSE,FALSE,2,0
cheers-li-app,TRUE,FALSE,FALSE,,FALSE,,None,GitHub Actions,,FALSE,FALSE,FALSE,FALSE,FALSE,FALSE,FALSE,FALSE,FALSE,FALSE,FALSE,FALSE,FALSE,FALSE,FALSE,FALSE,FALSE,2,0
chester,TRUE,FALSE,FALSE,,FALSE,,None,Travis CI,,FALSE,FALSE,FALSE,FALSE,FALSE,FALSE,FALSE,FALSE,FALSE,FALSE,FALSE,FALSE,FALSE,FALSE,FALSE,FALSE,FALSE,1,0
chinesettstflite,TRUE,FALSE,FALSE,,FALSE,,None,GitHub Actions,,FALSE,FALSE,FALSE,FALSE,FALSE,FALSE,FALSE,FALSE,FALSE,FALSE,FALSE,FALSE,FALSE,FALSE,FALSE,FALSE,FALSE,1,0
chocobar,TRUE,FALSE,FALSE,,FALSE,,None,GitHub Actions,,FALSE,FALSE,FALSE,FALSE,FALSE,FALSE,FALSE,FALSE,FALSE,FALSE,FALSE,FALSE,FALSE,FALSE,FALSE,FALSE,FALSE,1,0
cht-android,TRUE,TRUE,TRUE,"GitHub Actions_emulator_manual, GitHub_emulator_full",FALSE,,"GitHub_Hosted, None",GitHub Actions,GitHub Actions,FALSE,FALSE,FALSE,FALSE,FALSE,FALSE,FALSE,FALSE,FALSE,FALSE,TRUE,FALSE,FALSE,FALSE,FALSE,FALSE,1,2,0
churrascometro,FALSE,FALSE,FALSE,,FALSE,,None,Travis CI,,FALSE,FALSE,FALSE,FALSE,FALSE,FALSE,FALSE,FALSE,FALSE,FALSE,FALSE,FALSE,FALSE,FALSE,FALSE,FALSE,FALSE,1,0
ci-matters,TRUE,TRUE,TRUE,GitHub_emulator_full,TRUE,"CircleCI_emulator_manual, Travis CI_emulator_manual","GitHub_Hosted, Manual_ThirdParty","CircleCI, GitHub Actions, Travis CI","CircleCI, GitHub Actions, Travis CI",FALSE,FALSE,FALSE,FALSE,FALSE,FALSE,FALSE,FALSE,FALSE,FALSE,TRUE,FALSE,FALSE,FALSE,FALSE,FALSE,1,3,0
cimoc,FALSE,FALSE,FALSE,,FALSE,,None,Travis CI,,FALSE,FALSE,FALSE,FALSE,FALSE,FALSE,FALSE,FALSE,FALSE,FALSE,FALSE,FALSE,FALSE,FALSE,FALSE,FALSE,FALSE,1,0
cineaste-android,TRUE,FALSE,FALSE,,FALSE,,None,GitHub Actions,,FALSE,FALSE,FALSE,FALSE,FALSE,FALSE,FALSE,FALSE,FALSE,FALSE,FALSE,FALSE,FALSE,FALSE,FALSE,FALSE,FALSE,1,0
circularprogressbar-compose,FALSE,FALSE,FALSE,,FALSE,,None,CircleCI,,FALSE,FALSE,FALSE,FALSE,FALSE,FALSE,FALSE,FALSE,FALSE,FALSE,FALSE,FALSE,FALSE,FALSE,FALSE,FALSE,FALSE,1,0
circulartimer,TRUE,FALSE,FALSE,,FALSE,,None,GitHub Actions,,FALSE,FALSE,FALSE,FALSE,FALSE,FALSE,FALSE,FALSE,FALSE,FALSE,FALSE,FALSE,FALSE,FALSE,FALSE,FALSE,FALSE,1,0
cis-android,TRUE,TRUE,TRUE,GitHub_emulator_full,FALSE,,"GitHub_Hosted, None",GitHub Actions,GitHub Actions,FALSE,FALSE,FALSE,FALSE,FALSE,FALSE,FALSE,FALSE,FALSE,FALSE,FALSE,FALSE,TRUE,FALSE,FALSE,FALSE,1,4,0
clarifai-android-starter,TRUE,TRUE,FALSE,,TRUE,Travis CI_emulator_manual,Manual_ThirdParty,Travis CI,Travis CI,FALSE,FALSE,FALSE,FALSE,FALSE,FALSE,FALSE,FALSE,FALSE,FALSE,FALSE,FALSE,FALSE,FALSE,FALSE,FALSE,FALSE,1,0
class-organizer,FALSE,FALSE,FALSE,,FALSE,,None,Travis CI,,FALSE,FALSE,FALSE,FALSE,FALSE,FALSE,FALSE,FALSE,FALSE,FALSE,FALSE,FALSE,FALSE,FALSE,FALSE,FALSE,FALSE,1,0
clean-sms-forwarding,TRUE,FALSE,FALSE,,FALSE,,None,GitHub Actions,,FALSE,FALSE,FALSE,FALSE,FALSE,FALSE,FALSE,FALSE,FALSE,FALSE,FALSE,FALSE,FALSE,FALSE,FALSE,FALSE,FALSE,1,0
cleaner,TRUE,FALSE,FALSE,,FALSE,,None,GitHub Actions,,FALSE,FALSE,FALSE,FALSE,FALSE,FALSE,FALSE,FALSE,FALSE,FALSE,FALSE,FALSE,FALSE,FALSE,FALSE,FALSE,FALSE,1,0
cleantodo,FALSE,FALSE,FALSE,,FALSE,,None,CircleCI,,FALSE,FALSE,FALSE,FALSE,FALSE,FALSE,FALSE,FALSE,FALSE,FALSE,FALSE,FALSE,FALSE,FALSE,FALSE,FALSE,FALSE,1,0
clear-todolist,FALSE,FALSE,FALSE,,FALSE,,None,Travis CI,,FALSE,FALSE,FALSE,FALSE,FALSE,FALSE,FALSE,FALSE,FALSE,FALSE,FALSE,FALSE,FALSE,FALSE,FALSE,FALSE,FALSE,1,0
click,FALSE,FALSE,FALSE,,FALSE,,None,Travis CI,,FALSE,FALSE,FALSE,FALSE,FALSE,FALSE,FALSE,FALSE,FALSE,FALSE,FALSE,FALSE,FALSE,FALSE,FALSE,FALSE,FALSE,1,0
clicli-dark,FALSE,FALSE,FALSE,,FALSE,,None,"GitHub Actions, Travis CI",,FALSE,FALSE,FALSE,FALSE,FALSE,FALSE,FALSE,FALSE,FALSE,FALSE,FALSE,FALSE,FALSE,FALSE,FALSE,FALSE,FALSE,2,2
client,TRUE,FALSE,FALSE,,FALSE,,None,"GitHub Actions, Travis CI",,FALSE,FALSE,FALSE,FALSE,FALSE,FALSE,FALSE,FALSE,FALSE,FALSE,FALSE,FALSE,FALSE,FALSE,FALSE,FALSE,FALSE,5,0
client-android,TRUE,TRUE,FALSE,,TRUE,Travis CI_emulator_manual,Manual_ThirdParty,Travis CI,Travis CI,FALSE,FALSE,FALSE,FALSE,FALSE,FALSE,FALSE,FALSE,FALSE,FALSE,FALSE,FALSE,FALSE,FALSE,FALSE,FALSE,FALSE,1,0
clipboard,TRUE,FALSE,FALSE,,FALSE,,None,GitHub Actions,,FALSE,FALSE,FALSE,FALSE,FALSE,FALSE,FALSE,FALSE,FALSE,FALSE,FALSE,FALSE,FALSE,FALSE,FALSE,FALSE,FALSE,1,0
clipboardcleaner,TRUE,FALSE,FALSE,,FALSE,,None,GitHub Actions,,FALSE,FALSE,FALSE,FALSE,FALSE,FALSE,FALSE,FALSE,FALSE,FALSE,FALSE,FALSE,FALSE,FALSE,FALSE,FALSE,FALSE,1,0
clipboardzanager,TRUE,FALSE,FALSE,,FALSE,,None,GitHub Actions,,FALSE,FALSE,FALSE,FALSE,FALSE,FALSE,FALSE,FALSE,FALSE,FALSE,FALSE,FALSE,FALSE,FALSE,FALSE,FALSE,FALSE,1,0
clipeus,TRUE,FALSE,FALSE,,FALSE,,None,GitHub Actions,,FALSE,FALSE,FALSE,FALSE,FALSE,FALSE,FALSE,FALSE,FALSE,FALSE,FALSE,FALSE,FALSE,FALSE,FALSE,FALSE,FALSE,2,0
cloud-launcher,TRUE,FALSE,FALSE,,FALSE,,None,GitHub Actions,,FALSE,FALSE,FALSE,FALSE,FALSE,FALSE,FALSE,FALSE,FALSE,FALSE,FALSE,FALSE,FALSE,FALSE,FALSE,FALSE,FALSE,1,0
cloudinary_android,TRUE,TRUE,FALSE,,TRUE,Travis CI_emulator_manual,Manual_ThirdParty,Travis CI,Travis CI,FALSE,FALSE,FALSE,FALSE,FALSE,FALSE,FALSE,FALSE,FALSE,FALSE,FALSE,FALSE,FALSE,FALSE,FALSE,FALSE,FALSE,1,0
cloudy,TRUE,FALSE,FALSE,,FALSE,,None,GitHub Actions,,FALSE,FALSE,FALSE,FALSE,FALSE,FALSE,FALSE,FALSE,FALSE,FALSE,FALSE,FALSE,FALSE,FALSE,FALSE,FALSE,FALSE,1,0
club-android,TRUE,FALSE,FALSE,,FALSE,,None,GitHub Actions,,FALSE,FALSE,FALSE,FALSE,FALSE,FALSE,FALSE,FALSE,FALSE,FALSE,FALSE,FALSE,FALSE,FALSE,FALSE,FALSE,FALSE,1,0
clustmpay-sih2019,TRUE,FALSE,FALSE,,FALSE,,None,GitHub Actions,,FALSE,FALSE,FALSE,FALSE,FALSE,FALSE,FALSE,FALSE,FALSE,FALSE,FALSE,FALSE,FALSE,FALSE,FALSE,FALSE,FALSE,1,0
cmput301f22t06_team_project,TRUE,FALSE,FALSE,,FALSE,,None,GitHub Actions,,FALSE,FALSE,FALSE,FALSE,FALSE,FALSE,FALSE,FALSE,FALSE,FALSE,FALSE,FALSE,FALSE,FALSE,FALSE,FALSE,FALSE,1,0
cms-android,TRUE,FALSE,FALSE,,FALSE,,None,GitHub Actions,,FALSE,FALSE,FALSE,FALSE,FALSE,FALSE,FALSE,FALSE,FALSE,FALSE,FALSE,FALSE,FALSE,FALSE,FALSE,FALSE,FALSE,1,0
cms-mobile,FALSE,FALSE,FALSE,,FALSE,,None,GitLab CI,,FALSE,FALSE,FALSE,FALSE,FALSE,FALSE,FALSE,FALSE,FALSE,FALSE,FALSE,FALSE,FALSE,FALSE,FALSE,FALSE,FALSE,1,0
cnode-material-design,FALSE,FALSE,FALSE,,FALSE,,None,Travis CI,,FALSE,FALSE,FALSE,FALSE,FALSE,FALSE,FALSE,FALSE,FALSE,FALSE,FALSE,FALSE,FALSE,FALSE,FALSE,FALSE,FALSE,1,0
cnpj_company,TRUE,FALSE,FALSE,,FALSE,,None,GitHub Actions,,FALSE,FALSE,FALSE,FALSE,FALSE,FALSE,FALSE,FALSE,FALSE,FALSE,FALSE,FALSE,FALSE,FALSE,FALSE,FALSE,FALSE,2,0
cobadge,TRUE,FALSE,FALSE,,FALSE,,None,GitHub Actions,,FALSE,FALSE,FALSE,FALSE,FALSE,FALSE,FALSE,FALSE,FALSE,FALSE,FALSE,FALSE,FALSE,FALSE,FALSE,FALSE,FALSE,1,0
cocoa-android,TRUE,TRUE,TRUE,GitHub_emulator_full,FALSE,,GitHub_Hosted,GitHub Actions,GitHub Actions,FALSE,FALSE,FALSE,FALSE,FALSE,FALSE,FALSE,FALSE,FALSE,FALSE,FALSE,FALSE,FALSE,FALSE,FALSE,FALSE,FALSE,1,0
cocwallpaper-android-,TRUE,FALSE,FALSE,,FALSE,,None,GitHub Actions,,FALSE,FALSE,FALSE,FALSE,FALSE,FALSE,FALSE,FALSE,FALSE,FALSE,FALSE,FALSE,FALSE,FALSE,FALSE,FALSE,FALSE,1,0
code-scanner,TRUE,FALSE,FALSE,,FALSE,,None,GitHub Actions,,FALSE,FALSE,FALSE,FALSE,FALSE,FALSE,FALSE,FALSE,FALSE,FALSE,FALSE,FALSE,FALSE,FALSE,FALSE,FALSE,FALSE,3,0
code_wars_android,FALSE,FALSE,FALSE,,FALSE,,None,Travis CI,,FALSE,FALSE,FALSE,FALSE,FALSE,FALSE,FALSE,FALSE,FALSE,FALSE,FALSE,FALSE,FALSE,FALSE,FALSE,FALSE,FALSE,1,0
codeblitzapp,TRUE,FALSE,FALSE,,FALSE,,None,GitHub Actions,,FALSE,FALSE,FALSE,FALSE,FALSE,FALSE,FALSE,FALSE,FALSE,FALSE,FALSE,FALSE,FALSE,FALSE,FALSE,FALSE,FALSE,1,0
codeedittext,TRUE,FALSE,FALSE,,FALSE,,None,GitHub Actions,,FALSE,FALSE,FALSE,FALSE,FALSE,FALSE,FALSE,FALSE,FALSE,FALSE,FALSE,FALSE,FALSE,FALSE,FALSE,FALSE,FALSE,1,0
coffee,TRUE,FALSE,FALSE,,FALSE,,None,GitHub Actions,,FALSE,FALSE,FALSE,FALSE,FALSE,FALSE,FALSE,FALSE,FALSE,FALSE,FALSE,FALSE,FALSE,FALSE,FALSE,FALSE,FALSE,3,0
coffeebreaker,TRUE,FALSE,FALSE,,FALSE,,None,GitHub Actions,,FALSE,FALSE,FALSE,FALSE,FALSE,FALSE,FALSE,FALSE,FALSE,FALSE,FALSE,FALSE,FALSE,FALSE,FALSE,FALSE,FALSE,2,0
coffeecutie,TRUE,FALSE,FALSE,,FALSE,,None,"GitHub Actions, Travis CI, Unknown",,FALSE,FALSE,FALSE,FALSE,FALSE,FALSE,FALSE,FALSE,FALSE,FALSE,FALSE,FALSE,FALSE,FALSE,FALSE,FALSE,FALSE,5,1
coffeedrinkswithjetpackcompose,TRUE,TRUE,TRUE,GitHub_emulator_full,FALSE,,GitHub_Hosted,GitHub Actions,GitHub Actions,FALSE,FALSE,FALSE,FALSE,FALSE,FALSE,FALSE,FALSE,FALSE,FALSE,FALSE,FALSE,TRUE,FALSE,FALSE,FALSE,1,2,0
cofi,TRUE,TRUE,TRUE,GitHub_emulator_full,FALSE,,"GitHub_Hosted, None",GitHub Actions,GitHub Actions,FALSE,FALSE,FALSE,FALSE,FALSE,FALSE,FALSE,FALSE,FALSE,FALSE,FALSE,TRUE,FALSE,FALSE,FALSE,FALSE,1,4,0
coil-imagegetter,TRUE,FALSE,FALSE,,FALSE,,None,GitHub Actions,,FALSE,FALSE,FALSE,FALSE,FALSE,FALSE,FALSE,FALSE,FALSE,FALSE,FALSE,FALSE,FALSE,FALSE,FALSE,FALSE,FALSE,1,0
coincap,TRUE,TRUE,TRUE,GitHub_GMD,FALSE,,GitHub_Hosted,GitHub Actions,GitHub Actions,FALSE,FALSE,FALSE,FALSE,FALSE,FALSE,FALSE,FALSE,FALSE,FALSE,FALSE,FALSE,FALSE,FALSE,FALSE,FALSE,FALSE,1,0
collapsible-calendar-view-android,TRUE,FALSE,FALSE,,FALSE,,None,GitHub Actions,,FALSE,FALSE,FALSE,FALSE,FALSE,FALSE,FALSE,FALSE,FALSE,FALSE,FALSE,FALSE,FALSE,FALSE,FALSE,FALSE,FALSE,1,0
collinsdictionary,TRUE,FALSE,FALSE,,FALSE,,None,GitHub Actions,,FALSE,FALSE,FALSE,FALSE,FALSE,FALSE,FALSE,FALSE,FALSE,FALSE,FALSE,FALSE,FALSE,FALSE,FALSE,FALSE,FALSE,1,0
colorful_notes,FALSE,FALSE,FALSE,,FALSE,,None,GitHub Actions,,FALSE,FALSE,FALSE,FALSE,FALSE,FALSE,FALSE,FALSE,FALSE,FALSE,FALSE,FALSE,FALSE,FALSE,FALSE,FALSE,FALSE,1,0
colorosnotifyicon,TRUE,FALSE,FALSE,,FALSE,,None,GitHub Actions,,FALSE,FALSE,FALSE,FALSE,FALSE,FALSE,FALSE,FALSE,FALSE,FALSE,FALSE,FALSE,FALSE,FALSE,FALSE,FALSE,FALSE,2,0
colorpicker,FALSE,FALSE,FALSE,,FALSE,,None,Travis CI,,FALSE,FALSE,FALSE,FALSE,FALSE,FALSE,FALSE,FALSE,FALSE,FALSE,FALSE,FALSE,FALSE,FALSE,FALSE,FALSE,FALSE,1,0
colors_ai,TRUE,FALSE,FALSE,,FALSE,,None,GitHub Actions,,FALSE,FALSE,FALSE,FALSE,FALSE,FALSE,FALSE,FALSE,FALSE,FALSE,FALSE,FALSE,FALSE,FALSE,FALSE,FALSE,FALSE,8,0
colorwaver,TRUE,FALSE,FALSE,,FALSE,,None,GitHub Actions,,FALSE,FALSE,FALSE,FALSE,FALSE,FALSE,FALSE,FALSE,FALSE,FALSE,FALSE,FALSE,FALSE,FALSE,FALSE,FALSE,FALSE,5,0
comicsapp,TRUE,FALSE,FALSE,,FALSE,,None,Travis CI,,FALSE,FALSE,FALSE,FALSE,FALSE,FALSE,FALSE,FALSE,FALSE,FALSE,FALSE,FALSE,FALSE,FALSE,FALSE,FALSE,FALSE,1,0
commcare-android,TRUE,FALSE,FALSE,,FALSE,,None,GitHub Actions,,FALSE,FALSE,FALSE,FALSE,FALSE,FALSE,FALSE,FALSE,FALSE,FALSE,FALSE,FALSE,FALSE,FALSE,FALSE,FALSE,FALSE,2,0
comp0016_2020_21_team25,TRUE,FALSE,FALSE,,FALSE,,None,GitHub Actions,,FALSE,FALSE,FALSE,FALSE,FALSE,FALSE,FALSE,FALSE,FALSE,FALSE,FALSE,FALSE,FALSE,FALSE,FALSE,FALSE,FALSE,3,0
comp0016_2020_21_team26,TRUE,FALSE,FALSE,,FALSE,,None,GitHub Actions,,FALSE,FALSE,FALSE,FALSE,FALSE,FALSE,FALSE,FALSE,FALSE,FALSE,FALSE,FALSE,FALSE,FALSE,FALSE,FALSE,FALSE,1,0
companion-for-band,TRUE,FALSE,FALSE,,FALSE,,None,Travis CI,,FALSE,FALSE,FALSE,FALSE,FALSE,FALSE,FALSE,FALSE,FALSE,FALSE,FALSE,FALSE,FALSE,FALSE,FALSE,FALSE,FALSE,1,0
compose-breakingbad,TRUE,FALSE,FALSE,,FALSE,,None,GitHub Actions,,FALSE,FALSE,FALSE,FALSE,FALSE,FALSE,FALSE,FALSE,FALSE,FALSE,FALSE,FALSE,FALSE,FALSE,FALSE,FALSE,FALSE,1,0
compose-challenges,TRUE,TRUE,TRUE,GitHub_emulator_full,FALSE,,GitHub_Hosted,GitHub Actions,GitHub Actions,FALSE,FALSE,FALSE,FALSE,TRUE,FALSE,FALSE,TRUE,FALSE,FALSE,TRUE,FALSE,FALSE,FALSE,FALSE,FALSE,3,1,0
compose-color-picker,TRUE,FALSE,FALSE,,FALSE,,None,GitHub Actions,,FALSE,FALSE,FALSE,FALSE,FALSE,FALSE,FALSE,FALSE,FALSE,FALSE,FALSE,FALSE,FALSE,FALSE,FALSE,FALSE,FALSE,2,0
compose-kotlin-repositories,TRUE,TRUE,TRUE,"GitHub Actions_emulator_manual, GitHub_emulator_full",FALSE,,GitHub_Hosted,GitHub Actions,GitHub Actions,FALSE,FALSE,FALSE,FALSE,FALSE,FALSE,FALSE,FALSE,FALSE,FALSE,TRUE,FALSE,FALSE,FALSE,FALSE,FALSE,1,1,0
compose-lobsters,TRUE,FALSE,FALSE,,FALSE,,None,GitHub Actions,,FALSE,FALSE,FALSE,FALSE,FALSE,FALSE,FALSE,FALSE,FALSE,FALSE,FALSE,FALSE,FALSE,FALSE,FALSE,FALSE,FALSE,3,0
compose-material-dialogs,TRUE,TRUE,TRUE,GitHub_emulator_full,FALSE,,"GitHub_Hosted, None",GitHub Actions,GitHub Actions,FALSE,FALSE,FALSE,FALSE,FALSE,FALSE,FALSE,FALSE,FALSE,TRUE,FALSE,FALSE,FALSE,FALSE,FALSE,FALSE,1,2,0
compose-scrobbler,TRUE,TRUE,TRUE,GitHub_emulator_full,FALSE,,"GitHub_Hosted, None",GitHub Actions,GitHub Actions,FALSE,FALSE,FALSE,FALSE,FALSE,FALSE,FALSE,FALSE,FALSE,FALSE,TRUE,FALSE,FALSE,FALSE,FALSE,FALSE,1,2,0
compose-timer,TRUE,TRUE,TRUE,GitHub_emulator_full,FALSE,,GitHub_Hosted,GitHub Actions,GitHub Actions,FALSE,FALSE,FALSE,FALSE,TRUE,FALSE,FALSE,TRUE,FALSE,FALSE,TRUE,FALSE,FALSE,FALSE,FALSE,FALSE,3,1,0
compose-ui-book,TRUE,FALSE,FALSE,,FALSE,,None,GitHub Actions,,FALSE,FALSE,FALSE,FALSE,FALSE,FALSE,FALSE,FALSE,FALSE,FALSE,FALSE,FALSE,FALSE,FALSE,FALSE,FALSE,FALSE,3,0
composethemeswitch,TRUE,FALSE,FALSE,,FALSE,,None,GitHub Actions,,FALSE,FALSE,FALSE,FALSE,FALSE,FALSE,FALSE,FALSE,FALSE,FALSE,FALSE,FALSE,FALSE,FALSE,FALSE,FALSE,FALSE,1,0
compressor,TRUE,FALSE,FALSE,,FALSE,,None,Travis CI,,FALSE,FALSE,FALSE,FALSE,FALSE,FALSE,FALSE,FALSE,FALSE,FALSE,FALSE,FALSE,FALSE,FALSE,FALSE,FALSE,FALSE,1,0
cone,TRUE,FALSE,FALSE,,FALSE,,None,Travis CI,,FALSE,FALSE,FALSE,FALSE,FALSE,FALSE,FALSE,FALSE,FALSE,FALSE,FALSE,FALSE,FALSE,FALSE,FALSE,FALSE,FALSE,1,0
conference-app-2021,TRUE,TRUE,TRUE,GitHub_emulator_full,FALSE,,"GitHub_Hosted, None",GitHub Actions,GitHub Actions,FALSE,FALSE,TRUE,FALSE,TRUE,FALSE,FALSE,TRUE,FALSE,FALSE,TRUE,FALSE,FALSE,FALSE,FALSE,FALSE,4,9,0
connectbot,TRUE,TRUE,TRUE,GitHub_emulator_full,FALSE,,"GitHub_Hosted, None",GitHub Actions,GitHub Actions,FALSE,FALSE,FALSE,FALSE,FALSE,FALSE,FALSE,FALSE,FALSE,TRUE,FALSE,FALSE,FALSE,FALSE,FALSE,FALSE,1,4,0
conning_tower,TRUE,FALSE,FALSE,,FALSE,,None,GitHub Actions,,FALSE,FALSE,FALSE,FALSE,FALSE,FALSE,FALSE,FALSE,FALSE,FALSE,FALSE,FALSE,FALSE,FALSE,FALSE,FALSE,FALSE,3,0
context_launcher,TRUE,FALSE,FALSE,,FALSE,,None,GitHub Actions,,FALSE,FALSE,FALSE,FALSE,FALSE,FALSE,FALSE,FALSE,FALSE,FALSE,FALSE,FALSE,FALSE,FALSE,FALSE,FALSE,FALSE,1,0
continuousspeechrecognition,TRUE,FALSE,FALSE,,FALSE,,None,GitHub Actions,,FALSE,FALSE,FALSE,FALSE,FALSE,FALSE,FALSE,FALSE,FALSE,FALSE,FALSE,FALSE,FALSE,FALSE,FALSE,FALSE,FALSE,1,0
converternow,TRUE,FALSE,FALSE,,FALSE,,None,GitHub Actions,,FALSE,FALSE,FALSE,FALSE,FALSE,FALSE,FALSE,FALSE,FALSE,FALSE,FALSE,FALSE,FALSE,FALSE,FALSE,FALSE,FALSE,3,0
conveyor,TRUE,FALSE,FALSE,,FALSE,,None,GitHub Actions,,FALSE,FALSE,FALSE,FALSE,FALSE,FALSE,FALSE,FALSE,FALSE,FALSE,FALSE,FALSE,FALSE,FALSE,FALSE,FALSE,FALSE,1,0
coolweather,TRUE,FALSE,FALSE,,FALSE,,None,CircleCI,,FALSE,FALSE,FALSE,FALSE,FALSE,FALSE,FALSE,FALSE,FALSE,FALSE,FALSE,FALSE,FALSE,FALSE,FALSE,FALSE,FALSE,1,0
coordinatejoker,TRUE,FALSE,FALSE,,FALSE,,None,GitHub Actions,,FALSE,FALSE,FALSE,FALSE,FALSE,FALSE,FALSE,FALSE,FALSE,FALSE,FALSE,FALSE,FALSE,FALSE,FALSE,FALSE,FALSE,2,0
corona-warn-companion-android,TRUE,FALSE,FALSE,,FALSE,,None,GitHub Actions,,FALSE,FALSE,FALSE,FALSE,FALSE,FALSE,FALSE,FALSE,FALSE,FALSE,FALSE,FALSE,FALSE,FALSE,FALSE,FALSE,FALSE,1,0
coroutineasynctask,TRUE,FALSE,FALSE,,FALSE,,None,CircleCI,,FALSE,FALSE,FALSE,FALSE,FALSE,FALSE,FALSE,FALSE,FALSE,FALSE,FALSE,FALSE,FALSE,FALSE,FALSE,FALSE,FALSE,1,0
correctly,FALSE,FALSE,FALSE,,FALSE,,None,Travis CI,,FALSE,FALSE,FALSE,FALSE,FALSE,FALSE,FALSE,FALSE,FALSE,FALSE,FALSE,FALSE,FALSE,FALSE,FALSE,FALSE,FALSE,1,0
corridor-navigation-android,TRUE,FALSE,FALSE,,FALSE,,None,Travis CI,,FALSE,FALSE,FALSE,FALSE,FALSE,FALSE,FALSE,FALSE,FALSE,FALSE,FALSE,FALSE,FALSE,FALSE,FALSE,FALSE,FALSE,1,0
cosmic-ide,TRUE,FALSE,FALSE,,FALSE,,None,GitHub Actions,,FALSE,FALSE,FALSE,FALSE,FALSE,FALSE,FALSE,FALSE,FALSE,FALSE,FALSE,FALSE,FALSE,FALSE,FALSE,FALSE,FALSE,9,0
couleurbummel,TRUE,FALSE,FALSE,,FALSE,,None,GitHub Actions,,FALSE,FALSE,FALSE,FALSE,FALSE,FALSE,FALSE,FALSE,FALSE,FALSE,FALSE,FALSE,FALSE,FALSE,FALSE,FALSE,FALSE,1,0
countdowns-android,TRUE,FALSE,FALSE,,FALSE,,None,Travis CI,,FALSE,FALSE,FALSE,FALSE,FALSE,FALSE,FALSE,FALSE,FALSE,FALSE,FALSE,FALSE,FALSE,FALSE,FALSE,FALSE,FALSE,1,0
counter,TRUE,FALSE,FALSE,,FALSE,,None,CircleCI,,FALSE,FALSE,FALSE,FALSE,FALSE,FALSE,FALSE,FALSE,FALSE,FALSE,FALSE,FALSE,FALSE,FALSE,FALSE,FALSE,FALSE,1,0
covid,TRUE,FALSE,FALSE,,FALSE,,None,GitHub Actions,,FALSE,FALSE,FALSE,FALSE,FALSE,FALSE,FALSE,FALSE,FALSE,FALSE,FALSE,FALSE,FALSE,FALSE,FALSE,FALSE,FALSE,1,0
covid-19,TRUE,FALSE,FALSE,,FALSE,,None,GitHub Actions,,FALSE,FALSE,FALSE,FALSE,FALSE,FALSE,FALSE,FALSE,FALSE,FALSE,FALSE,FALSE,FALSE,FALSE,FALSE,FALSE,FALSE,1,0
covid-19-tracker,TRUE,FALSE,FALSE,,FALSE,,None,GitHub Actions,,FALSE,FALSE,FALSE,FALSE,FALSE,FALSE,FALSE,FALSE,FALSE,FALSE,FALSE,FALSE,FALSE,FALSE,FALSE,FALSE,FALSE,1,0
covid-alert-app,TRUE,FALSE,FALSE,,FALSE,,None,GitHub Actions,,FALSE,FALSE,FALSE,FALSE,FALSE,FALSE,FALSE,FALSE,FALSE,FALSE,FALSE,FALSE,FALSE,FALSE,FALSE,FALSE,FALSE,1,0
covid19-tracker-app-kenya,TRUE,FALSE,FALSE,,FALSE,,None,GitHub Actions,,FALSE,FALSE,FALSE,FALSE,FALSE,FALSE,FALSE,FALSE,FALSE,FALSE,FALSE,FALSE,FALSE,FALSE,FALSE,FALSE,FALSE,1,0
covid_tracker,TRUE,FALSE,FALSE,,FALSE,,None,GitHub Actions,,FALSE,FALSE,FALSE,FALSE,FALSE,FALSE,FALSE,FALSE,FALSE,FALSE,FALSE,FALSE,FALSE,FALSE,FALSE,FALSE,FALSE,1,0
covidcertificate-app-android,TRUE,TRUE,FALSE,,TRUE,Browserstack,"None, ThirdParty_Service",GitHub Actions,GitHub Actions,FALSE,FALSE,FALSE,FALSE,FALSE,FALSE,FALSE,FALSE,FALSE,FALSE,FALSE,FALSE,FALSE,FALSE,FALSE,FALSE,FALSE,11,0
covidnow,TRUE,FALSE,FALSE,,FALSE,,None,GitHub Actions,,FALSE,FALSE,FALSE,FALSE,FALSE,FALSE,FALSE,FALSE,FALSE,FALSE,FALSE,FALSE,FALSE,FALSE,FALSE,FALSE,FALSE,1,0
covidtoday-android,TRUE,FALSE,FALSE,,FALSE,,None,GitHub Actions,,FALSE,FALSE,FALSE,FALSE,FALSE,FALSE,FALSE,FALSE,FALSE,FALSE,FALSE,FALSE,FALSE,FALSE,FALSE,FALSE,FALSE,1,0
cpu-info,TRUE,FALSE,FALSE,,FALSE,,None,GitHub Actions,,FALSE,FALSE,FALSE,FALSE,FALSE,FALSE,FALSE,FALSE,FALSE,FALSE,FALSE,FALSE,FALSE,FALSE,FALSE,FALSE,FALSE,1,0
cpymo,TRUE,FALSE,FALSE,,FALSE,,None,GitHub Actions,,FALSE,FALSE,FALSE,FALSE,FALSE,FALSE,FALSE,FALSE,FALSE,FALSE,FALSE,FALSE,FALSE,FALSE,FALSE,FALSE,FALSE,1,0
crawl,TRUE,FALSE,FALSE,,FALSE,,None,GitHub Actions,,FALSE,FALSE,FALSE,FALSE,FALSE,FALSE,FALSE,FALSE,FALSE,FALSE,FALSE,FALSE,FALSE,FALSE,FALSE,FALSE,FALSE,1,0
crazie,TRUE,FALSE,FALSE,,FALSE,,None,GitHub Actions,,FALSE,FALSE,FALSE,FALSE,FALSE,FALSE,FALSE,FALSE,FALSE,FALSE,FALSE,FALSE,FALSE,FALSE,FALSE,FALSE,FALSE,3,0
crime_map,TRUE,FALSE,FALSE,,FALSE,,None,GitHub Actions,,FALSE,FALSE,FALSE,FALSE,FALSE,FALSE,FALSE,FALSE,FALSE,FALSE,FALSE,FALSE,FALSE,FALSE,FALSE,FALSE,FALSE,2,0
crimsonota,TRUE,FALSE,FALSE,,FALSE,,None,GitHub Actions,,FALSE,FALSE,FALSE,FALSE,FALSE,FALSE,FALSE,FALSE,FALSE,FALSE,FALSE,FALSE,FALSE,FALSE,FALSE,FALSE,FALSE,1,0
criticalmaps-android,TRUE,FALSE,FALSE,,FALSE,,None,GitHub Actions,,FALSE,FALSE,FALSE,FALSE,FALSE,FALSE,FALSE,FALSE,FALSE,FALSE,FALSE,FALSE,FALSE,FALSE,FALSE,FALSE,FALSE,1,0
croma,TRUE,FALSE,FALSE,,FALSE,,None,GitHub Actions,,FALSE,FALSE,FALSE,FALSE,FALSE,FALSE,FALSE,FALSE,FALSE,FALSE,FALSE,FALSE,FALSE,FALSE,FALSE,FALSE,FALSE,2,0
cronet-engine,TRUE,FALSE,FALSE,,FALSE,,None,GitHub Actions,,FALSE,FALSE,FALSE,FALSE,FALSE,FALSE,FALSE,FALSE,FALSE,FALSE,FALSE,FALSE,FALSE,FALSE,FALSE,FALSE,FALSE,1,0
crossplatformvsthost,TRUE,TRUE,TRUE,GitHub_emulator_full,FALSE,,GitHub_Hosted,GitHub Actions,GitHub Actions,FALSE,FALSE,FALSE,FALSE,FALSE,FALSE,FALSE,FALSE,FALSE,TRUE,FALSE,FALSE,FALSE,FALSE,FALSE,FALSE,1,1,0
crossword,TRUE,FALSE,FALSE,,FALSE,,None,GitHub Actions,,FALSE,FALSE,FALSE,FALSE,FALSE,FALSE,FALSE,FALSE,FALSE,FALSE,FALSE,FALSE,FALSE,FALSE,FALSE,FALSE,FALSE,2,0
csdnblog,TRUE,FALSE,FALSE,,FALSE,,None,Travis CI,,FALSE,FALSE,FALSE,FALSE,FALSE,FALSE,FALSE,FALSE,FALSE,FALSE,FALSE,FALSE,FALSE,FALSE,FALSE,FALSE,FALSE,1,0
currencies,TRUE,FALSE,FALSE,,FALSE,,None,GitHub Actions,,FALSE,FALSE,FALSE,FALSE,FALSE,FALSE,FALSE,FALSE,FALSE,FALSE,FALSE,FALSE,FALSE,FALSE,FALSE,FALSE,FALSE,1,0
currency,TRUE,FALSE,FALSE,,FALSE,,None,GitHub Actions,,FALSE,FALSE,FALSE,FALSE,FALSE,FALSE,FALSE,FALSE,FALSE,FALSE,FALSE,FALSE,FALSE,FALSE,FALSE,FALSE,FALSE,2,0
currencybg,TRUE,FALSE,FALSE,,FALSE,,None,Travis CI,,FALSE,FALSE,FALSE,FALSE,FALSE,FALSE,FALSE,FALSE,FALSE,FALSE,FALSE,FALSE,FALSE,FALSE,FALSE,FALSE,FALSE,1,0
current-activity,TRUE,FALSE,FALSE,,FALSE,,None,GitHub Actions,,FALSE,FALSE,FALSE,FALSE,FALSE,FALSE,FALSE,FALSE,FALSE,FALSE,FALSE,FALSE,FALSE,FALSE,FALSE,FALSE,FALSE,2,0
curriculumvitae,TRUE,TRUE,TRUE,"GitHub Actions_emulator_manual, GitHub_emulator_full",FALSE,,"GitHub_Hosted, None",GitHub Actions,GitHub Actions,FALSE,FALSE,FALSE,FALSE,FALSE,FALSE,FALSE,TRUE,FALSE,TRUE,TRUE,TRUE,TRUE,FALSE,FALSE,FALSE,5,3,0
custombottomsheetbehavior,TRUE,TRUE,FALSE,,TRUE,Travis CI_emulator_manual,Manual_ThirdParty,Travis CI,Travis CI,FALSE,FALSE,FALSE,FALSE,FALSE,FALSE,FALSE,FALSE,FALSE,FALSE,FALSE,FALSE,FALSE,FALSE,FALSE,FALSE,FALSE,1,0
customcalendar,FALSE,FALSE,FALSE,,FALSE,,None,Travis CI,,FALSE,FALSE,FALSE,FALSE,FALSE,FALSE,FALSE,FALSE,FALSE,FALSE,FALSE,FALSE,FALSE,FALSE,FALSE,FALSE,FALSE,1,0
cv,FALSE,FALSE,FALSE,,FALSE,,None,CircleCI,,FALSE,FALSE,FALSE,FALSE,FALSE,FALSE,FALSE,FALSE,FALSE,FALSE,FALSE,FALSE,FALSE,FALSE,FALSE,FALSE,FALSE,1,0
cvcamera-mobile,TRUE,FALSE,FALSE,,FALSE,,None,GitHub Actions,,FALSE,FALSE,FALSE,FALSE,FALSE,FALSE,FALSE,FALSE,FALSE,FALSE,FALSE,FALSE,FALSE,FALSE,FALSE,FALSE,FALSE,3,0
cyirc-mobile,TRUE,FALSE,FALSE,,FALSE,,None,GitHub Actions,,FALSE,FALSE,FALSE,FALSE,FALSE,FALSE,FALSE,FALSE,FALSE,FALSE,FALSE,FALSE,FALSE,FALSE,FALSE,FALSE,FALSE,1,0
cythara,FALSE,FALSE,FALSE,,FALSE,,None,Travis CI,,FALSE,FALSE,FALSE,FALSE,FALSE,FALSE,FALSE,FALSE,FALSE,FALSE,FALSE,FALSE,FALSE,FALSE,FALSE,FALSE,FALSE,1,1
cz3002,TRUE,FALSE,FALSE,,FALSE,,None,GitHub Actions,,FALSE,FALSE,FALSE,FALSE,FALSE,FALSE,FALSE,FALSE,FALSE,FALSE,FALSE,FALSE,FALSE,FALSE,FALSE,FALSE,FALSE,1,0
daedalus,TRUE,FALSE,FALSE,,FALSE,,None,GitHub Actions,,FALSE,FALSE,FALSE,FALSE,FALSE,FALSE,FALSE,FALSE,FALSE,FALSE,FALSE,FALSE,FALSE,FALSE,FALSE,FALSE,FALSE,1,0
dagashiapp,TRUE,TRUE,TRUE,"GitHub Actions_emulator_manual, GitHub_emulator_full",FALSE,,"GitHub_Hosted, None",GitHub Actions,GitHub Actions,FALSE,FALSE,FALSE,FALSE,FALSE,FALSE,FALSE,FALSE,FALSE,FALSE,FALSE,TRUE,FALSE,FALSE,FALSE,FALSE,1,2,0
dagashiapp-android,TRUE,TRUE,TRUE,GitHub_GMD,FALSE,,"GitHub_Hosted, None",GitHub Actions,GitHub Actions,FALSE,FALSE,FALSE,FALSE,FALSE,FALSE,FALSE,FALSE,FALSE,FALSE,FALSE,FALSE,FALSE,FALSE,FALSE,FALSE,FALSE,2,0
dagda-app,TRUE,FALSE,FALSE,,FALSE,,None,GitHub Actions,,FALSE,FALSE,FALSE,FALSE,FALSE,FALSE,FALSE,FALSE,FALSE,FALSE,FALSE,FALSE,FALSE,FALSE,FALSE,FALSE,FALSE,4,0
dagger,TRUE,FALSE,FALSE,,FALSE,,None,GitHub Actions,,FALSE,FALSE,FALSE,FALSE,FALSE,FALSE,FALSE,FALSE,FALSE,FALSE,FALSE,FALSE,FALSE,FALSE,FALSE,FALSE,FALSE,1,0
daily-learning-app,TRUE,FALSE,FALSE,,FALSE,,None,GitHub Actions,,FALSE,FALSE,FALSE,FALSE,FALSE,FALSE,FALSE,FALSE,FALSE,FALSE,FALSE,FALSE,FALSE,FALSE,FALSE,FALSE,FALSE,2,0
dailyfootball,TRUE,FALSE,FALSE,,FALSE,,None,CircleCI,,FALSE,FALSE,FALSE,FALSE,FALSE,FALSE,FALSE,FALSE,FALSE,FALSE,FALSE,FALSE,FALSE,FALSE,FALSE,FALSE,FALSE,1,0
dairy-management,TRUE,TRUE,FALSE,,TRUE,Travis CI_emulator_manual,Manual_ThirdParty,Travis CI,Travis CI,FALSE,FALSE,FALSE,FALSE,FALSE,FALSE,FALSE,FALSE,FALSE,FALSE,FALSE,FALSE,FALSE,FALSE,FALSE,FALSE,FALSE,1,0
daisy,TRUE,FALSE,FALSE,,FALSE,,None,GitHub Actions,,FALSE,FALSE,FALSE,FALSE,FALSE,FALSE,FALSE,FALSE,FALSE,FALSE,FALSE,FALSE,FALSE,FALSE,FALSE,FALSE,FALSE,1,0
dandelion,TRUE,FALSE,FALSE,,FALSE,,None,GitHub Actions,,FALSE,FALSE,FALSE,FALSE,FALSE,FALSE,FALSE,FALSE,FALSE,FALSE,FALSE,FALSE,FALSE,FALSE,FALSE,FALSE,FALSE,1,0
dankchat,TRUE,FALSE,FALSE,,FALSE,,None,GitHub Actions,,FALSE,FALSE,FALSE,FALSE,FALSE,FALSE,FALSE,FALSE,FALSE,FALSE,FALSE,FALSE,FALSE,FALSE,FALSE,FALSE,FALSE,1,0
danxi,TRUE,FALSE,FALSE,,FALSE,,None,GitHub Actions,,FALSE,FALSE,FALSE,FALSE,FALSE,FALSE,FALSE,FALSE,FALSE,FALSE,FALSE,FALSE,FALSE,FALSE,FALSE,FALSE,FALSE,3,0
daqs,TRUE,FALSE,FALSE,,FALSE,,None,Travis CI,,FALSE,FALSE,FALSE,FALSE,FALSE,FALSE,FALSE,FALSE,FALSE,FALSE,FALSE,FALSE,FALSE,FALSE,FALSE,FALSE,FALSE,1,0
darkmodewallpaper,TRUE,FALSE,FALSE,,FALSE,,None,GitHub Actions,,FALSE,FALSE,FALSE,FALSE,FALSE,FALSE,FALSE,FALSE,FALSE,FALSE,FALSE,FALSE,FALSE,FALSE,FALSE,FALSE,FALSE,2,0
dart-jobs,TRUE,FALSE,FALSE,,FALSE,,None,GitHub Actions,,FALSE,FALSE,FALSE,FALSE,FALSE,FALSE,FALSE,FALSE,FALSE,FALSE,FALSE,FALSE,FALSE,FALSE,FALSE,FALSE,FALSE,5,0
dash-wallet,TRUE,FALSE,FALSE,,FALSE,,None,GitHub Actions,,FALSE,FALSE,FALSE,FALSE,FALSE,FALSE,FALSE,FALSE,FALSE,FALSE,FALSE,FALSE,FALSE,FALSE,FALSE,FALSE,FALSE,3,0
databag,TRUE,FALSE,FALSE,,FALSE,,None,GitHub Actions,,FALSE,FALSE,FALSE,FALSE,FALSE,FALSE,FALSE,FALSE,FALSE,FALSE,FALSE,FALSE,FALSE,FALSE,FALSE,FALSE,FALSE,1,0
datepickertimeline,TRUE,TRUE,TRUE,GitHub_emulator_full,FALSE,,GitHub_Hosted,GitHub Actions,GitHub Actions,FALSE,FALSE,FALSE,FALSE,FALSE,FALSE,FALSE,FALSE,FALSE,TRUE,FALSE,FALSE,FALSE,FALSE,FALSE,FALSE,1,1,0
datmusic-android,TRUE,FALSE,FALSE,,FALSE,,None,GitHub Actions,,FALSE,FALSE,FALSE,FALSE,FALSE,FALSE,FALSE,FALSE,FALSE,FALSE,FALSE,FALSE,FALSE,FALSE,FALSE,FALSE,FALSE,2,0
dawnn_client,TRUE,FALSE,FALSE,,FALSE,,None,GitHub Actions,,FALSE,FALSE,FALSE,FALSE,FALSE,FALSE,FALSE,FALSE,FALSE,FALSE,FALSE,FALSE,FALSE,FALSE,FALSE,FALSE,FALSE,2,0
days,TRUE,FALSE,FALSE,,FALSE,,None,Travis CI,,FALSE,FALSE,FALSE,FALSE,FALSE,FALSE,FALSE,FALSE,FALSE,FALSE,FALSE,FALSE,FALSE,FALSE,FALSE,FALSE,FALSE,1,0
daytomato,FALSE,FALSE,FALSE,,FALSE,,None,Unknown,,FALSE,FALSE,FALSE,FALSE,FALSE,FALSE,FALSE,FALSE,FALSE,FALSE,FALSE,FALSE,FALSE,FALSE,FALSE,FALSE,FALSE,1,0
dazzling-android-kt,FALSE,FALSE,FALSE,,FALSE,,None,Travis CI,,FALSE,FALSE,FALSE,FALSE,FALSE,FALSE,FALSE,FALSE,FALSE,FALSE,FALSE,FALSE,FALSE,FALSE,FALSE,FALSE,FALSE,1,0
dcipher-app,FALSE,FALSE,FALSE,,FALSE,,None,Travis CI,,FALSE,FALSE,FALSE,FALSE,FALSE,FALSE,FALSE,FALSE,FALSE,FALSE,FALSE,FALSE,FALSE,FALSE,FALSE,FALSE,FALSE,1,0
ddcc-validator,TRUE,FALSE,FALSE,,FALSE,,None,GitHub Actions,,FALSE,FALSE,FALSE,FALSE,FALSE,FALSE,FALSE,FALSE,FALSE,FALSE,FALSE,FALSE,FALSE,FALSE,FALSE,FALSE,FALSE,2,0
de,TRUE,FALSE,FALSE,,FALSE,,None,Travis CI,,FALSE,FALSE,FALSE,FALSE,FALSE,FALSE,FALSE,FALSE,FALSE,FALSE,FALSE,FALSE,FALSE,FALSE,FALSE,FALSE,FALSE,1,0
de-bloater,TRUE,FALSE,FALSE,,FALSE,,None,GitHub Actions,,FALSE,FALSE,FALSE,FALSE,FALSE,FALSE,FALSE,FALSE,FALSE,FALSE,FALSE,FALSE,FALSE,FALSE,FALSE,FALSE,FALSE,1,0
de-urgenta-android,TRUE,FALSE,FALSE,,FALSE,,None,GitHub Actions,,FALSE,FALSE,FALSE,FALSE,FALSE,FALSE,FALSE,FALSE,FALSE,FALSE,FALSE,FALSE,FALSE,FALSE,FALSE,FALSE,FALSE,2,0
deathprogress,TRUE,FALSE,FALSE,,FALSE,,None,GitHub Actions,,FALSE,FALSE,FALSE,FALSE,FALSE,FALSE,FALSE,FALSE,FALSE,FALSE,FALSE,FALSE,FALSE,FALSE,FALSE,FALSE,FALSE,1,0
debitum,TRUE,FALSE,FALSE,,FALSE,,None,GitHub Actions,,FALSE,FALSE,FALSE,FALSE,FALSE,FALSE,FALSE,FALSE,FALSE,FALSE,FALSE,FALSE,FALSE,FALSE,FALSE,FALSE,FALSE,1,0
debt-manager,TRUE,FALSE,FALSE,,FALSE,,None,CircleCI,,FALSE,FALSE,FALSE,FALSE,FALSE,FALSE,FALSE,FALSE,FALSE,FALSE,FALSE,FALSE,FALSE,FALSE,FALSE,FALSE,FALSE,1,0
debtr,TRUE,FALSE,FALSE,,FALSE,,None,GitHub Actions,,FALSE,FALSE,FALSE,FALSE,FALSE,FALSE,FALSE,FALSE,FALSE,FALSE,FALSE,FALSE,FALSE,FALSE,FALSE,FALSE,FALSE,2,0
debty-v2,TRUE,FALSE,FALSE,,FALSE,,None,CircleCI,,FALSE,FALSE,FALSE,FALSE,FALSE,FALSE,FALSE,FALSE,FALSE,FALSE,FALSE,FALSE,FALSE,FALSE,FALSE,FALSE,FALSE,1,0
decent,TRUE,FALSE,FALSE,,FALSE,,None,GitHub Actions,,FALSE,FALSE,FALSE,FALSE,FALSE,FALSE,FALSE,FALSE,FALSE,FALSE,FALSE,FALSE,FALSE,FALSE,FALSE,FALSE,FALSE,1,0
deckbox,TRUE,FALSE,FALSE,,FALSE,,None,GitHub Actions,,FALSE,FALSE,FALSE,FALSE,FALSE,FALSE,FALSE,FALSE,FALSE,FALSE,FALSE,FALSE,FALSE,FALSE,FALSE,FALSE,FALSE,3,0
deedum,TRUE,FALSE,FALSE,,FALSE,,None,GitHub Actions,,FALSE,FALSE,FALSE,FALSE,FALSE,FALSE,FALSE,FALSE,FALSE,FALSE,FALSE,FALSE,FALSE,FALSE,FALSE,FALSE,FALSE,1,0
deep-link-launcher,FALSE,FALSE,FALSE,,FALSE,,None,CircleCI,,FALSE,FALSE,FALSE,FALSE,FALSE,FALSE,FALSE,FALSE,FALSE,FALSE,FALSE,FALSE,FALSE,FALSE,FALSE,FALSE,FALSE,1,0
deeplandroid,TRUE,FALSE,FALSE,,FALSE,,None,GitHub Actions,,FALSE,FALSE,FALSE,FALSE,FALSE,FALSE,FALSE,FALSE,FALSE,FALSE,FALSE,FALSE,FALSE,FALSE,FALSE,FALSE,FALSE,1,0
deezerclone,TRUE,FALSE,FALSE,,FALSE,,None,GitHub Actions,,FALSE,FALSE,FALSE,FALSE,FALSE,FALSE,FALSE,FALSE,FALSE,FALSE,FALSE,FALSE,FALSE,FALSE,FALSE,FALSE,FALSE,1,0
deezerkmp,TRUE,FALSE,FALSE,,FALSE,,None,GitHub Actions,,FALSE,FALSE,FALSE,FALSE,FALSE,FALSE,FALSE,FALSE,FALSE,FALSE,FALSE,FALSE,FALSE,FALSE,FALSE,FALSE,FALSE,1,0
defiscan,TRUE,FALSE,FALSE,,FALSE,,None,GitHub Actions,,FALSE,FALSE,FALSE,FALSE,FALSE,FALSE,FALSE,FALSE,FALSE,FALSE,FALSE,FALSE,FALSE,FALSE,FALSE,FALSE,FALSE,1,0
delish,TRUE,FALSE,FALSE,,FALSE,,None,GitHub Actions,,FALSE,FALSE,FALSE,FALSE,FALSE,FALSE,FALSE,FALSE,FALSE,FALSE,FALSE,FALSE,FALSE,FALSE,FALSE,FALSE,FALSE,2,1
delock,TRUE,TRUE,FALSE,,TRUE,GitLab CI_emulator_manual,"Manual_ThirdParty, None","GitHub Actions, GitLab CI",GitLab CI,FALSE,FALSE,FALSE,FALSE,FALSE,FALSE,FALSE,FALSE,FALSE,FALSE,FALSE,FALSE,FALSE,FALSE,FALSE,FALSE,FALSE,2,0
deltacamera,TRUE,FALSE,FALSE,,FALSE,,None,GitHub Actions,,FALSE,FALSE,FALSE,FALSE,FALSE,FALSE,FALSE,FALSE,FALSE,FALSE,FALSE,FALSE,FALSE,FALSE,FALSE,FALSE,FALSE,1,0
demixr-app,TRUE,FALSE,FALSE,,FALSE,,None,GitHub Actions,,FALSE,FALSE,FALSE,FALSE,FALSE,FALSE,FALSE,FALSE,FALSE,FALSE,FALSE,FALSE,FALSE,FALSE,FALSE,FALSE,FALSE,1,0
designoverlay-android,FALSE,FALSE,FALSE,,FALSE,,None,Travis CI,,FALSE,FALSE,FALSE,FALSE,FALSE,FALSE,FALSE,FALSE,FALSE,FALSE,FALSE,FALSE,FALSE,FALSE,FALSE,FALSE,FALSE,1,0
detective-droid,TRUE,FALSE,FALSE,,FALSE,,None,"CircleCI, GitHub Actions",,FALSE,FALSE,FALSE,FALSE,FALSE,FALSE,FALSE,FALSE,FALSE,FALSE,FALSE,FALSE,FALSE,FALSE,FALSE,FALSE,FALSE,2,0
detoxiom,FALSE,FALSE,FALSE,,FALSE,,None,Travis CI,,FALSE,FALSE,FALSE,FALSE,FALSE,FALSE,FALSE,FALSE,FALSE,FALSE,FALSE,FALSE,FALSE,FALSE,FALSE,FALSE,FALSE,1,0
dev-feed,TRUE,FALSE,FALSE,,FALSE,,None,GitHub Actions,,FALSE,FALSE,FALSE,FALSE,FALSE,FALSE,FALSE,FALSE,FALSE,FALSE,FALSE,FALSE,FALSE,FALSE,FALSE,FALSE,FALSE,3,0
dev-tiles,TRUE,FALSE,FALSE,,FALSE,,None,CircleCI,,FALSE,FALSE,FALSE,FALSE,FALSE,FALSE,FALSE,FALSE,FALSE,FALSE,FALSE,FALSE,FALSE,FALSE,FALSE,FALSE,FALSE,1,0
developers-portfolio,TRUE,FALSE,FALSE,,FALSE,,None,GitHub Actions,,FALSE,FALSE,FALSE,FALSE,FALSE,FALSE,FALSE,FALSE,FALSE,FALSE,FALSE,FALSE,FALSE,FALSE,FALSE,FALSE,FALSE,1,0
development_learning,TRUE,FALSE,FALSE,,FALSE,,None,GitHub Actions,,FALSE,FALSE,FALSE,FALSE,FALSE,FALSE,FALSE,FALSE,FALSE,FALSE,FALSE,FALSE,FALSE,FALSE,FALSE,FALSE,FALSE,7,0
devhub,FALSE,FALSE,FALSE,,FALSE,,None,Travis CI,,FALSE,FALSE,FALSE,FALSE,FALSE,FALSE,FALSE,FALSE,FALSE,FALSE,FALSE,FALSE,FALSE,FALSE,FALSE,FALSE,FALSE,1,0
deviantart,TRUE,FALSE,FALSE,,FALSE,,None,GitHub Actions,,FALSE,FALSE,FALSE,FALSE,FALSE,FALSE,FALSE,FALSE,FALSE,FALSE,FALSE,FALSE,FALSE,FALSE,FALSE,FALSE,FALSE,1,0
devstat,TRUE,FALSE,FALSE,,FALSE,,None,GitHub Actions,,FALSE,FALSE,FALSE,FALSE,FALSE,FALSE,FALSE,FALSE,FALSE,FALSE,FALSE,FALSE,FALSE,FALSE,FALSE,FALSE,FALSE,1,0
devto-android,TRUE,FALSE,FALSE,,FALSE,,None,GitHub Actions,,FALSE,FALSE,FALSE,FALSE,FALSE,FALSE,FALSE,FALSE,FALSE,FALSE,FALSE,FALSE,FALSE,FALSE,FALSE,FALSE,FALSE,1,0
dexter,TRUE,FALSE,FALSE,,FALSE,,None,GitHub Actions,,FALSE,FALSE,FALSE,FALSE,FALSE,FALSE,FALSE,FALSE,FALSE,FALSE,FALSE,FALSE,FALSE,FALSE,FALSE,FALSE,FALSE,2,0
dfm,TRUE,FALSE,FALSE,,FALSE,,None,"CircleCI, GitHub Actions",,FALSE,FALSE,FALSE,FALSE,FALSE,FALSE,FALSE,FALSE,FALSE,FALSE,FALSE,FALSE,FALSE,FALSE,FALSE,FALSE,FALSE,3,0
diagonal-imageview,FALSE,FALSE,FALSE,,FALSE,,None,Travis CI,,FALSE,FALSE,FALSE,FALSE,FALSE,FALSE,FALSE,FALSE,FALSE,FALSE,FALSE,FALSE,FALSE,FALSE,FALSE,FALSE,FALSE,1,0
diaguard,TRUE,FALSE,FALSE,,FALSE,,None,GitHub Actions,,FALSE,FALSE,FALSE,FALSE,FALSE,FALSE,FALSE,FALSE,FALSE,FALSE,FALSE,FALSE,FALSE,FALSE,FALSE,FALSE,FALSE,1,0
dial-dial,TRUE,FALSE,FALSE,,FALSE,,None,GitHub Actions,,FALSE,FALSE,FALSE,FALSE,FALSE,FALSE,FALSE,FALSE,FALSE,FALSE,FALSE,FALSE,FALSE,FALSE,FALSE,FALSE,FALSE,1,0
dialerloading,FALSE,FALSE,FALSE,,FALSE,,None,Travis CI,,FALSE,FALSE,FALSE,FALSE,FALSE,FALSE,FALSE,FALSE,FALSE,FALSE,FALSE,FALSE,FALSE,FALSE,FALSE,FALSE,FALSE,1,0
dialogmusicplayer,TRUE,FALSE,FALSE,,FALSE,,None,GitHub Actions,,FALSE,FALSE,FALSE,FALSE,FALSE,FALSE,FALSE,FALSE,FALSE,FALSE,FALSE,FALSE,FALSE,FALSE,FALSE,FALSE,FALSE,1,0
dialogplus,FALSE,FALSE,FALSE,,FALSE,,None,Travis CI,,FALSE,FALSE,FALSE,FALSE,FALSE,FALSE,FALSE,FALSE,FALSE,FALSE,FALSE,FALSE,FALSE,FALSE,FALSE,FALSE,FALSE,1,0
dialogue,TRUE,TRUE,TRUE,GitHub_emulator_full,FALSE,,GitHub_Hosted,GitHub Actions,GitHub Actions,FALSE,FALSE,FALSE,FALSE,TRUE,FALSE,FALSE,TRUE,FALSE,FALSE,FALSE,TRUE,FALSE,FALSE,FALSE,FALSE,3,1,0
diary,TRUE,FALSE,FALSE,,FALSE,,None,Travis CI,,FALSE,FALSE,FALSE,FALSE,FALSE,FALSE,FALSE,FALSE,FALSE,FALSE,FALSE,FALSE,FALSE,FALSE,FALSE,FALSE,FALSE,1,0
diceoverflow,TRUE,TRUE,FALSE,,TRUE,Travis CI_emulator_manual,Manual_ThirdParty,Travis CI,Travis CI,FALSE,FALSE,FALSE,FALSE,FALSE,FALSE,FALSE,FALSE,FALSE,FALSE,FALSE,FALSE,FALSE,FALSE,FALSE,FALSE,FALSE,1,0
dictionary,TRUE,FALSE,FALSE,,FALSE,,None,GitHub Actions,,FALSE,FALSE,FALSE,FALSE,FALSE,FALSE,FALSE,FALSE,FALSE,FALSE,FALSE,FALSE,FALSE,FALSE,FALSE,FALSE,FALSE,1,0
dictionary-app,TRUE,FALSE,FALSE,,FALSE,,None,CircleCI,,FALSE,FALSE,FALSE,FALSE,FALSE,FALSE,FALSE,FALSE,FALSE,FALSE,FALSE,FALSE,FALSE,FALSE,FALSE,FALSE,FALSE,1,0
didaktikapp,TRUE,FALSE,FALSE,,FALSE,,None,GitHub Actions,,FALSE,FALSE,FALSE,FALSE,FALSE,FALSE,FALSE,FALSE,FALSE,FALSE,FALSE,FALSE,FALSE,FALSE,FALSE,FALSE,FALSE,1,0
digiview-android,TRUE,FALSE,FALSE,,FALSE,,None,GitHub Actions,,FALSE,FALSE,FALSE,FALSE,FALSE,FALSE,FALSE,FALSE,FALSE,FALSE,FALSE,FALSE,FALSE,FALSE,FALSE,FALSE,FALSE,1,0
dimba,FALSE,FALSE,FALSE,,FALSE,,None,Travis CI,,FALSE,FALSE,FALSE,FALSE,FALSE,FALSE,FALSE,FALSE,FALSE,FALSE,FALSE,FALSE,FALSE,FALSE,FALSE,FALSE,FALSE,1,0
dinewell-carehome-app,TRUE,FALSE,FALSE,,FALSE,,None,Travis CI,,FALSE,FALSE,FALSE,FALSE,FALSE,FALSE,FALSE,FALSE,FALSE,FALSE,FALSE,FALSE,FALSE,FALSE,FALSE,FALSE,FALSE,1,0
dira,TRUE,FALSE,FALSE,,FALSE,,None,GitHub Actions,,FALSE,FALSE,FALSE,FALSE,FALSE,FALSE,FALSE,FALSE,FALSE,FALSE,FALSE,FALSE,FALSE,FALSE,FALSE,FALSE,FALSE,1,0
direct-net-share,FALSE,FALSE,FALSE,,FALSE,,None,Travis CI,,FALSE,FALSE,FALSE,FALSE,FALSE,FALSE,FALSE,FALSE,FALSE,FALSE,FALSE,FALSE,FALSE,FALSE,FALSE,FALSE,FALSE,1,0
discordjetpackcompose,TRUE,FALSE,FALSE,,FALSE,,None,GitHub Actions,,FALSE,FALSE,FALSE,FALSE,FALSE,FALSE,FALSE,FALSE,FALSE,FALSE,FALSE,FALSE,FALSE,FALSE,FALSE,FALSE,FALSE,1,0
discreet-launcher,TRUE,FALSE,FALSE,,FALSE,,None,GitHub Actions,,FALSE,FALSE,FALSE,FALSE,FALSE,FALSE,FALSE,FALSE,FALSE,FALSE,FALSE,FALSE,FALSE,FALSE,FALSE,FALSE,FALSE,1,0
discusim,FALSE,FALSE,FALSE,,FALSE,,None,CircleCI,,FALSE,FALSE,FALSE,FALSE,FALSE,FALSE,FALSE,FALSE,FALSE,FALSE,FALSE,FALSE,FALSE,FALSE,FALSE,FALSE,FALSE,1,0
discuzhub,TRUE,FALSE,FALSE,,FALSE,,None,GitHub Actions,,FALSE,FALSE,FALSE,FALSE,FALSE,FALSE,FALSE,FALSE,FALSE,FALSE,FALSE,FALSE,FALSE,FALSE,FALSE,FALSE,FALSE,2,0
disneymotions,TRUE,FALSE,FALSE,,FALSE,,None,GitHub Actions,,FALSE,FALSE,FALSE,FALSE,FALSE,FALSE,FALSE,FALSE,FALSE,FALSE,FALSE,FALSE,FALSE,FALSE,FALSE,FALSE,FALSE,1,0
display-nearby-places-ar-android,TRUE,FALSE,FALSE,,FALSE,,None,GitHub Actions,,FALSE,FALSE,FALSE,FALSE,FALSE,FALSE,FALSE,FALSE,FALSE,FALSE,FALSE,FALSE,FALSE,FALSE,FALSE,FALSE,FALSE,1,0
distantworlds-muzei,TRUE,FALSE,FALSE,,FALSE,,None,GitHub Actions,,FALSE,FALSE,FALSE,FALSE,FALSE,FALSE,FALSE,FALSE,FALSE,FALSE,FALSE,FALSE,FALSE,FALSE,FALSE,FALSE,FALSE,2,0
ditonton,TRUE,FALSE,FALSE,,FALSE,,None,GitHub Actions,,FALSE,FALSE,FALSE,FALSE,FALSE,FALSE,FALSE,FALSE,FALSE,FALSE,FALSE,FALSE,FALSE,FALSE,FALSE,FALSE,FALSE,1,0
dividerseekbar,TRUE,FALSE,FALSE,,FALSE,,None,GitHub Actions,,FALSE,FALSE,FALSE,FALSE,FALSE,FALSE,FALSE,FALSE,FALSE,FALSE,FALSE,FALSE,FALSE,FALSE,FALSE,FALSE,FALSE,1,0
dmix,FALSE,FALSE,FALSE,,FALSE,,None,Travis CI,,FALSE,FALSE,FALSE,FALSE,FALSE,FALSE,FALSE,FALSE,FALSE,FALSE,FALSE,FALSE,FALSE,FALSE,FALSE,FALSE,FALSE,1,0
dms-android,TRUE,FALSE,FALSE,,FALSE,,None,GitHub Actions,,FALSE,FALSE,FALSE,FALSE,FALSE,FALSE,FALSE,FALSE,FALSE,FALSE,FALSE,FALSE,FALSE,FALSE,FALSE,FALSE,FALSE,1,0
dndplayer,TRUE,FALSE,FALSE,,FALSE,,None,GitHub Actions,,FALSE,FALSE,FALSE,FALSE,FALSE,FALSE,FALSE,FALSE,FALSE,FALSE,FALSE,FALSE,FALSE,FALSE,FALSE,FALSE,FALSE,1,0
dns66,TRUE,FALSE,FALSE,,FALSE,,None,"GitHub Actions, Travis CI",,FALSE,FALSE,FALSE,FALSE,FALSE,FALSE,FALSE,FALSE,FALSE,FALSE,FALSE,FALSE,FALSE,FALSE,FALSE,FALSE,FALSE,2,0
dnshero,TRUE,FALSE,FALSE,,FALSE,,None,GitHub Actions,,FALSE,FALSE,FALSE,FALSE,FALSE,FALSE,FALSE,FALSE,FALSE,FALSE,FALSE,FALSE,FALSE,FALSE,FALSE,FALSE,FALSE,1,0
documentocr,TRUE,TRUE,FALSE,,TRUE,Travis CI_emulator_manual,Manual_ThirdParty,Travis CI,Travis CI,FALSE,FALSE,FALSE,FALSE,FALSE,FALSE,FALSE,FALSE,FALSE,FALSE,FALSE,FALSE,FALSE,FALSE,FALSE,FALSE,FALSE,1,0
dodroid,TRUE,FALSE,FALSE,,FALSE,,None,CircleCI,,FALSE,FALSE,FALSE,FALSE,FALSE,FALSE,FALSE,FALSE,FALSE,FALSE,FALSE,FALSE,FALSE,FALSE,FALSE,FALSE,FALSE,1,0
dokuwikiandroid,TRUE,FALSE,FALSE,,FALSE,,None,"GitHub Actions, GitLab CI",,FALSE,FALSE,FALSE,FALSE,FALSE,FALSE,FALSE,FALSE,FALSE,FALSE,FALSE,FALSE,FALSE,FALSE,FALSE,FALSE,FALSE,2,0
domaine-nc-mobile,TRUE,FALSE,FALSE,,FALSE,,None,GitHub Actions,,FALSE,FALSE,FALSE,FALSE,FALSE,FALSE,FALSE,FALSE,FALSE,FALSE,FALSE,FALSE,FALSE,FALSE,FALSE,FALSE,FALSE,3,0
domodroid,FALSE,FALSE,FALSE,,FALSE,,None,Travis CI,,FALSE,FALSE,FALSE,FALSE,FALSE,FALSE,FALSE,FALSE,FALSE,FALSE,FALSE,FALSE,FALSE,FALSE,FALSE,FALSE,FALSE,1,0
donezo,TRUE,FALSE,FALSE,,FALSE,,None,GitHub Actions,,FALSE,FALSE,FALSE,FALSE,FALSE,FALSE,FALSE,FALSE,FALSE,FALSE,FALSE,FALSE,FALSE,FALSE,FALSE,FALSE,FALSE,1,0
doubanmovie,TRUE,FALSE,FALSE,,FALSE,,None,GitHub Actions,,FALSE,FALSE,FALSE,FALSE,FALSE,FALSE,FALSE,FALSE,FALSE,FALSE,FALSE,FALSE,FALSE,FALSE,FALSE,FALSE,FALSE,1,0
douya,FALSE,FALSE,FALSE,,FALSE,,None,Travis CI,,FALSE,FALSE,FALSE,FALSE,FALSE,FALSE,FALSE,FALSE,FALSE,FALSE,FALSE,FALSE,FALSE,FALSE,FALSE,FALSE,FALSE,1,0
dowel,TRUE,FALSE,FALSE,,FALSE,,None,GitHub Actions,,FALSE,FALSE,FALSE,FALSE,FALSE,FALSE,FALSE,FALSE,FALSE,FALSE,FALSE,FALSE,FALSE,FALSE,FALSE,FALSE,FALSE,1,0
download-navi,TRUE,FALSE,FALSE,,FALSE,,None,GitHub Actions,,FALSE,FALSE,FALSE,FALSE,FALSE,FALSE,FALSE,FALSE,FALSE,FALSE,FALSE,FALSE,FALSE,FALSE,FALSE,FALSE,FALSE,1,0
draftsman,TRUE,FALSE,FALSE,,FALSE,,None,GitHub Actions,,FALSE,FALSE,FALSE,FALSE,FALSE,FALSE,FALSE,FALSE,FALSE,FALSE,FALSE,FALSE,FALSE,FALSE,FALSE,FALSE,FALSE,2,0
draggable-menu,TRUE,FALSE,FALSE,,FALSE,,None,GitHub Actions,,FALSE,FALSE,FALSE,FALSE,FALSE,FALSE,FALSE,FALSE,FALSE,FALSE,FALSE,FALSE,FALSE,FALSE,FALSE,FALSE,FALSE,1,0
drawa-android,FALSE,FALSE,FALSE,,FALSE,,None,"CircleCI, Travis CI",,FALSE,FALSE,FALSE,FALSE,FALSE,FALSE,FALSE,FALSE,FALSE,FALSE,FALSE,FALSE,FALSE,FALSE,FALSE,FALSE,FALSE,2,0
dreamdroid,FALSE,FALSE,FALSE,,FALSE,,None,Travis CI,,FALSE,FALSE,FALSE,FALSE,FALSE,FALSE,FALSE,FALSE,FALSE,FALSE,FALSE,FALSE,FALSE,FALSE,FALSE,FALSE,FALSE,1,0
dribbbleclient,TRUE,FALSE,FALSE,,FALSE,,None,Travis CI,,FALSE,FALSE,FALSE,FALSE,FALSE,FALSE,FALSE,FALSE,FALSE,FALSE,FALSE,FALSE,FALSE,FALSE,FALSE,FALSE,FALSE,1,0
drinkable,TRUE,FALSE,FALSE,,FALSE,,None,GitHub Actions,,FALSE,FALSE,FALSE,FALSE,FALSE,FALSE,FALSE,FALSE,FALSE,FALSE,FALSE,FALSE,FALSE,FALSE,FALSE,FALSE,FALSE,3,0
drinks,TRUE,FALSE,FALSE,,FALSE,,None,"CircleCI, Travis CI",,FALSE,FALSE,FALSE,FALSE,FALSE,FALSE,FALSE,FALSE,FALSE,FALSE,FALSE,FALSE,FALSE,FALSE,FALSE,FALSE,FALSE,2,0
drip,TRUE,FALSE,FALSE,,FALSE,,None,GitLab CI,,FALSE,FALSE,FALSE,FALSE,FALSE,FALSE,FALSE,FALSE,FALSE,FALSE,FALSE,FALSE,FALSE,FALSE,FALSE,FALSE,FALSE,1,0
drive,TRUE,TRUE,FALSE,,TRUE,Travis CI_emulator_manual,Manual_ThirdParty,Travis CI,Travis CI,FALSE,FALSE,FALSE,FALSE,FALSE,FALSE,FALSE,FALSE,FALSE,FALSE,FALSE,FALSE,FALSE,FALSE,FALSE,FALSE,FALSE,1,0
driver-android,TRUE,TRUE,FALSE,,TRUE,Travis CI_emulator_manual,Manual_ThirdParty,Travis CI,Travis CI,FALSE,FALSE,FALSE,FALSE,FALSE,FALSE,FALSE,FALSE,FALSE,FALSE,FALSE,FALSE,FALSE,FALSE,FALSE,FALSE,FALSE,1,0
droid-feed,TRUE,TRUE,TRUE,GitHub_emulator_full,FALSE,,"GitHub_Hosted, None",GitHub Actions,GitHub Actions,FALSE,FALSE,TRUE,FALSE,FALSE,FALSE,FALSE,FALSE,FALSE,FALSE,TRUE,FALSE,FALSE,FALSE,FALSE,FALSE,2,2,0
droidinfo,TRUE,FALSE,FALSE,,FALSE,,None,Travis CI,,FALSE,FALSE,FALSE,FALSE,FALSE,FALSE,FALSE,FALSE,FALSE,FALSE,FALSE,FALSE,FALSE,FALSE,FALSE,FALSE,FALSE,1,0
drona,FALSE,FALSE,FALSE,,FALSE,,None,Travis CI,,FALSE,FALSE,FALSE,FALSE,FALSE,FALSE,FALSE,FALSE,FALSE,FALSE,FALSE,FALSE,FALSE,FALSE,FALSE,FALSE,FALSE,1,0
drone-scanner,TRUE,FALSE,FALSE,,FALSE,,None,GitHub Actions,,FALSE,FALSE,FALSE,FALSE,FALSE,FALSE,FALSE,FALSE,FALSE,FALSE,FALSE,FALSE,FALSE,FALSE,FALSE,FALSE,FALSE,2,0
dropdowntextview,FALSE,FALSE,FALSE,,FALSE,,None,CircleCI,,FALSE,FALSE,FALSE,FALSE,FALSE,FALSE,FALSE,FALSE,FALSE,FALSE,FALSE,FALSE,FALSE,FALSE,FALSE,FALSE,FALSE,1,1
dsrweatherapp,FALSE,FALSE,FALSE,,FALSE,,None,CircleCI,,FALSE,FALSE,FALSE,FALSE,FALSE,FALSE,FALSE,FALSE,FALSE,FALSE,FALSE,FALSE,FALSE,FALSE,FALSE,FALSE,FALSE,1,0
dui-android,TRUE,FALSE,FALSE,,FALSE,,None,GitHub Actions,,FALSE,FALSE,FALSE,FALSE,FALSE,FALSE,FALSE,FALSE,FALSE,FALSE,FALSE,FALSE,FALSE,FALSE,FALSE,FALSE,FALSE,1,0
duocamera,FALSE,FALSE,FALSE,,FALSE,,None,Travis CI,,FALSE,FALSE,FALSE,FALSE,FALSE,FALSE,FALSE,FALSE,FALSE,FALSE,FALSE,FALSE,FALSE,FALSE,FALSE,FALSE,FALSE,1,0
duress,TRUE,FALSE,FALSE,,FALSE,,None,GitHub Actions,,FALSE,FALSE,FALSE,FALSE,FALSE,FALSE,FALSE,FALSE,FALSE,FALSE,FALSE,FALSE,FALSE,FALSE,FALSE,FALSE,FALSE,2,0
dvachmovie,TRUE,TRUE,FALSE,,TRUE,Travis CI_emulator_manual,Manual_ThirdParty,Travis CI,Travis CI,FALSE,FALSE,FALSE,FALSE,FALSE,FALSE,FALSE,FALSE,FALSE,FALSE,FALSE,FALSE,FALSE,FALSE,FALSE,FALSE,FALSE,1,0
dwyco,FALSE,FALSE,FALSE,,FALSE,,None,Travis CI,,FALSE,FALSE,FALSE,FALSE,FALSE,FALSE,FALSE,FALSE,FALSE,FALSE,FALSE,FALSE,FALSE,FALSE,FALSE,FALSE,FALSE,1,0
dynamic-island-android-full-application,TRUE,FALSE,FALSE,,FALSE,,None,GitHub Actions,,FALSE,FALSE,FALSE,FALSE,FALSE,FALSE,FALSE,FALSE,FALSE,FALSE,FALSE,FALSE,FALSE,FALSE,FALSE,FALSE,FALSE,1,0
dynamicnightlight,TRUE,TRUE,FALSE,,TRUE,Travis CI_emulator_manual,Manual_ThirdParty,Travis CI,Travis CI,FALSE,FALSE,FALSE,FALSE,FALSE,FALSE,FALSE,FALSE,FALSE,FALSE,FALSE,FALSE,FALSE,FALSE,FALSE,FALSE,FALSE,1,0
dynamicoperu,TRUE,FALSE,FALSE,,FALSE,,None,Travis CI,,FALSE,FALSE,FALSE,FALSE,FALSE,FALSE,FALSE,FALSE,FALSE,FALSE,FALSE,FALSE,FALSE,FALSE,FALSE,FALSE,FALSE,1,0
dzikirqu-android,TRUE,FALSE,FALSE,,FALSE,,None,GitHub Actions,,FALSE,FALSE,FALSE,FALSE,FALSE,FALSE,FALSE,FALSE,FALSE,FALSE,FALSE,FALSE,FALSE,FALSE,FALSE,FALSE,FALSE,2,0
e2e-detox,TRUE,TRUE,FALSE,,TRUE,CircleCI_emulator_manual,"Manual_ThirdParty, None","CircleCI, Travis CI",CircleCI,FALSE,FALSE,FALSE,FALSE,FALSE,FALSE,FALSE,FALSE,FALSE,FALSE,FALSE,FALSE,FALSE,FALSE,FALSE,FALSE,FALSE,2,0
e_luminous_mobile,TRUE,FALSE,FALSE,,FALSE,,None,GitHub Actions,,FALSE,FALSE,FALSE,FALSE,FALSE,FALSE,FALSE,FALSE,FALSE,FALSE,FALSE,FALSE,FALSE,FALSE,FALSE,FALSE,FALSE,1,0
easel,FALSE,FALSE,FALSE,,FALSE,,None,Travis CI,,FALSE,FALSE,FALSE,FALSE,FALSE,FALSE,FALSE,FALSE,FALSE,FALSE,FALSE,FALSE,FALSE,FALSE,FALSE,FALSE,FALSE,1,0
easer,TRUE,TRUE,TRUE,GitHub_emulator_full,TRUE,Travis CI_emulator_manual,"GitHub_Hosted, Manual_ThirdParty","GitHub Actions, Travis CI","GitHub Actions, Travis CI",FALSE,FALSE,FALSE,FALSE,FALSE,FALSE,FALSE,FALSE,FALSE,FALSE,TRUE,FALSE,FALSE,FALSE,FALSE,FALSE,1,2,0
eastfoods,TRUE,FALSE,FALSE,,FALSE,,None,GitHub Actions,,FALSE,FALSE,FALSE,FALSE,FALSE,FALSE,FALSE,FALSE,FALSE,FALSE,FALSE,FALSE,FALSE,FALSE,FALSE,FALSE,FALSE,1,0
easy_xkcd,TRUE,FALSE,FALSE,,FALSE,,None,GitHub Actions,,FALSE,FALSE,FALSE,FALSE,FALSE,FALSE,FALSE,FALSE,FALSE,FALSE,FALSE,FALSE,FALSE,FALSE,FALSE,FALSE,FALSE,1,0
easyadapter,TRUE,FALSE,FALSE,,FALSE,,None,"CircleCI, GitHub Actions",,FALSE,FALSE,FALSE,FALSE,FALSE,FALSE,FALSE,FALSE,FALSE,FALSE,FALSE,FALSE,FALSE,FALSE,FALSE,FALSE,FALSE,2,0
easybangumi,TRUE,FALSE,FALSE,,FALSE,,None,GitHub Actions,,FALSE,FALSE,FALSE,FALSE,FALSE,FALSE,FALSE,FALSE,FALSE,FALSE,FALSE,FALSE,FALSE,FALSE,FALSE,FALSE,FALSE,1,0
easylocationfetch,TRUE,FALSE,FALSE,,FALSE,,None,GitHub Actions,,FALSE,FALSE,FALSE,FALSE,FALSE,FALSE,FALSE,FALSE,FALSE,FALSE,FALSE,FALSE,FALSE,FALSE,FALSE,FALSE,FALSE,1,0
easyrecipe,TRUE,TRUE,TRUE,"GitHub Actions_emulator_manual, GitHub_emulator_full",FALSE,,"GitHub_Hosted, None",GitHub Actions,GitHub Actions,FALSE,FALSE,FALSE,FALSE,FALSE,FALSE,FALSE,FALSE,FALSE,TRUE,FALSE,FALSE,FALSE,FALSE,FALSE,FALSE,1,3,0
easyrepost,TRUE,FALSE,FALSE,,FALSE,,None,GitLab CI,,FALSE,FALSE,FALSE,FALSE,FALSE,FALSE,FALSE,FALSE,FALSE,FALSE,FALSE,FALSE,FALSE,FALSE,FALSE,FALSE,FALSE,1,0
easyshapeview,TRUE,FALSE,FALSE,,FALSE,,None,GitHub Actions,,FALSE,FALSE,FALSE,FALSE,FALSE,FALSE,FALSE,FALSE,FALSE,FALSE,FALSE,FALSE,FALSE,FALSE,FALSE,FALSE,FALSE,1,0
easysshfs,TRUE,FALSE,FALSE,,FALSE,,None,GitHub Actions,,FALSE,FALSE,FALSE,FALSE,FALSE,FALSE,FALSE,FALSE,FALSE,FALSE,FALSE,FALSE,FALSE,FALSE,FALSE,FALSE,FALSE,1,0
easythread,FALSE,FALSE,FALSE,,FALSE,,None,Travis CI,,FALSE,FALSE,FALSE,FALSE,FALSE,FALSE,FALSE,FALSE,FALSE,FALSE,FALSE,FALSE,FALSE,FALSE,FALSE,FALSE,FALSE,1,0
easywatermark,TRUE,FALSE,FALSE,,FALSE,,None,GitHub Actions,,FALSE,FALSE,FALSE,FALSE,FALSE,FALSE,FALSE,FALSE,FALSE,FALSE,FALSE,FALSE,FALSE,FALSE,FALSE,FALSE,FALSE,2,0
eat-poop-you-cat-android,TRUE,FALSE,FALSE,,FALSE,,None,GitHub Actions,,FALSE,FALSE,FALSE,FALSE,FALSE,FALSE,FALSE,FALSE,FALSE,FALSE,FALSE,FALSE,FALSE,FALSE,FALSE,FALSE,FALSE,2,0
ebeveynkontrollutwitter,FALSE,FALSE,FALSE,,FALSE,,None,Travis CI,,FALSE,FALSE,FALSE,FALSE,FALSE,FALSE,FALSE,FALSE,FALSE,FALSE,FALSE,FALSE,FALSE,FALSE,FALSE,FALSE,FALSE,1,0
ebookreader,TRUE,FALSE,FALSE,,FALSE,,None,GitHub Actions,,FALSE,FALSE,FALSE,FALSE,FALSE,FALSE,FALSE,FALSE,FALSE,FALSE,FALSE,FALSE,FALSE,FALSE,FALSE,FALSE,FALSE,1,0
editor,TRUE,FALSE,FALSE,,FALSE,,None,GitHub Actions,,FALSE,FALSE,FALSE,FALSE,FALSE,FALSE,FALSE,FALSE,FALSE,FALSE,FALSE,FALSE,FALSE,FALSE,FALSE,FALSE,FALSE,2,0
edmflare,TRUE,FALSE,FALSE,,FALSE,,None,GitHub Actions,,FALSE,FALSE,FALSE,FALSE,FALSE,FALSE,FALSE,FALSE,FALSE,FALSE,FALSE,FALSE,FALSE,FALSE,FALSE,FALSE,FALSE,1,0
edokuri,TRUE,FALSE,FALSE,,FALSE,,None,GitHub Actions,,FALSE,FALSE,FALSE,FALSE,FALSE,FALSE,FALSE,FALSE,FALSE,FALSE,FALSE,FALSE,FALSE,FALSE,FALSE,FALSE,FALSE,1,0
edtrack,TRUE,TRUE,TRUE,GitHub_emulator_compact,FALSE,,GitHub_Hosted,GitHub Actions,GitHub Actions,FALSE,FALSE,FALSE,FALSE,FALSE,FALSE,FALSE,FALSE,FALSE,FALSE,FALSE,FALSE,TRUE,FALSE,FALSE,FALSE,1,1,0
edujam,TRUE,FALSE,FALSE,,FALSE,,None,GitHub Actions,,FALSE,FALSE,FALSE,FALSE,FALSE,FALSE,FALSE,FALSE,FALSE,FALSE,FALSE,FALSE,FALSE,FALSE,FALSE,FALSE,FALSE,1,0
eh-redux,TRUE,FALSE,FALSE,,FALSE,,None,GitHub Actions,,FALSE,FALSE,FALSE,FALSE,FALSE,FALSE,FALSE,FALSE,FALSE,FALSE,FALSE,FALSE,FALSE,FALSE,FALSE,FALSE,FALSE,3,0
ehviewer,TRUE,FALSE,FALSE,,FALSE,,None,GitHub Actions,,FALSE,FALSE,FALSE,FALSE,FALSE,FALSE,FALSE,FALSE,FALSE,FALSE,FALSE,FALSE,FALSE,FALSE,FALSE,FALSE,FALSE,1,0
ehviewer_cn_sxj,TRUE,FALSE,FALSE,,FALSE,,None,GitHub Actions,,FALSE,FALSE,FALSE,FALSE,FALSE,FALSE,FALSE,FALSE,FALSE,FALSE,FALSE,FALSE,FALSE,FALSE,FALSE,FALSE,FALSE,1,0
einkbro,TRUE,FALSE,FALSE,,FALSE,,None,"GitHub Actions, Travis CI",,FALSE,FALSE,FALSE,FALSE,FALSE,FALSE,FALSE,FALSE,FALSE,FALSE,FALSE,FALSE,FALSE,FALSE,FALSE,FALSE,FALSE,2,0
elder_launcher,TRUE,FALSE,FALSE,,FALSE,,None,GitHub Actions,,FALSE,FALSE,FALSE,FALSE,FALSE,FALSE,FALSE,FALSE,FALSE,FALSE,FALSE,FALSE,FALSE,FALSE,FALSE,FALSE,FALSE,1,0
electricity_front,TRUE,FALSE,FALSE,,FALSE,,None,GitHub Actions,,FALSE,FALSE,FALSE,FALSE,FALSE,FALSE,FALSE,FALSE,FALSE,FALSE,FALSE,FALSE,FALSE,FALSE,FALSE,FALSE,FALSE,1,0
electrode-native,TRUE,FALSE,FALSE,,FALSE,,None,"GitHub Actions, Unknown",,FALSE,FALSE,FALSE,FALSE,FALSE,FALSE,FALSE,FALSE,FALSE,FALSE,FALSE,FALSE,FALSE,FALSE,FALSE,FALSE,FALSE,4,0
elegantdialog,TRUE,FALSE,FALSE,,FALSE,,None,Unknown,,FALSE,FALSE,FALSE,FALSE,FALSE,FALSE,FALSE,FALSE,FALSE,FALSE,FALSE,FALSE,FALSE,FALSE,FALSE,FALSE,FALSE,1,0
element-android,TRUE,TRUE,TRUE,GitHub_emulator_full,FALSE,,"GitHub_Hosted, None",GitHub Actions,GitHub Actions,FALSE,FALSE,FALSE,FALSE,FALSE,FALSE,FALSE,FALSE,FALSE,TRUE,FALSE,FALSE,FALSE,FALSE,FALSE,FALSE,1,19,0
elfeed-cljsrn,TRUE,FALSE,FALSE,,FALSE,,None,GitHub Actions,,FALSE,FALSE,FALSE,FALSE,FALSE,FALSE,FALSE,FALSE,FALSE,FALSE,FALSE,FALSE,FALSE,FALSE,FALSE,FALSE,FALSE,3,0
emblaflutterapp,TRUE,FALSE,FALSE,,FALSE,,None,GitHub Actions,,FALSE,FALSE,FALSE,FALSE,FALSE,FALSE,FALSE,FALSE,FALSE,FALSE,FALSE,FALSE,FALSE,FALSE,FALSE,FALSE,FALSE,1,0
emojibottomsheetdialog,TRUE,FALSE,FALSE,,FALSE,,None,GitHub Actions,,FALSE,FALSE,FALSE,FALSE,FALSE,FALSE,FALSE,FALSE,FALSE,FALSE,FALSE,FALSE,FALSE,FALSE,FALSE,FALSE,FALSE,2,0
empty-view,FALSE,FALSE,FALSE,,FALSE,,None,Travis CI,,FALSE,FALSE,FALSE,FALSE,FALSE,FALSE,FALSE,FALSE,FALSE,FALSE,FALSE,FALSE,FALSE,FALSE,FALSE,FALSE,FALSE,1,0
emulator-detector,FALSE,FALSE,FALSE,,FALSE,,None,Travis CI,,FALSE,FALSE,FALSE,FALSE,FALSE,FALSE,FALSE,FALSE,FALSE,FALSE,FALSE,FALSE,FALSE,FALSE,FALSE,FALSE,FALSE,1,0
enchantedfortress,TRUE,FALSE,FALSE,,FALSE,,None,GitHub Actions,,FALSE,FALSE,FALSE,FALSE,FALSE,FALSE,FALSE,FALSE,FALSE,FALSE,FALSE,FALSE,FALSE,FALSE,FALSE,FALSE,FALSE,1,0
encoder,TRUE,FALSE,FALSE,,FALSE,,None,Travis CI,,FALSE,FALSE,FALSE,FALSE,FALSE,FALSE,FALSE,FALSE,FALSE,FALSE,FALSE,FALSE,FALSE,FALSE,FALSE,FALSE,FALSE,1,0
encrypted-datastore,TRUE,FALSE,FALSE,,FALSE,,None,GitHub Actions,,FALSE,FALSE,FALSE,FALSE,FALSE,FALSE,FALSE,FALSE,FALSE,FALSE,FALSE,FALSE,FALSE,FALSE,FALSE,FALSE,FALSE,1,0
encryptedsharedpreferences,TRUE,TRUE,FALSE,,TRUE,Travis CI_emulator_manual,Manual_ThirdParty,Travis CI,Travis CI,FALSE,FALSE,FALSE,FALSE,FALSE,FALSE,FALSE,FALSE,FALSE,FALSE,FALSE,FALSE,FALSE,FALSE,FALSE,FALSE,FALSE,1,0
energy-meter-scanner,TRUE,FALSE,FALSE,,FALSE,,None,Unknown,,FALSE,FALSE,FALSE,FALSE,FALSE,FALSE,FALSE,FALSE,FALSE,FALSE,FALSE,FALSE,FALSE,FALSE,FALSE,FALSE,FALSE,1,0
engine,TRUE,FALSE,FALSE,,FALSE,,None,GitHub Actions,,FALSE,FALSE,FALSE,FALSE,FALSE,FALSE,FALSE,FALSE,FALSE,FALSE,FALSE,FALSE,FALSE,FALSE,FALSE,FALSE,FALSE,1,0
enginedatalogger---dashboard,TRUE,FALSE,FALSE,,FALSE,,None,"GitHub Actions, Travis CI",,FALSE,FALSE,FALSE,FALSE,FALSE,FALSE,FALSE,FALSE,FALSE,FALSE,FALSE,FALSE,FALSE,FALSE,FALSE,FALSE,FALSE,2,0
enginedriver,TRUE,TRUE,FALSE,,TRUE,Travis CI_emulator_manual,Manual_ThirdParty,Travis CI,Travis CI,FALSE,FALSE,FALSE,FALSE,FALSE,FALSE,FALSE,FALSE,FALSE,FALSE,FALSE,FALSE,FALSE,FALSE,FALSE,FALSE,FALSE,1,0
enigmatic-mouse,FALSE,FALSE,FALSE,,FALSE,,None,Travis CI,,FALSE,FALSE,FALSE,FALSE,FALSE,FALSE,FALSE,FALSE,FALSE,FALSE,FALSE,FALSE,FALSE,FALSE,FALSE,FALSE,FALSE,1,0
enroute,TRUE,FALSE,FALSE,,FALSE,,None,GitHub Actions,,FALSE,FALSE,FALSE,FALSE,FALSE,FALSE,FALSE,FALSE,FALSE,FALSE,FALSE,FALSE,FALSE,FALSE,FALSE,FALSE,FALSE,4,0
ensicord,TRUE,FALSE,FALSE,,FALSE,,None,GitHub Actions,,FALSE,FALSE,FALSE,FALSE,FALSE,FALSE,FALSE,FALSE,FALSE,FALSE,FALSE,FALSE,FALSE,FALSE,FALSE,FALSE,FALSE,2,0
envelop-android,TRUE,TRUE,FALSE,,TRUE,Firebase_Full,"None, ThirdParty_Service",GitHub Actions,GitHub Actions,FALSE,FALSE,FALSE,FALSE,FALSE,FALSE,FALSE,FALSE,FALSE,FALSE,FALSE,FALSE,FALSE,FALSE,FALSE,FALSE,FALSE,2,0
epicture,FALSE,FALSE,FALSE,,FALSE,,None,Travis CI,,FALSE,FALSE,FALSE,FALSE,FALSE,FALSE,FALSE,FALSE,FALSE,FALSE,FALSE,FALSE,FALSE,FALSE,FALSE,FALSE,FALSE,1,0
epimetheus,TRUE,FALSE,FALSE,,FALSE,,None,GitHub Actions,,FALSE,FALSE,FALSE,FALSE,FALSE,FALSE,FALSE,FALSE,FALSE,FALSE,FALSE,FALSE,FALSE,FALSE,FALSE,FALSE,FALSE,1,0
epistolaire,FALSE,FALSE,FALSE,,FALSE,,None,GitLab CI,,FALSE,FALSE,FALSE,FALSE,FALSE,FALSE,FALSE,FALSE,FALSE,FALSE,FALSE,FALSE,FALSE,FALSE,FALSE,FALSE,FALSE,1,0
epoch,TRUE,FALSE,FALSE,,FALSE,,None,GitHub Actions,,FALSE,FALSE,FALSE,FALSE,FALSE,FALSE,FALSE,FALSE,FALSE,FALSE,FALSE,FALSE,FALSE,FALSE,FALSE,FALSE,FALSE,2,0
equate,TRUE,FALSE,FALSE,,FALSE,,None,CircleCI,,FALSE,FALSE,FALSE,FALSE,FALSE,FALSE,FALSE,FALSE,FALSE,FALSE,FALSE,FALSE,FALSE,FALSE,FALSE,FALSE,FALSE,1,0
eshop-android,TRUE,FALSE,FALSE,,FALSE,,None,GitHub Actions,,FALSE,FALSE,FALSE,FALSE,FALSE,FALSE,FALSE,FALSE,FALSE,FALSE,FALSE,FALSE,FALSE,FALSE,FALSE,FALSE,FALSE,3,0
espeak-ng,TRUE,FALSE,FALSE,,FALSE,,None,"GitHub Actions, Travis CI",,FALSE,FALSE,FALSE,FALSE,FALSE,FALSE,FALSE,FALSE,FALSE,FALSE,FALSE,FALSE,FALSE,FALSE,FALSE,FALSE,FALSE,8,0
espionage,FALSE,FALSE,FALSE,,FALSE,,None,GitLab CI,,FALSE,FALSE,FALSE,FALSE,FALSE,FALSE,FALSE,FALSE,FALSE,FALSE,FALSE,FALSE,FALSE,FALSE,FALSE,FALSE,FALSE,1,0
eta-android-2048,TRUE,FALSE,FALSE,,FALSE,,None,CircleCI,,FALSE,FALSE,FALSE,FALSE,FALSE,FALSE,FALSE,FALSE,FALSE,FALSE,FALSE,FALSE,FALSE,FALSE,FALSE,FALSE,FALSE,1,0
etar-calendar,TRUE,FALSE,FALSE,,FALSE,,None,GitHub Actions,,FALSE,FALSE,FALSE,FALSE,FALSE,FALSE,FALSE,FALSE,FALSE,FALSE,FALSE,FALSE,FALSE,FALSE,FALSE,FALSE,FALSE,1,0
etopa,TRUE,FALSE,FALSE,,FALSE,,None,GitHub Actions,,FALSE,FALSE,FALSE,FALSE,FALSE,FALSE,FALSE,FALSE,FALSE,FALSE,FALSE,FALSE,FALSE,FALSE,FALSE,FALSE,FALSE,1,0
etsmobile-android2,TRUE,FALSE,FALSE,,FALSE,,None,Travis CI,,FALSE,FALSE,FALSE,FALSE,FALSE,FALSE,FALSE,FALSE,FALSE,FALSE,FALSE,FALSE,FALSE,FALSE,FALSE,FALSE,FALSE,1,0
euphony-hub-collector,TRUE,TRUE,TRUE,GitHub_emulator_full,FALSE,,GitHub_Hosted,GitHub Actions,GitHub Actions,FALSE,FALSE,FALSE,FALSE,FALSE,FALSE,FALSE,FALSE,FALSE,TRUE,FALSE,FALSE,FALSE,FALSE,FALSE,FALSE,1,1,0
event-registration-app,TRUE,FALSE,FALSE,,FALSE,,None,GitHub Actions,,FALSE,FALSE,FALSE,FALSE,FALSE,FALSE,FALSE,FALSE,FALSE,FALSE,FALSE,FALSE,FALSE,FALSE,FALSE,FALSE,FALSE,1,0
eventfahrplan,TRUE,TRUE,TRUE,GitHub_emulator_full,FALSE,,"GitHub_Hosted, None","GitHub Actions, Travis CI",GitHub Actions,FALSE,FALSE,TRUE,FALSE,FALSE,FALSE,FALSE,FALSE,FALSE,FALSE,FALSE,FALSE,FALSE,FALSE,FALSE,FALSE,1,2,0
every_door,TRUE,FALSE,FALSE,,FALSE,,None,GitHub Actions,,FALSE,FALSE,FALSE,FALSE,FALSE,FALSE,FALSE,FALSE,FALSE,FALSE,FALSE,FALSE,FALSE,FALSE,FALSE,FALSE,FALSE,1,0
evmap,TRUE,FALSE,FALSE,,FALSE,,None,GitHub Actions,,FALSE,FALSE,FALSE,FALSE,FALSE,FALSE,FALSE,FALSE,FALSE,FALSE,FALSE,FALSE,FALSE,FALSE,FALSE,FALSE,FALSE,2,0
evrimnews,FALSE,FALSE,FALSE,,FALSE,,None,Travis CI,,FALSE,FALSE,FALSE,FALSE,FALSE,FALSE,FALSE,FALSE,FALSE,FALSE,FALSE,FALSE,FALSE,FALSE,FALSE,FALSE,FALSE,1,0
exif-thumbnail-adder,TRUE,TRUE,TRUE,"GitHub Actions_emulator_manual, GitHub_emulator_full",FALSE,,GitHub_Hosted,GitHub Actions,GitHub Actions,FALSE,FALSE,FALSE,FALSE,FALSE,FALSE,FALSE,TRUE,TRUE,TRUE,TRUE,TRUE,TRUE,TRUE,TRUE,FALSE,8,1,0
exodus-android-app,TRUE,FALSE,FALSE,,FALSE,,None,GitHub Actions,,FALSE,FALSE,FALSE,FALSE,FALSE,FALSE,FALSE,FALSE,FALSE,FALSE,FALSE,FALSE,FALSE,FALSE,FALSE,FALSE,FALSE,2,0
exokit,TRUE,FALSE,FALSE,,FALSE,,None,"Travis CI, Unknown",,FALSE,FALSE,FALSE,FALSE,FALSE,FALSE,FALSE,FALSE,FALSE,FALSE,FALSE,FALSE,FALSE,FALSE,FALSE,FALSE,FALSE,2,0
expandablebottombar,TRUE,FALSE,FALSE,,FALSE,,None,CircleCI,,FALSE,FALSE,FALSE,FALSE,FALSE,FALSE,FALSE,FALSE,FALSE,FALSE,FALSE,FALSE,FALSE,FALSE,FALSE,FALSE,FALSE,1,0
expense-tracker,TRUE,FALSE,FALSE,,FALSE,,None,GitHub Actions,,FALSE,FALSE,FALSE,FALSE,FALSE,FALSE,FALSE,FALSE,FALSE,FALSE,FALSE,FALSE,FALSE,FALSE,FALSE,FALSE,FALSE,2,0
expensemanager,TRUE,TRUE,TRUE,GitHub_emulator_full,FALSE,,GitHub_Hosted,GitHub Actions,GitHub Actions,FALSE,FALSE,FALSE,FALSE,FALSE,FALSE,FALSE,FALSE,FALSE,FALSE,TRUE,FALSE,FALSE,FALSE,FALSE,FALSE,1,1,0
expensetracker,FALSE,FALSE,FALSE,,FALSE,,None,Travis CI,,FALSE,FALSE,FALSE,FALSE,FALSE,FALSE,FALSE,FALSE,FALSE,FALSE,FALSE,FALSE,FALSE,FALSE,FALSE,FALSE,FALSE,1,0
experiment-compose,TRUE,FALSE,FALSE,,FALSE,,None,GitHub Actions,,FALSE,FALSE,FALSE,FALSE,FALSE,FALSE,FALSE,FALSE,FALSE,FALSE,FALSE,FALSE,FALSE,FALSE,FALSE,FALSE,FALSE,1,0
exploitdb,TRUE,FALSE,FALSE,,FALSE,,None,"GitHub Actions, Travis CI",,FALSE,FALSE,FALSE,FALSE,FALSE,FALSE,FALSE,FALSE,FALSE,FALSE,FALSE,FALSE,FALSE,FALSE,FALSE,FALSE,FALSE,2,0
explorern,TRUE,FALSE,FALSE,,FALSE,,None,GitHub Actions,,FALSE,FALSE,FALSE,FALSE,FALSE,FALSE,FALSE,FALSE,FALSE,FALSE,FALSE,FALSE,FALSE,FALSE,FALSE,FALSE,FALSE,1,0
external_jbirdvegas_mgerrit,FALSE,FALSE,FALSE,,FALSE,,None,Travis CI,,FALSE,FALSE,FALSE,FALSE,FALSE,FALSE,FALSE,FALSE,FALSE,FALSE,FALSE,FALSE,FALSE,FALSE,FALSE,FALSE,FALSE,1,0
ez-recipes-android,TRUE,TRUE,TRUE,GitHub_emulator_full,FALSE,,"GitHub_Hosted, None",GitHub Actions,GitHub Actions,FALSE,FALSE,FALSE,FALSE,FALSE,FALSE,FALSE,FALSE,FALSE,FALSE,TRUE,FALSE,TRUE,FALSE,TRUE,FALSE,3,2,0
f5n,TRUE,FALSE,FALSE,,FALSE,,None,Travis CI,,FALSE,FALSE,FALSE,FALSE,FALSE,FALSE,FALSE,FALSE,FALSE,FALSE,FALSE,FALSE,FALSE,FALSE,FALSE,FALSE,FALSE,1,0
face_animate,FALSE,FALSE,FALSE,,FALSE,,None,Travis CI,,FALSE,FALSE,FALSE,FALSE,FALSE,FALSE,FALSE,FALSE,FALSE,FALSE,FALSE,FALSE,FALSE,FALSE,FALSE,FALSE,FALSE,1,0
facerecognitionapp,TRUE,FALSE,FALSE,,FALSE,,None,Travis CI,,FALSE,FALSE,FALSE,FALSE,FALSE,FALSE,FALSE,FALSE,FALSE,FALSE,FALSE,FALSE,FALSE,FALSE,FALSE,FALSE,FALSE,1,0
faceslim,FALSE,FALSE,FALSE,,FALSE,,None,Travis CI,,FALSE,FALSE,FALSE,FALSE,FALSE,FALSE,FALSE,FALSE,FALSE,FALSE,FALSE,FALSE,FALSE,FALSE,FALSE,FALSE,FALSE,1,0
facted-camera,FALSE,FALSE,FALSE,,FALSE,,None,Travis CI,,FALSE,FALSE,FALSE,FALSE,FALSE,FALSE,FALSE,FALSE,FALSE,FALSE,FALSE,FALSE,FALSE,FALSE,FALSE,FALSE,FALSE,1,0
faker,TRUE,TRUE,FALSE,,TRUE,Travis CI_emulator_manual,Manual_ThirdParty,Travis CI,Travis CI,FALSE,FALSE,FALSE,FALSE,FALSE,FALSE,FALSE,FALSE,FALSE,FALSE,FALSE,FALSE,FALSE,FALSE,FALSE,FALSE,FALSE,1,0
fakestandby,TRUE,FALSE,FALSE,,FALSE,,None,GitHub Actions,,FALSE,FALSE,FALSE,FALSE,FALSE,FALSE,FALSE,FALSE,FALSE,FALSE,FALSE,FALSE,FALSE,FALSE,FALSE,FALSE,FALSE,1,0
faketraveler,TRUE,FALSE,FALSE,,FALSE,,None,GitHub Actions,,FALSE,FALSE,FALSE,FALSE,FALSE,FALSE,FALSE,FALSE,FALSE,FALSE,FALSE,FALSE,FALSE,FALSE,FALSE,FALSE,FALSE,2,0
fallasleep,TRUE,FALSE,FALSE,,FALSE,,None,GitHub Actions,,FALSE,FALSE,FALSE,FALSE,FALSE,FALSE,FALSE,FALSE,FALSE,FALSE,FALSE,FALSE,FALSE,FALSE,FALSE,FALSE,FALSE,1,0
family-care,TRUE,TRUE,FALSE,,TRUE,Travis CI_emulator_manual,Manual_ThirdParty,Travis CI,Travis CI,FALSE,FALSE,FALSE,FALSE,FALSE,FALSE,FALSE,FALSE,FALSE,FALSE,FALSE,FALSE,FALSE,FALSE,FALSE,FALSE,FALSE,1,0
familyfinance-android,TRUE,FALSE,FALSE,,FALSE,,None,GitHub Actions,,FALSE,FALSE,FALSE,FALSE,FALSE,FALSE,FALSE,FALSE,FALSE,FALSE,FALSE,FALSE,FALSE,FALSE,FALSE,FALSE,FALSE,2,0
fancyplaces,FALSE,FALSE,FALSE,,FALSE,,None,Travis CI,,FALSE,FALSE,FALSE,FALSE,FALSE,FALSE,FALSE,FALSE,FALSE,FALSE,FALSE,FALSE,FALSE,FALSE,FALSE,FALSE,FALSE,1,0
fancyshowcaseview,TRUE,FALSE,FALSE,,FALSE,,None,GitHub Actions,,FALSE,FALSE,FALSE,FALSE,FALSE,FALSE,FALSE,FALSE,FALSE,FALSE,FALSE,FALSE,FALSE,FALSE,FALSE,FALSE,FALSE,1,0
fantlab-android,FALSE,FALSE,FALSE,,FALSE,,None,Travis CI,,FALSE,FALSE,FALSE,FALSE,FALSE,FALSE,FALSE,FALSE,FALSE,FALSE,FALSE,FALSE,FALSE,FALSE,FALSE,FALSE,FALSE,1,0
farebot,FALSE,FALSE,FALSE,,FALSE,,None,Travis CI,,FALSE,FALSE,FALSE,FALSE,FALSE,FALSE,FALSE,FALSE,FALSE,FALSE,FALSE,FALSE,FALSE,FALSE,FALSE,FALSE,FALSE,1,0
fast-face-android,FALSE,FALSE,FALSE,,FALSE,,None,Travis CI,,FALSE,FALSE,FALSE,FALSE,FALSE,FALSE,FALSE,FALSE,FALSE,FALSE,FALSE,FALSE,FALSE,FALSE,FALSE,FALSE,FALSE,1,0
fastadapter,FALSE,FALSE,FALSE,,FALSE,,None,Travis CI,,FALSE,FALSE,FALSE,FALSE,FALSE,FALSE,FALSE,FALSE,FALSE,FALSE,FALSE,FALSE,FALSE,FALSE,FALSE,FALSE,FALSE,1,0
fastexoplayerseeker,FALSE,FALSE,FALSE,,FALSE,,None,Travis CI,,FALSE,FALSE,FALSE,FALSE,FALSE,FALSE,FALSE,FALSE,FALSE,FALSE,FALSE,FALSE,FALSE,FALSE,FALSE,FALSE,FALSE,1,0
fastlane-android-ci,FALSE,FALSE,FALSE,,FALSE,,None,Travis CI,,FALSE,FALSE,FALSE,FALSE,FALSE,FALSE,FALSE,FALSE,FALSE,FALSE,FALSE,FALSE,FALSE,FALSE,FALSE,FALSE,FALSE,1,0
fastshopping,TRUE,TRUE,TRUE,GitHub_emulator_full,FALSE,,"GitHub_Hosted, None",GitHub Actions,GitHub Actions,FALSE,FALSE,FALSE,FALSE,FALSE,FALSE,FALSE,FALSE,FALSE,TRUE,FALSE,FALSE,FALSE,FALSE,FALSE,FALSE,1,6,0
fbp-go,TRUE,FALSE,FALSE,,FALSE,,None,GitHub Actions,,FALSE,FALSE,FALSE,FALSE,FALSE,FALSE,FALSE,FALSE,FALSE,FALSE,FALSE,FALSE,FALSE,FALSE,FALSE,FALSE,FALSE,1,0
feather,TRUE,FALSE,FALSE,,FALSE,,None,Travis CI,,FALSE,FALSE,FALSE,FALSE,FALSE,FALSE,FALSE,FALSE,FALSE,FALSE,FALSE,FALSE,FALSE,FALSE,FALSE,FALSE,FALSE,1,0
fediverse,TRUE,FALSE,FALSE,,FALSE,,None,GitHub Actions,,FALSE,FALSE,FALSE,FALSE,FALSE,FALSE,FALSE,FALSE,FALSE,FALSE,FALSE,FALSE,FALSE,FALSE,FALSE,FALSE,FALSE,6,0
feed-watcher,TRUE,FALSE,FALSE,,FALSE,,None,GitHub Actions,,FALSE,FALSE,FALSE,FALSE,FALSE,FALSE,FALSE,FALSE,FALSE,FALSE,FALSE,FALSE,FALSE,FALSE,FALSE,FALSE,FALSE,1,0
feedback-prime,TRUE,FALSE,FALSE,,FALSE,,None,GitHub Actions,,FALSE,FALSE,FALSE,FALSE,FALSE,FALSE,FALSE,FALSE,FALSE,FALSE,FALSE,FALSE,FALSE,FALSE,FALSE,FALSE,FALSE,1,0
feudaltactics,TRUE,FALSE,FALSE,,FALSE,,None,GitHub Actions,,FALSE,FALSE,FALSE,FALSE,FALSE,FALSE,FALSE,FALSE,FALSE,FALSE,FALSE,FALSE,FALSE,FALSE,FALSE,FALSE,FALSE,1,0
ffupdater,TRUE,FALSE,FALSE,,FALSE,,None,GitHub Actions,,FALSE,FALSE,FALSE,FALSE,FALSE,FALSE,FALSE,FALSE,FALSE,FALSE,FALSE,FALSE,FALSE,FALSE,FALSE,FALSE,FALSE,2,0
file,FALSE,FALSE,FALSE,,FALSE,,None,Travis CI,,FALSE,FALSE,FALSE,FALSE,FALSE,FALSE,FALSE,FALSE,FALSE,FALSE,FALSE,FALSE,FALSE,FALSE,FALSE,FALSE,FALSE,1,0
file-android,TRUE,FALSE,FALSE,,FALSE,,None,Travis CI,,FALSE,FALSE,FALSE,FALSE,FALSE,FALSE,FALSE,FALSE,FALSE,FALSE,FALSE,FALSE,FALSE,FALSE,FALSE,FALSE,FALSE,1,0
file-explorer,TRUE,FALSE,FALSE,,FALSE,,None,GitHub Actions,,FALSE,FALSE,FALSE,FALSE,FALSE,FALSE,FALSE,FALSE,FALSE,FALSE,FALSE,FALSE,FALSE,FALSE,FALSE,FALSE,FALSE,2,0
filepickerdialog-master,FALSE,FALSE,FALSE,,FALSE,,None,Travis CI,,FALSE,FALSE,FALSE,FALSE,FALSE,FALSE,FALSE,FALSE,FALSE,FALSE,FALSE,FALSE,FALSE,FALSE,FALSE,FALSE,FALSE,1,0
fileshortcut,FALSE,FALSE,FALSE,,FALSE,,None,Travis CI,,FALSE,FALSE,FALSE,FALSE,FALSE,FALSE,FALSE,FALSE,FALSE,FALSE,FALSE,FALSE,FALSE,FALSE,FALSE,FALSE,FALSE,1,0
filmchecker,FALSE,FALSE,FALSE,,FALSE,,None,Travis CI,,FALSE,FALSE,FALSE,FALSE,FALSE,FALSE,FALSE,FALSE,FALSE,FALSE,FALSE,FALSE,FALSE,FALSE,FALSE,FALSE,FALSE,1,0
finance-manager,TRUE,FALSE,FALSE,,FALSE,,None,GitHub Actions,,FALSE,FALSE,FALSE,FALSE,FALSE,FALSE,FALSE,FALSE,FALSE,FALSE,FALSE,FALSE,FALSE,FALSE,FALSE,FALSE,FALSE,1,0
findapet,TRUE,FALSE,FALSE,,FALSE,,None,CircleCI,,FALSE,FALSE,FALSE,FALSE,FALSE,FALSE,FALSE,FALSE,FALSE,FALSE,FALSE,FALSE,FALSE,FALSE,FALSE,FALSE,FALSE,1,0
finder,FALSE,FALSE,FALSE,,FALSE,,None,Travis CI,,FALSE,FALSE,FALSE,FALSE,FALSE,FALSE,FALSE,FALSE,FALSE,FALSE,FALSE,FALSE,FALSE,FALSE,FALSE,FALSE,FALSE,1,0
fineract-cn-mobile,FALSE,FALSE,FALSE,,FALSE,,None,Travis CI,,FALSE,FALSE,FALSE,FALSE,FALSE,FALSE,FALSE,FALSE,FALSE,FALSE,FALSE,FALSE,FALSE,FALSE,FALSE,FALSE,FALSE,1,0
firebasechatapp,FALSE,FALSE,FALSE,,FALSE,,None,Travis CI,,FALSE,FALSE,FALSE,FALSE,FALSE,FALSE,FALSE,FALSE,FALSE,FALSE,FALSE,FALSE,FALSE,FALSE,FALSE,FALSE,FALSE,1,0
firestoreadapter,FALSE,FALSE,FALSE,,FALSE,,None,Travis CI,,FALSE,FALSE,FALSE,FALSE,FALSE,FALSE,FALSE,FALSE,FALSE,FALSE,FALSE,FALSE,FALSE,FALSE,FALSE,FALSE,FALSE,1,0
fitary,TRUE,FALSE,FALSE,,FALSE,,None,GitHub Actions,,FALSE,FALSE,FALSE,FALSE,FALSE,FALSE,FALSE,FALSE,FALSE,FALSE,FALSE,FALSE,FALSE,FALSE,FALSE,FALSE,FALSE,2,0
fitbuddy,TRUE,FALSE,FALSE,,FALSE,,None,Travis CI,,FALSE,FALSE,FALSE,FALSE,FALSE,FALSE,FALSE,FALSE,FALSE,FALSE,FALSE,FALSE,FALSE,FALSE,FALSE,FALSE,FALSE,1,0
fitofy-india,TRUE,FALSE,FALSE,,FALSE,,None,GitHub Actions,,FALSE,FALSE,FALSE,FALSE,FALSE,FALSE,FALSE,FALSE,FALSE,FALSE,FALSE,FALSE,FALSE,FALSE,FALSE,FALSE,FALSE,1,0
fitternumberpicker,FALSE,FALSE,FALSE,,FALSE,,None,Travis CI,,FALSE,FALSE,FALSE,FALSE,FALSE,FALSE,FALSE,FALSE,FALSE,FALSE,FALSE,FALSE,FALSE,FALSE,FALSE,FALSE,FALSE,1,0
fivethingskotlin,TRUE,FALSE,FALSE,,FALSE,,None,CircleCI,,FALSE,FALSE,FALSE,FALSE,FALSE,FALSE,FALSE,FALSE,FALSE,FALSE,FALSE,FALSE,FALSE,FALSE,FALSE,FALSE,FALSE,1,0
flaiter,TRUE,FALSE,FALSE,,FALSE,,None,Travis CI,,FALSE,FALSE,FALSE,FALSE,FALSE,FALSE,FALSE,FALSE,FALSE,FALSE,FALSE,FALSE,FALSE,FALSE,FALSE,FALSE,FALSE,1,0
flap,FALSE,FALSE,FALSE,,FALSE,,None,Travis CI,,FALSE,FALSE,FALSE,FALSE,FALSE,FALSE,FALSE,FALSE,FALSE,FALSE,FALSE,FALSE,FALSE,FALSE,FALSE,FALSE,FALSE,1,0
flappybird,TRUE,FALSE,FALSE,,FALSE,,None,GitHub Actions,,FALSE,FALSE,FALSE,FALSE,FALSE,FALSE,FALSE,FALSE,FALSE,FALSE,FALSE,FALSE,FALSE,FALSE,FALSE,FALSE,FALSE,1,0
flappyface,FALSE,FALSE,FALSE,,FALSE,,None,Travis CI,,FALSE,FALSE,FALSE,FALSE,FALSE,FALSE,FALSE,FALSE,FALSE,FALSE,FALSE,FALSE,FALSE,FALSE,FALSE,FALSE,FALSE,1,0
flare-engine,FALSE,FALSE,FALSE,,FALSE,,None,"GitHub Actions, Travis CI",,FALSE,FALSE,FALSE,FALSE,FALSE,FALSE,FALSE,FALSE,FALSE,FALSE,FALSE,FALSE,FALSE,FALSE,FALSE,FALSE,FALSE,2,0
flash-drive,TRUE,FALSE,FALSE,,FALSE,,None,GitHub Actions,,FALSE,FALSE,FALSE,FALSE,FALSE,FALSE,FALSE,FALSE,FALSE,FALSE,FALSE,FALSE,FALSE,FALSE,FALSE,FALSE,FALSE,1,0
flashdim,TRUE,FALSE,FALSE,,FALSE,,None,GitHub Actions,,FALSE,FALSE,FALSE,FALSE,FALSE,FALSE,FALSE,FALSE,FALSE,FALSE,FALSE,FALSE,FALSE,FALSE,FALSE,FALSE,FALSE,3,0
flashy,TRUE,FALSE,FALSE,,FALSE,,None,GitHub Actions,,FALSE,FALSE,FALSE,FALSE,FALSE,FALSE,FALSE,FALSE,FALSE,FALSE,FALSE,FALSE,FALSE,FALSE,FALSE,FALSE,FALSE,2,0
flashy-alarm,TRUE,FALSE,FALSE,,FALSE,,None,GitHub Actions,,FALSE,FALSE,FALSE,FALSE,FALSE,FALSE,FALSE,FALSE,FALSE,FALSE,FALSE,FALSE,FALSE,FALSE,FALSE,FALSE,FALSE,2,0
flexbooru,FALSE,FALSE,FALSE,,FALSE,,None,CircleCI,,FALSE,FALSE,FALSE,FALSE,FALSE,FALSE,FALSE,FALSE,FALSE,FALSE,FALSE,FALSE,FALSE,FALSE,FALSE,FALSE,FALSE,1,0
fling,TRUE,FALSE,FALSE,,FALSE,,None,GitHub Actions,,FALSE,FALSE,FALSE,FALSE,FALSE,FALSE,FALSE,FALSE,FALSE,FALSE,FALSE,FALSE,FALSE,FALSE,FALSE,FALSE,FALSE,1,0
flinspirer,TRUE,FALSE,FALSE,,FALSE,,None,GitHub Actions,,FALSE,FALSE,FALSE,FALSE,FALSE,FALSE,FALSE,FALSE,FALSE,FALSE,FALSE,FALSE,FALSE,FALSE,FALSE,FALSE,FALSE,1,0
flipper-android-app,TRUE,FALSE,FALSE,,FALSE,,None,GitHub Actions,,FALSE,FALSE,FALSE,FALSE,FALSE,FALSE,FALSE,FALSE,FALSE,FALSE,FALSE,FALSE,FALSE,FALSE,FALSE,FALSE,FALSE,5,0
flir_app,TRUE,FALSE,FALSE,,FALSE,,None,GitHub Actions,,FALSE,FALSE,FALSE,FALSE,FALSE,FALSE,FALSE,FALSE,FALSE,FALSE,FALSE,FALSE,FALSE,FALSE,FALSE,FALSE,FALSE,1,0
floatingactionbutton-menu,TRUE,FALSE,FALSE,,FALSE,,None,GitHub Actions,,FALSE,FALSE,FALSE,FALSE,FALSE,FALSE,FALSE,FALSE,FALSE,FALSE,FALSE,FALSE,FALSE,FALSE,FALSE,FALSE,FALSE,1,0
floccus,TRUE,FALSE,FALSE,,FALSE,,None,GitHub Actions,,FALSE,FALSE,FALSE,FALSE,FALSE,FALSE,FALSE,FALSE,FALSE,FALSE,FALSE,FALSE,FALSE,FALSE,FALSE,FALSE,FALSE,7,0
flone-android,TRUE,TRUE,FALSE,,TRUE,Travis CI_emulator_manual,Manual_ThirdParty,Travis CI,Travis CI,FALSE,FALSE,FALSE,FALSE,FALSE,FALSE,FALSE,FALSE,FALSE,FALSE,FALSE,FALSE,FALSE,FALSE,FALSE,FALSE,FALSE,1,0
flowit,TRUE,FALSE,FALSE,,FALSE,,None,GitHub Actions,,FALSE,FALSE,FALSE,FALSE,FALSE,FALSE,FALSE,FALSE,FALSE,FALSE,FALSE,FALSE,FALSE,FALSE,FALSE,FALSE,FALSE,1,0
fluidsynth-midi-service-j,TRUE,FALSE,FALSE,,FALSE,,None,GitHub Actions,,FALSE,FALSE,FALSE,FALSE,FALSE,FALSE,FALSE,FALSE,FALSE,FALSE,FALSE,FALSE,FALSE,FALSE,FALSE,FALSE,FALSE,1,0
flutsapp,FALSE,FALSE,FALSE,,FALSE,,None,Travis CI,,FALSE,FALSE,FALSE,FALSE,FALSE,FALSE,FALSE,FALSE,FALSE,FALSE,FALSE,FALSE,FALSE,FALSE,FALSE,FALSE,FALSE,1,0
flutter,TRUE,FALSE,FALSE,,FALSE,,None,GitHub Actions,,FALSE,FALSE,FALSE,FALSE,FALSE,FALSE,FALSE,FALSE,FALSE,FALSE,FALSE,FALSE,FALSE,FALSE,FALSE,FALSE,FALSE,5,0
flutter-calculator,TRUE,FALSE,FALSE,,FALSE,,None,GitHub Actions,,FALSE,FALSE,FALSE,FALSE,FALSE,FALSE,FALSE,FALSE,FALSE,FALSE,FALSE,FALSE,FALSE,FALSE,FALSE,FALSE,FALSE,1,0
flutter-ci-deployment,TRUE,FALSE,FALSE,,FALSE,,None,GitHub Actions,,FALSE,FALSE,FALSE,FALSE,FALSE,FALSE,FALSE,FALSE,FALSE,FALSE,FALSE,FALSE,FALSE,FALSE,FALSE,FALSE,FALSE,1,0
flutter-gif-search,TRUE,FALSE,FALSE,,FALSE,,None,GitHub Actions,,FALSE,FALSE,FALSE,FALSE,FALSE,FALSE,FALSE,FALSE,FALSE,FALSE,FALSE,FALSE,FALSE,FALSE,FALSE,FALSE,FALSE,1,0
flutter-hackernews,TRUE,FALSE,FALSE,,FALSE,,None,GitHub Actions,,FALSE,FALSE,FALSE,FALSE,FALSE,FALSE,FALSE,FALSE,FALSE,FALSE,FALSE,FALSE,FALSE,FALSE,FALSE,FALSE,FALSE,1,0
flutter-healthbook,TRUE,FALSE,FALSE,,FALSE,,None,Travis CI,,FALSE,FALSE,FALSE,FALSE,FALSE,FALSE,FALSE,FALSE,FALSE,FALSE,FALSE,FALSE,FALSE,FALSE,FALSE,FALSE,FALSE,1,0
flutter-learn,TRUE,FALSE,FALSE,,FALSE,,None,GitHub Actions,,FALSE,FALSE,FALSE,FALSE,FALSE,FALSE,FALSE,FALSE,FALSE,FALSE,FALSE,FALSE,FALSE,FALSE,FALSE,FALSE,FALSE,2,0
flutter-movie,TRUE,FALSE,FALSE,,FALSE,,None,GitHub Actions,,FALSE,FALSE,FALSE,FALSE,FALSE,FALSE,FALSE,FALSE,FALSE,FALSE,FALSE,FALSE,FALSE,FALSE,FALSE,FALSE,FALSE,1,0
flutter-music-app,FALSE,FALSE,FALSE,,FALSE,,None,GitHub Actions,,FALSE,FALSE,FALSE,FALSE,FALSE,FALSE,FALSE,FALSE,FALSE,FALSE,FALSE,FALSE,FALSE,FALSE,FALSE,FALSE,FALSE,1,1
flutter-social,TRUE,FALSE,FALSE,,FALSE,,None,GitHub Actions,,FALSE,FALSE,FALSE,FALSE,FALSE,FALSE,FALSE,FALSE,FALSE,FALSE,FALSE,FALSE,FALSE,FALSE,FALSE,FALSE,FALSE,2,0
flutter-timesheet,TRUE,FALSE,FALSE,,FALSE,,None,GitHub Actions,,FALSE,FALSE,FALSE,FALSE,FALSE,FALSE,FALSE,FALSE,FALSE,FALSE,FALSE,FALSE,FALSE,FALSE,FALSE,FALSE,FALSE,1,0
flutter-weather,TRUE,FALSE,FALSE,,FALSE,,None,Travis CI,,FALSE,FALSE,FALSE,FALSE,FALSE,FALSE,FALSE,FALSE,FALSE,FALSE,FALSE,FALSE,FALSE,FALSE,FALSE,FALSE,FALSE,1,0
flutter_book,TRUE,FALSE,FALSE,,FALSE,,None,GitHub Actions,,FALSE,FALSE,FALSE,FALSE,FALSE,FALSE,FALSE,FALSE,FALSE,FALSE,FALSE,FALSE,FALSE,FALSE,FALSE,FALSE,FALSE,1,0
flutter_callkit_incoming,TRUE,FALSE,FALSE,,FALSE,,None,GitHub Actions,,FALSE,FALSE,FALSE,FALSE,FALSE,FALSE,FALSE,FALSE,FALSE,FALSE,FALSE,FALSE,FALSE,FALSE,FALSE,FALSE,FALSE,1,0
flutter_developer_portfolio,TRUE,FALSE,FALSE,,FALSE,,None,GitHub Actions,,FALSE,FALSE,FALSE,FALSE,FALSE,FALSE,FALSE,FALSE,FALSE,FALSE,FALSE,FALSE,FALSE,FALSE,FALSE,FALSE,FALSE,1,0
flutter_instagram,TRUE,FALSE,FALSE,,FALSE,,None,GitHub Actions,,FALSE,FALSE,FALSE,FALSE,FALSE,FALSE,FALSE,FALSE,FALSE,FALSE,FALSE,FALSE,FALSE,FALSE,FALSE,FALSE,FALSE,1,0
flutter_japanese_restaurant_app,TRUE,FALSE,FALSE,,FALSE,,None,GitHub Actions,,FALSE,FALSE,FALSE,FALSE,FALSE,FALSE,FALSE,FALSE,FALSE,FALSE,FALSE,FALSE,FALSE,FALSE,FALSE,FALSE,FALSE,1,0
flutter_permission_using_bloc,TRUE,FALSE,FALSE,,FALSE,,None,GitHub Actions,,FALSE,FALSE,FALSE,FALSE,FALSE,FALSE,FALSE,FALSE,FALSE,FALSE,FALSE,FALSE,FALSE,FALSE,FALSE,FALSE,FALSE,1,0
flutter_server_box,TRUE,FALSE,FALSE,,FALSE,,None,GitHub Actions,,FALSE,FALSE,FALSE,FALSE,FALSE,FALSE,FALSE,FALSE,FALSE,FALSE,FALSE,FALSE,FALSE,FALSE,FALSE,FALSE,FALSE,2,0
flutter_thrio,TRUE,FALSE,FALSE,,FALSE,,None,GitHub Actions,,FALSE,FALSE,FALSE,FALSE,FALSE,FALSE,FALSE,FALSE,FALSE,FALSE,FALSE,FALSE,FALSE,FALSE,FALSE,FALSE,FALSE,1,0
flutterwechat,TRUE,FALSE,FALSE,,FALSE,,None,Travis CI,,FALSE,FALSE,FALSE,FALSE,FALSE,FALSE,FALSE,FALSE,FALSE,FALSE,FALSE,FALSE,FALSE,FALSE,FALSE,FALSE,FALSE,1,0
fontster,TRUE,FALSE,FALSE,,FALSE,,None,Travis CI,,FALSE,FALSE,FALSE,FALSE,FALSE,FALSE,FALSE,FALSE,FALSE,FALSE,FALSE,FALSE,FALSE,FALSE,FALSE,FALSE,FALSE,1,0
foocam,FALSE,FALSE,FALSE,,FALSE,,None,GitLab CI,,FALSE,FALSE,FALSE,FALSE,FALSE,FALSE,FALSE,FALSE,FALSE,FALSE,FALSE,FALSE,FALSE,FALSE,FALSE,FALSE,FALSE,1,0
food_delivery_ui_flutter,TRUE,FALSE,FALSE,,FALSE,,None,GitHub Actions,,FALSE,FALSE,FALSE,FALSE,FALSE,FALSE,FALSE,FALSE,FALSE,FALSE,FALSE,FALSE,FALSE,FALSE,FALSE,FALSE,FALSE,1,0
forage,TRUE,FALSE,FALSE,,FALSE,,None,CircleCI,,FALSE,FALSE,FALSE,FALSE,FALSE,FALSE,FALSE,FALSE,FALSE,FALSE,FALSE,FALSE,FALSE,FALSE,FALSE,FALSE,FALSE,1,0
forecast,TRUE,FALSE,FALSE,,FALSE,,None,GitHub Actions,,FALSE,FALSE,FALSE,FALSE,FALSE,FALSE,FALSE,FALSE,FALSE,FALSE,FALSE,FALSE,FALSE,FALSE,FALSE,FALSE,FALSE,1,0
forecastie,TRUE,FALSE,FALSE,,FALSE,,None,"CircleCI, GitHub Actions",,FALSE,FALSE,FALSE,FALSE,FALSE,FALSE,FALSE,FALSE,FALSE,FALSE,FALSE,FALSE,FALSE,FALSE,FALSE,FALSE,FALSE,2,0
fosdem-companion-android,TRUE,FALSE,FALSE,,FALSE,,None,GitHub Actions,,FALSE,FALSE,FALSE,FALSE,FALSE,FALSE,FALSE,FALSE,FALSE,FALSE,FALSE,FALSE,FALSE,FALSE,FALSE,FALSE,FALSE,1,0
foss_warn,TRUE,FALSE,FALSE,,FALSE,,None,GitHub Actions,,FALSE,FALSE,FALSE,FALSE,FALSE,FALSE,FALSE,FALSE,FALSE,FALSE,FALSE,FALSE,FALSE,FALSE,FALSE,FALSE,FALSE,1,0
foundry,TRUE,FALSE,FALSE,,FALSE,,None,GitHub Actions,,FALSE,FALSE,FALSE,FALSE,FALSE,FALSE,FALSE,FALSE,FALSE,FALSE,FALSE,FALSE,FALSE,FALSE,FALSE,FALSE,FALSE,1,0
fpv-dvca,TRUE,FALSE,FALSE,,FALSE,,None,GitHub Actions,,FALSE,FALSE,FALSE,FALSE,FALSE,FALSE,FALSE,FALSE,FALSE,FALSE,FALSE,FALSE,FALSE,FALSE,FALSE,FALSE,FALSE,3,0
fractalzoo,TRUE,TRUE,FALSE,,TRUE,Travis CI_emulator_manual,"Manual_ThirdParty, None","GitHub Actions, Travis CI",Travis CI,FALSE,FALSE,FALSE,FALSE,FALSE,FALSE,FALSE,FALSE,FALSE,FALSE,FALSE,FALSE,FALSE,FALSE,FALSE,FALSE,FALSE,2,0
frag-den-staat-app,FALSE,FALSE,FALSE,,FALSE,,None,Travis CI,,FALSE,FALSE,FALSE,FALSE,FALSE,FALSE,FALSE,FALSE,FALSE,FALSE,FALSE,FALSE,FALSE,FALSE,FALSE,FALSE,FALSE,1,0
framer,TRUE,FALSE,FALSE,,FALSE,,None,GitHub Actions,,FALSE,FALSE,FALSE,FALSE,FALSE,FALSE,FALSE,FALSE,FALSE,FALSE,FALSE,FALSE,FALSE,FALSE,FALSE,FALSE,FALSE,1,0
frames,TRUE,FALSE,FALSE,,FALSE,,None,GitHub Actions,,FALSE,FALSE,FALSE,FALSE,FALSE,FALSE,FALSE,FALSE,FALSE,FALSE,FALSE,FALSE,FALSE,FALSE,FALSE,FALSE,FALSE,1,0
frameview,TRUE,FALSE,FALSE,,FALSE,,None,CircleCI,,FALSE,FALSE,FALSE,FALSE,FALSE,FALSE,FALSE,FALSE,FALSE,FALSE,FALSE,FALSE,FALSE,FALSE,FALSE,FALSE,FALSE,1,0
frankenstein,FALSE,FALSE,FALSE,,FALSE,,None,Travis CI,,FALSE,FALSE,FALSE,FALSE,FALSE,FALSE,FALSE,FALSE,FALSE,FALSE,FALSE,FALSE,FALSE,FALSE,FALSE,FALSE,FALSE,1,0
freeotp-android,FALSE,FALSE,FALSE,,FALSE,,None,Travis CI,,FALSE,FALSE,FALSE,FALSE,FALSE,FALSE,FALSE,FALSE,FALSE,FALSE,FALSE,FALSE,FALSE,FALSE,FALSE,FALSE,FALSE,1,0
freesound-android,FALSE,FALSE,FALSE,,FALSE,,None,Travis CI,,FALSE,FALSE,FALSE,FALSE,FALSE,FALSE,FALSE,FALSE,FALSE,FALSE,FALSE,FALSE,FALSE,FALSE,FALSE,FALSE,FALSE,1,0
freetamilebooks,TRUE,FALSE,FALSE,,FALSE,,None,GitHub Actions,,FALSE,FALSE,FALSE,FALSE,FALSE,FALSE,FALSE,FALSE,FALSE,FALSE,FALSE,FALSE,FALSE,FALSE,FALSE,FALSE,FALSE,1,0
freezer,FALSE,FALSE,FALSE,,FALSE,,None,Travis CI,,FALSE,FALSE,FALSE,FALSE,FALSE,FALSE,FALSE,FALSE,FALSE,FALSE,FALSE,FALSE,FALSE,FALSE,FALSE,FALSE,FALSE,1,0
freezeyou,TRUE,FALSE,FALSE,,FALSE,,None,"GitHub Actions, Travis CI",,FALSE,FALSE,FALSE,FALSE,FALSE,FALSE,FALSE,FALSE,FALSE,FALSE,FALSE,FALSE,FALSE,FALSE,FALSE,FALSE,FALSE,2,0
freifunkautoconnectapp,TRUE,TRUE,FALSE,,TRUE,Travis CI_emulator_manual,Manual_ThirdParty,Travis CI,Travis CI,FALSE,FALSE,FALSE,FALSE,FALSE,FALSE,FALSE,FALSE,FALSE,FALSE,FALSE,FALSE,FALSE,FALSE,FALSE,FALSE,FALSE,1,0
fridgexlight,TRUE,FALSE,FALSE,,FALSE,,None,GitHub Actions,,FALSE,FALSE,FALSE,FALSE,FALSE,FALSE,FALSE,FALSE,FALSE,FALSE,FALSE,FALSE,FALSE,FALSE,FALSE,FALSE,FALSE,1,0
frinder-app,TRUE,TRUE,FALSE,,TRUE,Travis CI_emulator_manual,Manual_ThirdParty,Travis CI,Travis CI,FALSE,FALSE,FALSE,FALSE,FALSE,FALSE,FALSE,FALSE,FALSE,FALSE,FALSE,FALSE,FALSE,FALSE,FALSE,FALSE,FALSE,1,0
frisbee,TRUE,FALSE,FALSE,,FALSE,,None,Travis CI,,FALSE,FALSE,FALSE,FALSE,FALSE,FALSE,FALSE,FALSE,FALSE,FALSE,FALSE,FALSE,FALSE,FALSE,FALSE,FALSE,FALSE,1,0
fritter,TRUE,FALSE,FALSE,,FALSE,,None,GitHub Actions,,FALSE,FALSE,FALSE,FALSE,FALSE,FALSE,FALSE,FALSE,FALSE,FALSE,FALSE,FALSE,FALSE,FALSE,FALSE,FALSE,FALSE,2,0
frogo-notification,TRUE,FALSE,FALSE,,FALSE,,None,GitHub Actions,,FALSE,FALSE,FALSE,FALSE,FALSE,FALSE,FALSE,FALSE,FALSE,FALSE,FALSE,FALSE,FALSE,FALSE,FALSE,FALSE,FALSE,2,0
frost-for-facebook,TRUE,FALSE,FALSE,,FALSE,,None,GitHub Actions,,FALSE,FALSE,FALSE,FALSE,FALSE,FALSE,FALSE,FALSE,FALSE,FALSE,FALSE,FALSE,FALSE,FALSE,FALSE,FALSE,FALSE,1,0
fucksgiven,TRUE,FALSE,FALSE,,FALSE,,None,GitHub Actions,,FALSE,FALSE,FALSE,FALSE,FALSE,FALSE,FALSE,FALSE,FALSE,FALSE,FALSE,FALSE,FALSE,FALSE,FALSE,FALSE,FALSE,4,0
fuckview,FALSE,FALSE,FALSE,,FALSE,,None,Travis CI,,FALSE,FALSE,FALSE,FALSE,FALSE,FALSE,FALSE,FALSE,FALSE,FALSE,FALSE,FALSE,FALSE,FALSE,FALSE,FALSE,FALSE,1,0
fuelup,TRUE,TRUE,FALSE,,TRUE,Travis CI_emulator_manual,Manual_ThirdParty,Travis CI,Travis CI,FALSE,FALSE,FALSE,FALSE,FALSE,FALSE,FALSE,FALSE,FALSE,FALSE,FALSE,FALSE,FALSE,FALSE,FALSE,FALSE,FALSE,1,0
fulguris,TRUE,FALSE,FALSE,,FALSE,,None,"GitHub Actions, Travis CI",,FALSE,FALSE,FALSE,FALSE,FALSE,FALSE,FALSE,FALSE,FALSE,FALSE,FALSE,FALSE,FALSE,FALSE,FALSE,FALSE,FALSE,5,0
functionalandroidreference,TRUE,TRUE,FALSE,,TRUE,Travis CI_emulator_manual,Manual_ThirdParty,Travis CI,Travis CI,FALSE,FALSE,FALSE,FALSE,FALSE,FALSE,FALSE,FALSE,FALSE,FALSE,FALSE,FALSE,FALSE,FALSE,FALSE,FALSE,FALSE,1,0
fwdportforwardingapp,FALSE,FALSE,FALSE,,FALSE,,None,Travis CI,,FALSE,FALSE,FALSE,FALSE,FALSE,FALSE,FALSE,FALSE,FALSE,FALSE,FALSE,FALSE,FALSE,FALSE,FALSE,FALSE,FALSE,1,0
gallerywall,TRUE,FALSE,FALSE,,FALSE,,None,GitHub Actions,,FALSE,FALSE,FALSE,FALSE,FALSE,FALSE,FALSE,FALSE,FALSE,FALSE,FALSE,FALSE,FALSE,FALSE,FALSE,FALSE,FALSE,2,0
gamedealz,FALSE,FALSE,FALSE,,FALSE,,None,CircleCI,,FALSE,FALSE,FALSE,FALSE,FALSE,FALSE,FALSE,FALSE,FALSE,FALSE,FALSE,FALSE,FALSE,FALSE,FALSE,FALSE,FALSE,1,1
garlic-launcher,TRUE,FALSE,FALSE,,FALSE,,None,GitHub Actions,,FALSE,FALSE,FALSE,FALSE,FALSE,FALSE,FALSE,FALSE,FALSE,FALSE,FALSE,FALSE,FALSE,FALSE,FALSE,FALSE,FALSE,1,0
gauchoshare,TRUE,FALSE,FALSE,,FALSE,,None,GitHub Actions,,FALSE,FALSE,FALSE,FALSE,FALSE,FALSE,FALSE,FALSE,FALSE,FALSE,FALSE,FALSE,FALSE,FALSE,FALSE,FALSE,FALSE,1,0
gaugeprogressview,TRUE,FALSE,FALSE,,FALSE,,None,GitHub Actions,,FALSE,FALSE,FALSE,FALSE,FALSE,FALSE,FALSE,FALSE,FALSE,FALSE,FALSE,FALSE,FALSE,FALSE,FALSE,FALSE,FALSE,1,0
gbooks,TRUE,FALSE,FALSE,,FALSE,,None,GitHub Actions,,FALSE,FALSE,FALSE,FALSE,FALSE,FALSE,FALSE,FALSE,FALSE,FALSE,FALSE,FALSE,FALSE,FALSE,FALSE,FALSE,FALSE,1,0
gcam-services-provider,TRUE,FALSE,FALSE,,FALSE,,None,GitHub Actions,,FALSE,FALSE,FALSE,FALSE,FALSE,FALSE,FALSE,FALSE,FALSE,FALSE,FALSE,FALSE,FALSE,FALSE,FALSE,FALSE,FALSE,1,0
gdgpune-devfest19-android,FALSE,FALSE,FALSE,,FALSE,,None,Travis CI,,FALSE,FALSE,FALSE,FALSE,FALSE,FALSE,FALSE,FALSE,FALSE,FALSE,FALSE,FALSE,FALSE,FALSE,FALSE,FALSE,FALSE,1,0
gdps-android-public,TRUE,FALSE,FALSE,,FALSE,,None,GitHub Actions,,FALSE,FALSE,FALSE,FALSE,FALSE,FALSE,FALSE,FALSE,FALSE,FALSE,FALSE,FALSE,FALSE,FALSE,FALSE,FALSE,FALSE,2,0
gearoenix,TRUE,FALSE,FALSE,,FALSE,,None,GitHub Actions,,FALSE,FALSE,FALSE,FALSE,FALSE,FALSE,FALSE,FALSE,FALSE,FALSE,FALSE,FALSE,FALSE,FALSE,FALSE,FALSE,FALSE,2,0
gearshift,TRUE,FALSE,FALSE,,FALSE,,None,Travis CI,,FALSE,FALSE,FALSE,FALSE,FALSE,FALSE,FALSE,FALSE,FALSE,FALSE,FALSE,FALSE,FALSE,FALSE,FALSE,FALSE,FALSE,1,0
gelli,TRUE,FALSE,FALSE,,FALSE,,None,GitHub Actions,,FALSE,FALSE,FALSE,FALSE,FALSE,FALSE,FALSE,FALSE,FALSE,FALSE,FALSE,FALSE,FALSE,FALSE,FALSE,FALSE,FALSE,1,0
general-feedback,TRUE,FALSE,FALSE,,FALSE,,None,GitHub Actions,,FALSE,FALSE,FALSE,FALSE,FALSE,FALSE,FALSE,FALSE,FALSE,FALSE,FALSE,FALSE,FALSE,FALSE,FALSE,FALSE,FALSE,1,0
generation,TRUE,FALSE,FALSE,,FALSE,,None,GitHub Actions,,FALSE,FALSE,FALSE,FALSE,FALSE,FALSE,FALSE,FALSE,FALSE,FALSE,FALSE,FALSE,FALSE,FALSE,FALSE,FALSE,FALSE,3,0
generika_android,FALSE,FALSE,FALSE,,FALSE,,None,Travis CI,,FALSE,FALSE,FALSE,FALSE,FALSE,FALSE,FALSE,FALSE,FALSE,FALSE,FALSE,FALSE,FALSE,FALSE,FALSE,FALSE,FALSE,1,0
geometricweather,TRUE,FALSE,FALSE,,FALSE,,None,GitHub Actions,,FALSE,FALSE,FALSE,FALSE,FALSE,FALSE,FALSE,FALSE,FALSE,FALSE,FALSE,FALSE,FALSE,FALSE,FALSE,FALSE,FALSE,1,0
geonotesplus,TRUE,FALSE,FALSE,,FALSE,,None,"GitHub Actions, GitLab CI",,FALSE,FALSE,FALSE,FALSE,FALSE,FALSE,FALSE,FALSE,FALSE,FALSE,FALSE,FALSE,FALSE,FALSE,FALSE,FALSE,FALSE,2,0
gesturelockview,TRUE,FALSE,FALSE,,FALSE,,None,GitHub Actions,,FALSE,FALSE,FALSE,FALSE,FALSE,FALSE,FALSE,FALSE,FALSE,FALSE,FALSE,FALSE,FALSE,FALSE,FALSE,FALSE,FALSE,1,0
getback_gps,TRUE,FALSE,FALSE,,FALSE,,None,Travis CI,,FALSE,FALSE,FALSE,FALSE,FALSE,FALSE,FALSE,FALSE,FALSE,FALSE,FALSE,FALSE,FALSE,FALSE,FALSE,FALSE,FALSE,1,0
gh-release-monitor,TRUE,FALSE,FALSE,,FALSE,,None,GitHub Actions,,FALSE,FALSE,FALSE,FALSE,FALSE,FALSE,FALSE,FALSE,FALSE,FALSE,FALSE,FALSE,FALSE,FALSE,FALSE,FALSE,FALSE,5,0
ghala-android,TRUE,FALSE,FALSE,,FALSE,,None,GitHub Actions,,FALSE,FALSE,FALSE,FALSE,FALSE,FALSE,FALSE,FALSE,FALSE,FALSE,FALSE,FALSE,FALSE,FALSE,FALSE,FALSE,FALSE,1,0
ghini,TRUE,TRUE,FALSE,,TRUE,GitLab CI_emulator_manual,Manual_ThirdParty,GitLab CI,GitLab CI,FALSE,FALSE,FALSE,FALSE,FALSE,FALSE,FALSE,FALSE,FALSE,FALSE,FALSE,FALSE,FALSE,FALSE,FALSE,FALSE,FALSE,1,0
ghostotp,TRUE,FALSE,FALSE,,FALSE,,None,GitHub Actions,,FALSE,FALSE,FALSE,FALSE,FALSE,FALSE,FALSE,FALSE,FALSE,FALSE,FALSE,FALSE,FALSE,FALSE,FALSE,FALSE,FALSE,1,0
gidget,TRUE,FALSE,FALSE,,FALSE,,None,GitHub Actions,,FALSE,FALSE,FALSE,FALSE,FALSE,FALSE,FALSE,FALSE,FALSE,FALSE,FALSE,FALSE,FALSE,FALSE,FALSE,FALSE,FALSE,3,0
gif-wallpaper,TRUE,FALSE,FALSE,,FALSE,,None,GitHub Actions,,FALSE,FALSE,FALSE,FALSE,FALSE,FALSE,FALSE,FALSE,FALSE,FALSE,FALSE,FALSE,FALSE,FALSE,FALSE,FALSE,FALSE,7,0
gifimageview,FALSE,FALSE,FALSE,,FALSE,,None,Travis CI,,FALSE,FALSE,FALSE,FALSE,FALSE,FALSE,FALSE,FALSE,FALSE,FALSE,FALSE,FALSE,FALSE,FALSE,FALSE,FALSE,FALSE,1,0
gifit,TRUE,FALSE,FALSE,,FALSE,,None,GitHub Actions,,FALSE,FALSE,FALSE,FALSE,FALSE,FALSE,FALSE,FALSE,FALSE,FALSE,FALSE,FALSE,FALSE,FALSE,FALSE,FALSE,FALSE,1,0
gift-card-guard,TRUE,FALSE,FALSE,,FALSE,,None,Travis CI,,FALSE,FALSE,FALSE,FALSE,FALSE,FALSE,FALSE,FALSE,FALSE,FALSE,FALSE,FALSE,FALSE,FALSE,FALSE,FALSE,FALSE,1,0
giggity,TRUE,FALSE,FALSE,,FALSE,,None,GitHub Actions,,FALSE,FALSE,FALSE,FALSE,FALSE,FALSE,FALSE,FALSE,FALSE,FALSE,FALSE,FALSE,FALSE,FALSE,FALSE,FALSE,FALSE,2,0
git-point,TRUE,FALSE,FALSE,,FALSE,,None,Travis CI,,FALSE,FALSE,FALSE,FALSE,FALSE,FALSE,FALSE,FALSE,FALSE,FALSE,FALSE,FALSE,FALSE,FALSE,FALSE,FALSE,FALSE,1,0
git-touch,TRUE,FALSE,FALSE,,FALSE,,None,GitHub Actions,,FALSE,FALSE,FALSE,FALSE,FALSE,FALSE,FALSE,FALSE,FALSE,FALSE,FALSE,FALSE,FALSE,FALSE,FALSE,FALSE,FALSE,1,0
gitexplorer-android,TRUE,FALSE,FALSE,,FALSE,,None,GitHub Actions,,FALSE,FALSE,FALSE,FALSE,FALSE,FALSE,FALSE,FALSE,FALSE,FALSE,FALSE,FALSE,FALSE,FALSE,FALSE,FALSE,FALSE,1,0
githubvisualizer,FALSE,FALSE,FALSE,,FALSE,,None,Travis CI,,FALSE,FALSE,FALSE,FALSE,FALSE,FALSE,FALSE,FALSE,FALSE,FALSE,FALSE,FALSE,FALSE,FALSE,FALSE,FALSE,FALSE,1,0
gitnotes,TRUE,FALSE,FALSE,,FALSE,,None,Travis CI,,FALSE,FALSE,FALSE,FALSE,FALSE,FALSE,FALSE,FALSE,FALSE,FALSE,FALSE,FALSE,FALSE,FALSE,FALSE,FALSE,FALSE,1,0
gitpositive,TRUE,FALSE,FALSE,,FALSE,,None,GitHub Actions,,FALSE,FALSE,FALSE,FALSE,FALSE,FALSE,FALSE,FALSE,FALSE,FALSE,FALSE,FALSE,FALSE,FALSE,FALSE,FALSE,FALSE,2,0
gitsurf,TRUE,FALSE,FALSE,,FALSE,,None,GitHub Actions,,FALSE,FALSE,FALSE,FALSE,FALSE,FALSE,FALSE,FALSE,FALSE,FALSE,FALSE,FALSE,FALSE,FALSE,FALSE,FALSE,FALSE,1,0
gjzs,TRUE,FALSE,FALSE,,FALSE,,None,GitHub Actions,,FALSE,FALSE,FALSE,FALSE,FALSE,FALSE,FALSE,FALSE,FALSE,FALSE,FALSE,FALSE,FALSE,FALSE,FALSE,FALSE,FALSE,3,0
glass-notes-app,FALSE,FALSE,FALSE,,FALSE,,None,Travis CI,,FALSE,FALSE,FALSE,FALSE,FALSE,FALSE,FALSE,FALSE,FALSE,FALSE,FALSE,FALSE,FALSE,FALSE,FALSE,FALSE,FALSE,1,0
glider,TRUE,FALSE,FALSE,,FALSE,,None,GitHub Actions,,FALSE,FALSE,FALSE,FALSE,FALSE,FALSE,FALSE,FALSE,FALSE,FALSE,FALSE,FALSE,FALSE,FALSE,FALSE,FALSE,FALSE,2,0
gloom,TRUE,FALSE,FALSE,,FALSE,,None,GitHub Actions,,FALSE,FALSE,FALSE,FALSE,FALSE,FALSE,FALSE,FALSE,FALSE,FALSE,FALSE,FALSE,FALSE,FALSE,FALSE,FALSE,FALSE,2,0
glowbutton,TRUE,FALSE,FALSE,,FALSE,,None,Travis CI,,FALSE,FALSE,FALSE,FALSE,FALSE,FALSE,FALSE,FALSE,FALSE,FALSE,FALSE,FALSE,FALSE,FALSE,FALSE,FALSE,FALSE,1,0
glowing-potato,TRUE,FALSE,FALSE,,FALSE,,None,Travis CI,,FALSE,FALSE,FALSE,FALSE,FALSE,FALSE,FALSE,FALSE,FALSE,FALSE,FALSE,FALSE,FALSE,FALSE,FALSE,FALSE,FALSE,1,0
glucosio-android,TRUE,FALSE,FALSE,,FALSE,,None,Travis CI,,FALSE,FALSE,FALSE,FALSE,FALSE,FALSE,FALSE,FALSE,FALSE,FALSE,FALSE,FALSE,FALSE,FALSE,FALSE,FALSE,FALSE,1,0
glut,TRUE,FALSE,FALSE,,FALSE,,None,GitHub Actions,,FALSE,FALSE,FALSE,FALSE,FALSE,FALSE,FALSE,FALSE,FALSE,FALSE,FALSE,FALSE,FALSE,FALSE,FALSE,FALSE,FALSE,2,0
gnucash-android,FALSE,FALSE,FALSE,,FALSE,,None,Travis CI,,FALSE,FALSE,FALSE,FALSE,FALSE,FALSE,FALSE,FALSE,FALSE,FALSE,FALSE,FALSE,FALSE,FALSE,FALSE,FALSE,FALSE,1,0
go4lunch,TRUE,FALSE,FALSE,,FALSE,,None,Travis CI,,FALSE,FALSE,FALSE,FALSE,FALSE,FALSE,FALSE,FALSE,FALSE,FALSE,FALSE,FALSE,FALSE,FALSE,FALSE,FALSE,FALSE,1,0
gobandroid,TRUE,FALSE,FALSE,,FALSE,,None,GitHub Actions,,FALSE,FALSE,FALSE,FALSE,FALSE,FALSE,FALSE,FALSE,FALSE,FALSE,FALSE,FALSE,FALSE,FALSE,FALSE,FALSE,FALSE,1,0
gobi-player,FALSE,FALSE,FALSE,,FALSE,,None,Travis CI,,FALSE,FALSE,FALSE,FALSE,FALSE,FALSE,FALSE,FALSE,FALSE,FALSE,FALSE,FALSE,FALSE,FALSE,FALSE,FALSE,FALSE,1,0
gocorona,TRUE,FALSE,FALSE,,FALSE,,None,GitHub Actions,,FALSE,FALSE,FALSE,FALSE,FALSE,FALSE,FALSE,FALSE,FALSE,FALSE,FALSE,FALSE,FALSE,FALSE,FALSE,FALSE,FALSE,1,0
godot,TRUE,FALSE,FALSE,,FALSE,,None,GitHub Actions,,FALSE,FALSE,FALSE,FALSE,FALSE,FALSE,FALSE,FALSE,FALSE,FALSE,FALSE,FALSE,FALSE,FALSE,FALSE,FALSE,FALSE,9,0
gofun-android,FALSE,FALSE,FALSE,,FALSE,,None,Travis CI,,FALSE,FALSE,FALSE,FALSE,FALSE,FALSE,FALSE,FALSE,FALSE,FALSE,FALSE,FALSE,FALSE,FALSE,FALSE,FALSE,FALSE,1,0
golearning,TRUE,FALSE,FALSE,,FALSE,,None,GitHub Actions,,FALSE,FALSE,FALSE,FALSE,FALSE,FALSE,FALSE,FALSE,FALSE,FALSE,FALSE,FALSE,FALSE,FALSE,FALSE,FALSE,FALSE,1,0
gomobile-ipfs,TRUE,TRUE,TRUE,GitHub Actions_emulator_manual,FALSE,,None,GitHub Actions,GitHub Actions,FALSE,FALSE,FALSE,FALSE,FALSE,FALSE,FALSE,FALSE,FALSE,FALSE,FALSE,FALSE,FALSE,FALSE,FALSE,FALSE,FALSE,4,0
good-weather,FALSE,FALSE,FALSE,,FALSE,,None,Travis CI,,FALSE,FALSE,FALSE,FALSE,FALSE,FALSE,FALSE,FALSE,FALSE,FALSE,FALSE,FALSE,FALSE,FALSE,FALSE,FALSE,FALSE,1,0
good_first_issue,TRUE,FALSE,FALSE,,FALSE,,None,GitHub Actions,,FALSE,FALSE,FALSE,FALSE,FALSE,FALSE,FALSE,FALSE,FALSE,FALSE,FALSE,FALSE,FALSE,FALSE,FALSE,FALSE,FALSE,1,0
gorestaurant-app,TRUE,FALSE,FALSE,,FALSE,,None,GitHub Actions,,FALSE,FALSE,FALSE,FALSE,FALSE,FALSE,FALSE,FALSE,FALSE,FALSE,FALSE,FALSE,FALSE,FALSE,FALSE,FALSE,FALSE,1,0
got-trivia,FALSE,FALSE,FALSE,,FALSE,,None,Travis CI,,FALSE,FALSE,FALSE,FALSE,FALSE,FALSE,FALSE,FALSE,FALSE,FALSE,FALSE,FALSE,FALSE,FALSE,FALSE,FALSE,FALSE,1,0
gpslogger,TRUE,FALSE,FALSE,,FALSE,,None,GitHub Actions,,FALSE,FALSE,FALSE,FALSE,FALSE,FALSE,FALSE,FALSE,FALSE,FALSE,FALSE,FALSE,FALSE,FALSE,FALSE,FALSE,FALSE,2,0
gptassist,TRUE,FALSE,FALSE,,FALSE,,None,GitHub Actions,,FALSE,FALSE,FALSE,FALSE,FALSE,FALSE,FALSE,FALSE,FALSE,FALSE,FALSE,FALSE,FALSE,FALSE,FALSE,FALSE,FALSE,1,0
grabredenvelope,FALSE,FALSE,FALSE,,FALSE,,None,Travis CI,,FALSE,FALSE,FALSE,FALSE,FALSE,FALSE,FALSE,FALSE,FALSE,FALSE,FALSE,FALSE,FALSE,FALSE,FALSE,FALSE,FALSE,1,0
graphhopper-maps-capacitor,TRUE,FALSE,FALSE,,FALSE,,None,GitHub Actions,,FALSE,FALSE,FALSE,FALSE,FALSE,FALSE,FALSE,FALSE,FALSE,FALSE,FALSE,FALSE,FALSE,FALSE,FALSE,FALSE,FALSE,2,0
grblcontroller,TRUE,FALSE,FALSE,,FALSE,,None,GitHub Actions,,FALSE,FALSE,FALSE,FALSE,FALSE,FALSE,FALSE,FALSE,FALSE,FALSE,FALSE,FALSE,FALSE,FALSE,FALSE,FALSE,FALSE,2,0
green_android,TRUE,FALSE,FALSE,,FALSE,,None,"GitLab CI, Travis CI",,FALSE,FALSE,FALSE,FALSE,FALSE,FALSE,FALSE,FALSE,FALSE,FALSE,FALSE,FALSE,FALSE,FALSE,FALSE,FALSE,FALSE,2,0
greencloud,TRUE,FALSE,FALSE,,FALSE,,None,"CircleCI, GitHub Actions",,FALSE,FALSE,FALSE,FALSE,FALSE,FALSE,FALSE,FALSE,FALSE,FALSE,FALSE,FALSE,FALSE,FALSE,FALSE,FALSE,FALSE,2,0
greenpass-android,TRUE,TRUE,TRUE,GitHub_emulator_full,FALSE,,"GitHub_Hosted, None",GitHub Actions,GitHub Actions,FALSE,FALSE,FALSE,FALSE,FALSE,FALSE,FALSE,FALSE,FALSE,FALSE,FALSE,FALSE,TRUE,FALSE,FALSE,FALSE,1,4,0
greenstash,TRUE,FALSE,FALSE,,FALSE,,None,GitHub Actions,,FALSE,FALSE,FALSE,FALSE,FALSE,FALSE,FALSE,FALSE,FALSE,FALSE,FALSE,FALSE,FALSE,FALSE,FALSE,FALSE,FALSE,2,0
gridle,TRUE,FALSE,FALSE,,FALSE,,None,GitHub Actions,,FALSE,FALSE,FALSE,FALSE,FALSE,FALSE,FALSE,FALSE,FALSE,FALSE,FALSE,FALSE,FALSE,FALSE,FALSE,FALSE,FALSE,2,0
grocy-android,TRUE,FALSE,FALSE,,FALSE,,None,GitHub Actions,,FALSE,FALSE,FALSE,FALSE,FALSE,FALSE,FALSE,FALSE,FALSE,FALSE,FALSE,FALSE,FALSE,FALSE,FALSE,FALSE,FALSE,1,0
group-05,TRUE,TRUE,FALSE,,TRUE,Travis CI_emulator_manual,Manual_ThirdParty,Travis CI,Travis CI,FALSE,FALSE,FALSE,FALSE,FALSE,FALSE,FALSE,FALSE,FALSE,FALSE,FALSE,FALSE,FALSE,FALSE,FALSE,FALSE,FALSE,1,0
groupno1-vehicular-traffic-abatement,FALSE,FALSE,FALSE,,FALSE,,None,Travis CI,,FALSE,FALSE,FALSE,FALSE,FALSE,FALSE,FALSE,FALSE,FALSE,FALSE,FALSE,FALSE,FALSE,FALSE,FALSE,FALSE,FALSE,1,0
gsy_github_app_flutter,TRUE,FALSE,FALSE,,FALSE,,None,GitHub Actions,,FALSE,FALSE,FALSE,FALSE,FALSE,FALSE,FALSE,FALSE,FALSE,FALSE,FALSE,FALSE,FALSE,FALSE,FALSE,FALSE,FALSE,1,0
gsyricktext,FALSE,FALSE,FALSE,,FALSE,,None,Travis CI,,FALSE,FALSE,FALSE,FALSE,FALSE,FALSE,FALSE,FALSE,FALSE,FALSE,FALSE,FALSE,FALSE,FALSE,FALSE,FALSE,FALSE,1,0
gsyvideoplayer,TRUE,FALSE,FALSE,,FALSE,,None,GitHub Actions,,FALSE,FALSE,FALSE,FALSE,FALSE,FALSE,FALSE,FALSE,FALSE,FALSE,FALSE,FALSE,FALSE,FALSE,FALSE,FALSE,FALSE,2,0
guide7,TRUE,FALSE,FALSE,,FALSE,,None,Travis CI,,FALSE,FALSE,FALSE,FALSE,FALSE,FALSE,FALSE,FALSE,FALSE,FALSE,FALSE,FALSE,FALSE,FALSE,FALSE,FALSE,FALSE,1,0
guideapp,FALSE,FALSE,FALSE,,FALSE,,None,Travis CI,,FALSE,FALSE,FALSE,FALSE,FALSE,FALSE,FALSE,FALSE,FALSE,FALSE,FALSE,FALSE,FALSE,FALSE,FALSE,FALSE,FALSE,1,0
gurgle,TRUE,FALSE,FALSE,,FALSE,,None,GitHub Actions,,FALSE,FALSE,FALSE,FALSE,FALSE,FALSE,FALSE,FALSE,FALSE,FALSE,FALSE,FALSE,FALSE,FALSE,FALSE,FALSE,FALSE,2,0
gymaths,FALSE,FALSE,FALSE,,FALSE,,None,GitHub Actions,,FALSE,FALSE,FALSE,FALSE,FALSE,FALSE,FALSE,FALSE,FALSE,FALSE,FALSE,FALSE,FALSE,FALSE,FALSE,FALSE,FALSE,1,0
gymroutines,FALSE,FALSE,FALSE,,FALSE,,None,CircleCI,,FALSE,FALSE,FALSE,FALSE,FALSE,FALSE,FALSE,FALSE,FALSE,FALSE,FALSE,FALSE,FALSE,FALSE,FALSE,FALSE,FALSE,1,0
gyrodraw,TRUE,TRUE,FALSE,,TRUE,Travis CI_emulator_manual,Manual_ThirdParty,Travis CI,Travis CI,FALSE,FALSE,FALSE,FALSE,FALSE,FALSE,FALSE,FALSE,FALSE,FALSE,FALSE,FALSE,FALSE,FALSE,FALSE,FALSE,FALSE,1,1
habitbuilder,TRUE,FALSE,FALSE,,FALSE,,None,GitHub Actions,,FALSE,FALSE,FALSE,FALSE,FALSE,FALSE,FALSE,FALSE,FALSE,FALSE,FALSE,FALSE,FALSE,FALSE,FALSE,FALSE,FALSE,1,0
habot,TRUE,FALSE,FALSE,,FALSE,,None,GitHub Actions,,FALSE,FALSE,FALSE,FALSE,FALSE,FALSE,FALSE,FALSE,FALSE,FALSE,FALSE,FALSE,FALSE,FALSE,FALSE,FALSE,FALSE,1,0
hackdash,FALSE,FALSE,FALSE,,FALSE,,None,Travis CI,,FALSE,FALSE,FALSE,FALSE,FALSE,FALSE,FALSE,FALSE,FALSE,FALSE,FALSE,FALSE,FALSE,FALSE,FALSE,FALSE,FALSE,1,0
hacked,TRUE,FALSE,FALSE,,FALSE,,None,GitHub Actions,,FALSE,FALSE,FALSE,FALSE,FALSE,FALSE,FALSE,FALSE,FALSE,FALSE,FALSE,FALSE,FALSE,FALSE,FALSE,FALSE,FALSE,1,0
hackernews-react-native,TRUE,FALSE,FALSE,,FALSE,,None,GitHub Actions,,FALSE,FALSE,FALSE,FALSE,FALSE,FALSE,FALSE,FALSE,FALSE,FALSE,FALSE,FALSE,FALSE,FALSE,FALSE,FALSE,FALSE,1,0
hacki,TRUE,FALSE,FALSE,,FALSE,,None,GitHub Actions,,FALSE,FALSE,FALSE,FALSE,FALSE,FALSE,FALSE,FALSE,FALSE,FALSE,FALSE,FALSE,FALSE,FALSE,FALSE,FALSE,FALSE,2,0
hadithmv,TRUE,FALSE,FALSE,,FALSE,,None,GitLab CI,,FALSE,FALSE,FALSE,FALSE,FALSE,FALSE,FALSE,FALSE,FALSE,FALSE,FALSE,FALSE,FALSE,FALSE,FALSE,FALSE,FALSE,1,0
haifa3d-hand-app,TRUE,FALSE,FALSE,,FALSE,,None,Unknown,,FALSE,FALSE,FALSE,FALSE,FALSE,FALSE,FALSE,FALSE,FALSE,FALSE,FALSE,FALSE,FALSE,FALSE,FALSE,FALSE,FALSE,1,0
hail,TRUE,FALSE,FALSE,,FALSE,,None,GitHub Actions,,FALSE,FALSE,FALSE,FALSE,FALSE,FALSE,FALSE,FALSE,FALSE,FALSE,FALSE,FALSE,FALSE,FALSE,FALSE,FALSE,FALSE,1,0
hair-segmentation,FALSE,FALSE,FALSE,,FALSE,,None,Travis CI,,FALSE,FALSE,FALSE,FALSE,FALSE,FALSE,FALSE,FALSE,FALSE,FALSE,FALSE,FALSE,FALSE,FALSE,FALSE,FALSE,FALSE,1,0
hajk,TRUE,FALSE,FALSE,,FALSE,,None,"GitHub Actions, Unknown",,FALSE,FALSE,FALSE,FALSE,FALSE,FALSE,FALSE,FALSE,FALSE,FALSE,FALSE,FALSE,FALSE,FALSE,FALSE,FALSE,FALSE,2,0
halfdot,TRUE,FALSE,FALSE,,FALSE,,None,GitHub Actions,,FALSE,FALSE,FALSE,FALSE,FALSE,FALSE,FALSE,FALSE,FALSE,FALSE,FALSE,FALSE,FALSE,FALSE,FALSE,FALSE,FALSE,1,0
halma,TRUE,FALSE,FALSE,,FALSE,,None,GitHub Actions,,FALSE,FALSE,FALSE,FALSE,FALSE,FALSE,FALSE,FALSE,FALSE,FALSE,FALSE,FALSE,FALSE,FALSE,FALSE,FALSE,FALSE,4,0
handy,TRUE,FALSE,FALSE,,FALSE,,None,GitHub Actions,,FALSE,FALSE,FALSE,FALSE,FALSE,FALSE,FALSE,FALSE,FALSE,FALSE,FALSE,FALSE,FALSE,FALSE,FALSE,FALSE,FALSE,1,0
hanstargram,TRUE,FALSE,FALSE,,FALSE,,None,GitHub Actions,,FALSE,FALSE,FALSE,FALSE,FALSE,FALSE,FALSE,FALSE,FALSE,FALSE,FALSE,FALSE,FALSE,FALSE,FALSE,FALSE,FALSE,1,0
happybubble,TRUE,FALSE,FALSE,,FALSE,,None,GitHub Actions,,FALSE,FALSE,FALSE,FALSE,FALSE,FALSE,FALSE,FALSE,FALSE,FALSE,FALSE,FALSE,FALSE,FALSE,FALSE,FALSE,FALSE,1,0
harbour-berlin-vegan,TRUE,FALSE,FALSE,,FALSE,,None,Travis CI,,FALSE,FALSE,FALSE,FALSE,FALSE,FALSE,FALSE,FALSE,FALSE,FALSE,FALSE,FALSE,FALSE,FALSE,FALSE,FALSE,FALSE,1,0
harmony,TRUE,TRUE,FALSE,,TRUE,Firebase_Full,"None, ThirdParty_Service","CircleCI, GitHub Actions, GitLab CI",CircleCI,FALSE,FALSE,FALSE,FALSE,FALSE,FALSE,FALSE,FALSE,FALSE,FALSE,FALSE,FALSE,FALSE,FALSE,FALSE,FALSE,FALSE,3,0
hash-checker,TRUE,TRUE,TRUE,GitHub_emulator_full,FALSE,,"GitHub_Hosted, None",GitHub Actions,GitHub Actions,FALSE,FALSE,FALSE,FALSE,FALSE,FALSE,FALSE,FALSE,TRUE,FALSE,FALSE,FALSE,FALSE,FALSE,FALSE,FALSE,1,2,0
hash-launcher,TRUE,FALSE,FALSE,,FALSE,,None,GitHub Actions,,FALSE,FALSE,FALSE,FALSE,FALSE,FALSE,FALSE,FALSE,FALSE,FALSE,FALSE,FALSE,FALSE,FALSE,FALSE,FALSE,FALSE,1,0
hashr,FALSE,FALSE,FALSE,,FALSE,,None,Travis CI,,FALSE,FALSE,FALSE,FALSE,FALSE,FALSE,FALSE,FALSE,FALSE,FALSE,FALSE,FALSE,FALSE,FALSE,FALSE,FALSE,FALSE,1,0
hathor-wallet-mobile,TRUE,FALSE,FALSE,,FALSE,,None,GitHub Actions,,FALSE,FALSE,FALSE,FALSE,FALSE,FALSE,FALSE,FALSE,FALSE,FALSE,FALSE,FALSE,FALSE,FALSE,FALSE,FALSE,FALSE,1,0
headingcalculator,FALSE,FALSE,FALSE,,FALSE,,None,Travis CI,,FALSE,FALSE,FALSE,FALSE,FALSE,FALSE,FALSE,FALSE,FALSE,FALSE,FALSE,FALSE,FALSE,FALSE,FALSE,FALSE,FALSE,1,0
healersdiary,TRUE,TRUE,TRUE,"GitHub Actions_emulator_manual, GitHub_emulator_full",FALSE,,"GitHub_Hosted, None",GitHub Actions,GitHub Actions,FALSE,FALSE,FALSE,FALSE,FALSE,FALSE,FALSE,FALSE,FALSE,FALSE,FALSE,FALSE,FALSE,FALSE,FALSE,FALSE,FALSE,3,0
hearmenow-depressionchatbot-dialogflow,TRUE,FALSE,FALSE,,FALSE,,None,Travis CI,,FALSE,FALSE,FALSE,FALSE,FALSE,FALSE,FALSE,FALSE,FALSE,FALSE,FALSE,FALSE,FALSE,FALSE,FALSE,FALSE,FALSE,1,0
heartbeat,TRUE,FALSE,FALSE,,FALSE,,None,GitHub Actions,,FALSE,FALSE,FALSE,FALSE,FALSE,FALSE,FALSE,FALSE,FALSE,FALSE,FALSE,FALSE,FALSE,FALSE,FALSE,FALSE,FALSE,1,0
heed,TRUE,FALSE,FALSE,,FALSE,,None,GitHub Actions,,FALSE,FALSE,FALSE,FALSE,FALSE,FALSE,FALSE,FALSE,FALSE,FALSE,FALSE,FALSE,FALSE,FALSE,FALSE,FALSE,FALSE,1,0
helio-workstation,TRUE,FALSE,FALSE,,FALSE,,None,"Travis CI, Unknown",,FALSE,FALSE,FALSE,FALSE,FALSE,FALSE,FALSE,FALSE,FALSE,FALSE,FALSE,FALSE,FALSE,FALSE,FALSE,FALSE,FALSE,2,0
hello-java-android,TRUE,FALSE,FALSE,,FALSE,,None,GitHub Actions,,FALSE,FALSE,FALSE,FALSE,FALSE,FALSE,FALSE,FALSE,FALSE,FALSE,FALSE,FALSE,FALSE,FALSE,FALSE,FALSE,FALSE,1,0
hello-react-native,TRUE,FALSE,FALSE,,FALSE,,None,GitHub Actions,,FALSE,FALSE,FALSE,FALSE,FALSE,FALSE,FALSE,FALSE,FALSE,FALSE,FALSE,FALSE,FALSE,FALSE,FALSE,FALSE,FALSE,3,0
herculade,TRUE,FALSE,FALSE,,FALSE,,None,GitHub Actions,,FALSE,FALSE,FALSE,FALSE,FALSE,FALSE,FALSE,FALSE,FALSE,FALSE,FALSE,FALSE,FALSE,FALSE,FALSE,FALSE,FALSE,3,0
hex,TRUE,FALSE,FALSE,,FALSE,,None,Travis CI,,FALSE,FALSE,FALSE,FALSE,FALSE,FALSE,FALSE,FALSE,FALSE,FALSE,FALSE,FALSE,FALSE,FALSE,FALSE,FALSE,FALSE,1,0
hexviewer,TRUE,FALSE,FALSE,,FALSE,,None,GitHub Actions,,FALSE,FALSE,FALSE,FALSE,FALSE,FALSE,FALSE,FALSE,FALSE,FALSE,FALSE,FALSE,FALSE,FALSE,FALSE,FALSE,FALSE,3,0
hglauncher,TRUE,TRUE,FALSE,,TRUE,Travis CI_emulator_manual,"Manual_ThirdParty, None","GitHub Actions, Travis CI",Travis CI,FALSE,FALSE,FALSE,FALSE,FALSE,FALSE,FALSE,FALSE,FALSE,FALSE,FALSE,FALSE,FALSE,FALSE,FALSE,FALSE,FALSE,2,0
hid-barcode-scanner,TRUE,FALSE,FALSE,,FALSE,,None,GitHub Actions,,FALSE,FALSE,FALSE,FALSE,FALSE,FALSE,FALSE,FALSE,FALSE,FALSE,FALSE,FALSE,FALSE,FALSE,FALSE,FALSE,FALSE,3,0
hilt-sandbox,TRUE,TRUE,TRUE,GitHub_emulator_full,FALSE,,GitHub_Hosted,GitHub Actions,GitHub Actions,FALSE,FALSE,TRUE,FALSE,TRUE,FALSE,FALSE,TRUE,FALSE,FALSE,TRUE,TRUE,TRUE,FALSE,FALSE,FALSE,6,1,0
hishoot2i,TRUE,FALSE,FALSE,,FALSE,,None,GitHub Actions,,FALSE,FALSE,FALSE,FALSE,FALSE,FALSE,FALSE,FALSE,FALSE,FALSE,FALSE,FALSE,FALSE,FALSE,FALSE,FALSE,FALSE,2,0
hmi-android,FALSE,FALSE,FALSE,,FALSE,,None,Travis CI,,FALSE,FALSE,FALSE,FALSE,FALSE,FALSE,FALSE,FALSE,FALSE,FALSE,FALSE,FALSE,FALSE,FALSE,FALSE,FALSE,FALSE,1,0
hnews,TRUE,FALSE,FALSE,,FALSE,,None,GitHub Actions,,FALSE,FALSE,FALSE,FALSE,FALSE,FALSE,FALSE,FALSE,FALSE,FALSE,FALSE,FALSE,FALSE,FALSE,FALSE,FALSE,FALSE,1,0
holokenmod,FALSE,FALSE,FALSE,,FALSE,,None,Travis CI,,FALSE,FALSE,FALSE,FALSE,FALSE,FALSE,FALSE,FALSE,FALSE,FALSE,FALSE,FALSE,FALSE,FALSE,FALSE,FALSE,FALSE,1,0
homepi-android,TRUE,FALSE,FALSE,,FALSE,,None,GitHub Actions,,FALSE,FALSE,FALSE,FALSE,FALSE,FALSE,FALSE,FALSE,FALSE,FALSE,FALSE,FALSE,FALSE,FALSE,FALSE,FALSE,FALSE,1,0
horizontalpicker,FALSE,FALSE,FALSE,,FALSE,,None,Travis CI,,FALSE,FALSE,FALSE,FALSE,FALSE,FALSE,FALSE,FALSE,FALSE,FALSE,FALSE,FALSE,FALSE,FALSE,FALSE,FALSE,FALSE,1,0
hostel,TRUE,TRUE,FALSE,,TRUE,Firebase_Full,ThirdParty_Service,CircleCI,CircleCI,FALSE,FALSE,FALSE,FALSE,FALSE,FALSE,FALSE,FALSE,FALSE,FALSE,FALSE,FALSE,FALSE,FALSE,FALSE,FALSE,FALSE,1,0
hostelite,TRUE,FALSE,FALSE,,FALSE,,None,GitHub Actions,,FALSE,FALSE,FALSE,FALSE,FALSE,FALSE,FALSE,FALSE,FALSE,FALSE,FALSE,FALSE,FALSE,FALSE,FALSE,FALSE,FALSE,1,0
house,TRUE,FALSE,FALSE,,FALSE,,None,GitHub Actions,,FALSE,FALSE,FALSE,FALSE,FALSE,FALSE,FALSE,FALSE,FALSE,FALSE,FALSE,FALSE,FALSE,FALSE,FALSE,FALSE,FALSE,1,0
houseparty,TRUE,FALSE,FALSE,,FALSE,,None,Travis CI,,FALSE,FALSE,FALSE,FALSE,FALSE,FALSE,FALSE,FALSE,FALSE,FALSE,FALSE,FALSE,FALSE,FALSE,FALSE,FALSE,FALSE,1,0
how-to-flutter,TRUE,FALSE,FALSE,,FALSE,,None,GitHub Actions,,FALSE,FALSE,FALSE,FALSE,FALSE,FALSE,FALSE,FALSE,FALSE,FALSE,FALSE,FALSE,FALSE,FALSE,FALSE,FALSE,FALSE,1,0
hrv-band,TRUE,FALSE,FALSE,,FALSE,,None,Travis CI,,FALSE,FALSE,FALSE,FALSE,FALSE,FALSE,FALSE,FALSE,FALSE,FALSE,FALSE,FALSE,FALSE,FALSE,FALSE,FALSE,FALSE,1,0
http-shortcuts,TRUE,FALSE,FALSE,,FALSE,,None,GitHub Actions,,FALSE,FALSE,FALSE,FALSE,FALSE,FALSE,FALSE,FALSE,FALSE,FALSE,FALSE,FALSE,FALSE,FALSE,FALSE,FALSE,FALSE,1,0
httptracking,TRUE,FALSE,FALSE,,FALSE,,None,GitHub Actions,,FALSE,FALSE,FALSE,FALSE,FALSE,FALSE,FALSE,FALSE,FALSE,FALSE,FALSE,FALSE,FALSE,FALSE,FALSE,FALSE,FALSE,1,0
huaxiaoyu-fe,TRUE,FALSE,FALSE,,FALSE,,None,GitHub Actions,,FALSE,FALSE,FALSE,FALSE,FALSE,FALSE,FALSE,FALSE,FALSE,FALSE,FALSE,FALSE,FALSE,FALSE,FALSE,FALSE,FALSE,2,0
humanizer,TRUE,FALSE,FALSE,,FALSE,,None,GitHub Actions,,FALSE,FALSE,FALSE,FALSE,FALSE,FALSE,FALSE,FALSE,FALSE,FALSE,FALSE,FALSE,FALSE,FALSE,FALSE,FALSE,FALSE,1,0
hungarianringsforandroid,TRUE,TRUE,FALSE,,TRUE,Travis CI_emulator_manual,Manual_ThirdParty,Travis CI,Travis CI,FALSE,FALSE,FALSE,FALSE,FALSE,FALSE,FALSE,FALSE,FALSE,FALSE,FALSE,FALSE,FALSE,FALSE,FALSE,FALSE,FALSE,1,0
hunters,TRUE,FALSE,FALSE,,FALSE,,None,GitHub Actions,,FALSE,FALSE,FALSE,FALSE,FALSE,FALSE,FALSE,FALSE,FALSE,FALSE,FALSE,FALSE,FALSE,FALSE,FALSE,FALSE,FALSE,1,0
hydra-android,TRUE,FALSE,FALSE,,FALSE,,None,GitHub Actions,,FALSE,FALSE,FALSE,FALSE,FALSE,FALSE,FALSE,FALSE,FALSE,FALSE,FALSE,FALSE,FALSE,FALSE,FALSE,FALSE,FALSE,1,0
hypatia,TRUE,FALSE,FALSE,,FALSE,,None,GitLab CI,,FALSE,FALSE,FALSE,FALSE,FALSE,FALSE,FALSE,FALSE,FALSE,FALSE,FALSE,FALSE,FALSE,FALSE,FALSE,FALSE,FALSE,1,0
hyperrogue,TRUE,TRUE,TRUE,GitHub_emulator_full,FALSE,,"GitHub_Hosted, None","GitHub Actions, Travis CI",GitHub Actions,FALSE,FALSE,FALSE,FALSE,FALSE,FALSE,FALSE,FALSE,FALSE,TRUE,FALSE,FALSE,FALSE,FALSE,FALSE,FALSE,1,3,0
hyperupnp,TRUE,FALSE,FALSE,,FALSE,,None,GitHub Actions,,FALSE,FALSE,FALSE,FALSE,FALSE,FALSE,FALSE,FALSE,FALSE,FALSE,FALSE,FALSE,FALSE,FALSE,FALSE,FALSE,FALSE,1,0
i2pd-android,TRUE,FALSE,FALSE,,FALSE,,None,GitHub Actions,,FALSE,FALSE,FALSE,FALSE,FALSE,FALSE,FALSE,FALSE,FALSE,FALSE,FALSE,FALSE,FALSE,FALSE,FALSE,FALSE,FALSE,1,0
ichnaeanlpbackend,TRUE,FALSE,FALSE,,FALSE,,None,GitHub Actions,,FALSE,FALSE,FALSE,FALSE,FALSE,FALSE,FALSE,FALSE,FALSE,FALSE,FALSE,FALSE,FALSE,FALSE,FALSE,FALSE,FALSE,2,0
iconic-tab-bar,TRUE,TRUE,FALSE,,TRUE,Travis CI_emulator_manual,Manual_ThirdParty,Travis CI,Travis CI,FALSE,FALSE,FALSE,FALSE,FALSE,FALSE,FALSE,FALSE,FALSE,FALSE,FALSE,FALSE,FALSE,FALSE,FALSE,FALSE,FALSE,1,0
iconify,TRUE,FALSE,FALSE,,FALSE,,None,GitHub Actions,,FALSE,FALSE,FALSE,FALSE,FALSE,FALSE,FALSE,FALSE,FALSE,FALSE,FALSE,FALSE,FALSE,FALSE,FALSE,FALSE,FALSE,1,0
ics-openconnect,FALSE,FALSE,FALSE,,FALSE,,None,Travis CI,,FALSE,FALSE,FALSE,FALSE,FALSE,FALSE,FALSE,FALSE,FALSE,FALSE,FALSE,FALSE,FALSE,FALSE,FALSE,FALSE,FALSE,1,0
ics-openvpn,TRUE,FALSE,FALSE,,FALSE,,None,"GitHub Actions, Travis CI",,FALSE,FALSE,FALSE,FALSE,FALSE,FALSE,FALSE,FALSE,FALSE,FALSE,FALSE,FALSE,FALSE,FALSE,FALSE,FALSE,FALSE,2,0
icsx5,TRUE,TRUE,TRUE,"GitHub Actions_emulator_manual, GitHub_emulator_full",FALSE,,"GitHub_Hosted, None",GitHub Actions,GitHub Actions,FALSE,FALSE,FALSE,FALSE,FALSE,FALSE,FALSE,FALSE,FALSE,FALSE,FALSE,FALSE,TRUE,FALSE,FALSE,FALSE,1,4,0
ideabag2,TRUE,FALSE,FALSE,,FALSE,,None,Travis CI,,FALSE,FALSE,FALSE,FALSE,FALSE,FALSE,FALSE,FALSE,FALSE,FALSE,FALSE,FALSE,FALSE,FALSE,FALSE,FALSE,FALSE,1,0
ideatrackerplus,TRUE,TRUE,FALSE,,TRUE,Travis CI_emulator_manual,Manual_ThirdParty,Travis CI,Travis CI,FALSE,FALSE,FALSE,FALSE,FALSE,FALSE,FALSE,FALSE,FALSE,FALSE,FALSE,FALSE,FALSE,FALSE,FALSE,FALSE,FALSE,1,0
idee-android,TRUE,FALSE,FALSE,,FALSE,,None,CircleCI,,FALSE,FALSE,FALSE,FALSE,FALSE,FALSE,FALSE,FALSE,FALSE,FALSE,FALSE,FALSE,FALSE,FALSE,FALSE,FALSE,FALSE,1,0
ididit,TRUE,FALSE,FALSE,,FALSE,,None,GitHub Actions,,FALSE,FALSE,FALSE,FALSE,FALSE,FALSE,FALSE,FALSE,FALSE,FALSE,FALSE,FALSE,FALSE,FALSE,FALSE,FALSE,FALSE,4,0
ies-ips-android,FALSE,FALSE,FALSE,,FALSE,,None,GitHub Actions,,FALSE,FALSE,FALSE,FALSE,FALSE,FALSE,FALSE,FALSE,FALSE,FALSE,FALSE,FALSE,FALSE,FALSE,FALSE,FALSE,FALSE,1,0
if26-projet-android,TRUE,FALSE,FALSE,,FALSE,,None,Travis CI,,FALSE,FALSE,FALSE,FALSE,FALSE,FALSE,FALSE,FALSE,FALSE,FALSE,FALSE,FALSE,FALSE,FALSE,FALSE,FALSE,FALSE,1,0
iit-bhu-app,TRUE,FALSE,FALSE,,FALSE,,None,GitHub Actions,,FALSE,FALSE,FALSE,FALSE,FALSE,FALSE,FALSE,FALSE,FALSE,FALSE,FALSE,FALSE,FALSE,FALSE,FALSE,FALSE,FALSE,3,0
iitp-connect,TRUE,FALSE,FALSE,,FALSE,,None,"CircleCI, Travis CI",,FALSE,FALSE,FALSE,FALSE,FALSE,FALSE,FALSE,FALSE,FALSE,FALSE,FALSE,FALSE,FALSE,FALSE,FALSE,FALSE,FALSE,2,0
ijh-android,TRUE,FALSE,FALSE,,FALSE,,None,GitHub Actions,,FALSE,FALSE,FALSE,FALSE,FALSE,FALSE,FALSE,FALSE,FALSE,FALSE,FALSE,FALSE,FALSE,FALSE,FALSE,FALSE,FALSE,1,0
iliad,TRUE,FALSE,FALSE,,FALSE,,None,Travis CI,,FALSE,FALSE,FALSE,FALSE,FALSE,FALSE,FALSE,FALSE,FALSE,FALSE,FALSE,FALSE,FALSE,FALSE,FALSE,FALSE,FALSE,1,0
imagepicker,FALSE,FALSE,FALSE,,FALSE,,None,Travis CI,,FALSE,FALSE,FALSE,FALSE,FALSE,FALSE,FALSE,FALSE,FALSE,FALSE,FALSE,FALSE,FALSE,FALSE,FALSE,FALSE,FALSE,1,0
images-to-pdf,TRUE,FALSE,FALSE,,FALSE,,None,Travis CI,,FALSE,FALSE,FALSE,FALSE,FALSE,FALSE,FALSE,FALSE,FALSE,FALSE,FALSE,FALSE,FALSE,FALSE,FALSE,FALSE,FALSE,1,0
imagesearcher,TRUE,FALSE,FALSE,,FALSE,,None,GitHub Actions,,FALSE,FALSE,FALSE,FALSE,FALSE,FALSE,FALSE,FALSE,FALSE,FALSE,FALSE,FALSE,FALSE,FALSE,FALSE,FALSE,FALSE,1,0
improov,TRUE,FALSE,FALSE,,FALSE,,None,GitHub Actions,,FALSE,FALSE,FALSE,FALSE,FALSE,FALSE,FALSE,FALSE,FALSE,FALSE,FALSE,FALSE,FALSE,FALSE,FALSE,FALSE,FALSE,2,0
in-app-update-compose,TRUE,FALSE,FALSE,,FALSE,,None,GitHub Actions,,FALSE,FALSE,FALSE,FALSE,FALSE,FALSE,FALSE,FALSE,FALSE,FALSE,FALSE,FALSE,FALSE,FALSE,FALSE,FALSE,FALSE,6,0
infinity-for-reddit,TRUE,FALSE,FALSE,,FALSE,,None,GitHub Actions,,FALSE,FALSE,FALSE,FALSE,FALSE,FALSE,FALSE,FALSE,FALSE,FALSE,FALSE,FALSE,FALSE,FALSE,FALSE,FALSE,FALSE,2,0
ingress-intel-total-conversion,TRUE,FALSE,FALSE,,FALSE,,None,GitHub Actions,,FALSE,FALSE,FALSE,FALSE,FALSE,FALSE,FALSE,FALSE,FALSE,FALSE,FALSE,FALSE,FALSE,FALSE,FALSE,FALSE,FALSE,5,0
inkpageindicator,FALSE,FALSE,FALSE,,FALSE,,None,Travis CI,,FALSE,FALSE,FALSE,FALSE,FALSE,FALSE,FALSE,FALSE,FALSE,FALSE,FALSE,FALSE,FALSE,FALSE,FALSE,FALSE,FALSE,1,0
innertune,TRUE,FALSE,FALSE,,FALSE,,None,GitHub Actions,,FALSE,FALSE,FALSE,FALSE,FALSE,FALSE,FALSE,FALSE,FALSE,FALSE,FALSE,FALSE,FALSE,FALSE,FALSE,FALSE,FALSE,2,0
innoextract-android,TRUE,FALSE,FALSE,,FALSE,,None,GitHub Actions,,FALSE,FALSE,FALSE,FALSE,FALSE,FALSE,FALSE,FALSE,FALSE,FALSE,FALSE,FALSE,FALSE,FALSE,FALSE,FALSE,FALSE,3,0
inspector,TRUE,FALSE,FALSE,,FALSE,,None,GitHub Actions,,FALSE,FALSE,FALSE,FALSE,FALSE,FALSE,FALSE,FALSE,FALSE,FALSE,FALSE,FALSE,FALSE,FALSE,FALSE,FALSE,FALSE,3,0
instant,TRUE,FALSE,FALSE,,FALSE,,None,GitHub Actions,,FALSE,FALSE,FALSE,FALSE,FALSE,FALSE,FALSE,FALSE,FALSE,FALSE,FALSE,FALSE,FALSE,FALSE,FALSE,FALSE,FALSE,2,0
instiapp-android,TRUE,FALSE,FALSE,,FALSE,,None,GitHub Actions,,FALSE,FALSE,FALSE,FALSE,FALSE,FALSE,FALSE,FALSE,FALSE,FALSE,FALSE,FALSE,FALSE,FALSE,FALSE,FALSE,FALSE,1,0
insticomplaints-app,TRUE,FALSE,FALSE,,FALSE,,None,GitHub Actions,,FALSE,FALSE,FALSE,FALSE,FALSE,FALSE,FALSE,FALSE,FALSE,FALSE,FALSE,FALSE,FALSE,FALSE,FALSE,FALSE,FALSE,1,0
instigo,FALSE,FALSE,FALSE,,FALSE,,None,Travis CI,,FALSE,FALSE,FALSE,FALSE,FALSE,FALSE,FALSE,FALSE,FALSE,FALSE,FALSE,FALSE,FALSE,FALSE,FALSE,FALSE,FALSE,1,0
insync,TRUE,FALSE,FALSE,,FALSE,,None,GitHub Actions,,FALSE,FALSE,FALSE,FALSE,FALSE,FALSE,FALSE,FALSE,FALSE,FALSE,FALSE,FALSE,FALSE,FALSE,FALSE,FALSE,FALSE,1,0
integral,TRUE,FALSE,FALSE,,FALSE,,None,GitHub Actions,,FALSE,FALSE,FALSE,FALSE,FALSE,FALSE,FALSE,FALSE,FALSE,FALSE,FALSE,FALSE,FALSE,FALSE,FALSE,FALSE,FALSE,1,0
intent-intercept,FALSE,FALSE,FALSE,,FALSE,,None,Travis CI,,FALSE,FALSE,FALSE,FALSE,FALSE,FALSE,FALSE,FALSE,FALSE,FALSE,FALSE,FALSE,FALSE,FALSE,FALSE,FALSE,FALSE,1,0
interconnected_mobile_client,TRUE,FALSE,FALSE,,FALSE,,None,GitHub Actions,,FALSE,FALSE,FALSE,FALSE,FALSE,FALSE,FALSE,FALSE,FALSE,FALSE,FALSE,FALSE,FALSE,FALSE,FALSE,FALSE,FALSE,1,0
interfast,TRUE,FALSE,FALSE,,FALSE,,None,GitHub Actions,,FALSE,FALSE,FALSE,FALSE,FALSE,FALSE,FALSE,FALSE,FALSE,FALSE,FALSE,FALSE,FALSE,FALSE,FALSE,FALSE,FALSE,1,0
internallinkmovementmethod,FALSE,FALSE,FALSE,,FALSE,,None,Travis CI,,FALSE,FALSE,FALSE,FALSE,FALSE,FALSE,FALSE,FALSE,FALSE,FALSE,FALSE,FALSE,FALSE,FALSE,FALSE,FALSE,FALSE,1,0
inure,TRUE,FALSE,FALSE,,FALSE,,None,GitHub Actions,,FALSE,FALSE,FALSE,FALSE,FALSE,FALSE,FALSE,FALSE,FALSE,FALSE,FALSE,FALSE,FALSE,FALSE,FALSE,FALSE,FALSE,1,0
inventory-tracker,TRUE,FALSE,FALSE,,FALSE,,None,GitHub Actions,,FALSE,FALSE,FALSE,FALSE,FALSE,FALSE,FALSE,FALSE,FALSE,FALSE,FALSE,FALSE,FALSE,FALSE,FALSE,FALSE,FALSE,1,0
iptv,TRUE,FALSE,FALSE,,FALSE,,None,GitHub Actions,,FALSE,FALSE,FALSE,FALSE,FALSE,FALSE,FALSE,FALSE,FALSE,FALSE,FALSE,FALSE,FALSE,FALSE,FALSE,FALSE,FALSE,1,0
ireader,TRUE,FALSE,FALSE,,FALSE,,None,GitHub Actions,,FALSE,FALSE,FALSE,FALSE,FALSE,FALSE,FALSE,FALSE,FALSE,FALSE,FALSE,FALSE,FALSE,FALSE,FALSE,FALSE,FALSE,7,0
irl-link,TRUE,FALSE,FALSE,,FALSE,,None,GitHub Actions,,FALSE,FALSE,FALSE,FALSE,FALSE,FALSE,FALSE,FALSE,FALSE,FALSE,FALSE,FALSE,FALSE,FALSE,FALSE,FALSE,FALSE,2,0
irmamobile,TRUE,TRUE,FALSE,,TRUE,Firebase_Full,"None, ThirdParty_Service",GitHub Actions,GitHub Actions,FALSE,FALSE,FALSE,FALSE,FALSE,FALSE,FALSE,FALSE,FALSE,FALSE,FALSE,FALSE,FALSE,FALSE,FALSE,FALSE,FALSE,2,0
irremote,TRUE,FALSE,FALSE,,FALSE,,None,GitLab CI,,FALSE,FALSE,FALSE,FALSE,FALSE,FALSE,FALSE,FALSE,FALSE,FALSE,FALSE,FALSE,FALSE,FALSE,FALSE,FALSE,FALSE,1,0
italianfiscalcodecalculatorapp,TRUE,FALSE,FALSE,,FALSE,,None,GitHub Actions,,FALSE,FALSE,FALSE,FALSE,FALSE,FALSE,FALSE,FALSE,FALSE,FALSE,FALSE,FALSE,FALSE,FALSE,FALSE,FALSE,FALSE,1,0
itc-lms-unofficial,TRUE,FALSE,FALSE,,FALSE,,None,GitHub Actions,,FALSE,FALSE,FALSE,FALSE,FALSE,FALSE,FALSE,FALSE,FALSE,FALSE,FALSE,FALSE,FALSE,FALSE,FALSE,FALSE,FALSE,2,0
ithakaboardgame,TRUE,TRUE,FALSE,,TRUE,Travis CI_emulator_manual,Manual_ThirdParty,Travis CI,Travis CI,FALSE,FALSE,FALSE,FALSE,FALSE,FALSE,FALSE,FALSE,FALSE,FALSE,FALSE,FALSE,FALSE,FALSE,FALSE,FALSE,FALSE,1,0
itmoldova,FALSE,FALSE,FALSE,,FALSE,,None,Unknown,,FALSE,FALSE,FALSE,FALSE,FALSE,FALSE,FALSE,FALSE,FALSE,FALSE,FALSE,FALSE,FALSE,FALSE,FALSE,FALSE,FALSE,1,0
itracing2,FALSE,FALSE,FALSE,,FALSE,,None,CircleCI,,FALSE,FALSE,FALSE,FALSE,FALSE,FALSE,FALSE,FALSE,FALSE,FALSE,FALSE,FALSE,FALSE,FALSE,FALSE,FALSE,FALSE,1,0
jagrati,TRUE,FALSE,FALSE,,FALSE,,None,GitHub Actions,,FALSE,FALSE,FALSE,FALSE,FALSE,FALSE,FALSE,FALSE,FALSE,FALSE,FALSE,FALSE,FALSE,FALSE,FALSE,FALSE,FALSE,1,0
jamme,TRUE,FALSE,FALSE,,FALSE,,None,GitHub Actions,,FALSE,FALSE,FALSE,FALSE,FALSE,FALSE,FALSE,FALSE,FALSE,FALSE,FALSE,FALSE,FALSE,FALSE,FALSE,FALSE,FALSE,1,0
jamuz-remote,TRUE,FALSE,FALSE,,FALSE,,None,GitHub Actions,,FALSE,FALSE,FALSE,FALSE,FALSE,FALSE,FALSE,FALSE,FALSE,FALSE,FALSE,FALSE,FALSE,FALSE,FALSE,FALSE,FALSE,2,0
jazz2-native,TRUE,FALSE,FALSE,,FALSE,,None,GitHub Actions,,FALSE,FALSE,FALSE,FALSE,FALSE,FALSE,FALSE,FALSE,FALSE,FALSE,FALSE,FALSE,FALSE,FALSE,FALSE,FALSE,FALSE,12,0
jellyfin-android,TRUE,FALSE,FALSE,,FALSE,,None,GitHub Actions,,FALSE,FALSE,FALSE,FALSE,FALSE,FALSE,FALSE,FALSE,FALSE,FALSE,FALSE,FALSE,FALSE,FALSE,FALSE,FALSE,FALSE,8,0
jellyfin-androidtv,TRUE,FALSE,FALSE,,FALSE,,None,GitHub Actions,,FALSE,FALSE,FALSE,FALSE,FALSE,FALSE,FALSE,FALSE,FALSE,FALSE,FALSE,FALSE,FALSE,FALSE,FALSE,FALSE,FALSE,7,0
jellyfin-audio-player,TRUE,FALSE,FALSE,,FALSE,,None,GitHub Actions,,FALSE,FALSE,FALSE,FALSE,FALSE,FALSE,FALSE,FALSE,FALSE,FALSE,FALSE,FALSE,FALSE,FALSE,FALSE,FALSE,FALSE,2,0
jetcountrypicker,TRUE,FALSE,FALSE,,FALSE,,None,GitHub Actions,,FALSE,FALSE,FALSE,FALSE,FALSE,FALSE,FALSE,FALSE,FALSE,FALSE,FALSE,FALSE,FALSE,FALSE,FALSE,FALSE,FALSE,2,0
jetpack,TRUE,FALSE,FALSE,,FALSE,,None,GitHub Actions,,FALSE,FALSE,FALSE,FALSE,FALSE,FALSE,FALSE,FALSE,FALSE,FALSE,FALSE,FALSE,FALSE,FALSE,FALSE,FALSE,FALSE,1,0
jetpack-compose-bible,TRUE,FALSE,FALSE,,FALSE,,None,GitHub Actions,,FALSE,FALSE,FALSE,FALSE,FALSE,FALSE,FALSE,FALSE,FALSE,FALSE,FALSE,FALSE,FALSE,FALSE,FALSE,FALSE,FALSE,1,0
jetpack-mvvm-best-practice,TRUE,FALSE,FALSE,,FALSE,,None,GitHub Actions,,FALSE,FALSE,FALSE,FALSE,FALSE,FALSE,FALSE,FALSE,FALSE,FALSE,FALSE,FALSE,FALSE,FALSE,FALSE,FALSE,FALSE,1,0
jetpuppy,TRUE,TRUE,TRUE,GitHub_emulator_full,FALSE,,GitHub_Hosted,GitHub Actions,GitHub Actions,FALSE,FALSE,FALSE,FALSE,TRUE,FALSE,FALSE,TRUE,FALSE,FALSE,TRUE,FALSE,FALSE,FALSE,FALSE,FALSE,3,1,0
jetquotes,TRUE,FALSE,FALSE,,FALSE,,None,GitHub Actions,,FALSE,FALSE,FALSE,FALSE,FALSE,FALSE,FALSE,FALSE,FALSE,FALSE,FALSE,FALSE,FALSE,FALSE,FALSE,FALSE,FALSE,1,0
jisort,TRUE,FALSE,FALSE,,FALSE,,None,Travis CI,,FALSE,FALSE,FALSE,FALSE,FALSE,FALSE,FALSE,FALSE,FALSE,FALSE,FALSE,FALSE,FALSE,FALSE,FALSE,FALSE,FALSE,1,0
jiten-webview,FALSE,FALSE,FALSE,,FALSE,,None,GitHub Actions,,FALSE,FALSE,FALSE,FALSE,FALSE,FALSE,FALSE,FALSE,FALSE,FALSE,FALSE,FALSE,FALSE,FALSE,FALSE,FALSE,FALSE,1,0
jitsi-meet,TRUE,FALSE,FALSE,,FALSE,,None,"GitHub Actions, Travis CI",,FALSE,FALSE,FALSE,FALSE,FALSE,FALSE,FALSE,FALSE,FALSE,FALSE,FALSE,FALSE,FALSE,FALSE,FALSE,FALSE,FALSE,4,0
jl-mod,TRUE,FALSE,FALSE,,FALSE,,None,GitHub Actions,,FALSE,FALSE,FALSE,FALSE,FALSE,FALSE,FALSE,FALSE,FALSE,FALSE,FALSE,FALSE,FALSE,FALSE,FALSE,FALSE,FALSE,1,0
joplin,TRUE,FALSE,FALSE,,FALSE,,None,GitHub Actions,,FALSE,FALSE,FALSE,FALSE,FALSE,FALSE,FALSE,FALSE,FALSE,FALSE,FALSE,FALSE,FALSE,FALSE,FALSE,FALSE,FALSE,5,0
jounce,TRUE,FALSE,FALSE,,FALSE,,None,GitHub Actions,,FALSE,FALSE,FALSE,FALSE,FALSE,FALSE,FALSE,FALSE,FALSE,FALSE,FALSE,FALSE,FALSE,FALSE,FALSE,FALSE,FALSE,1,0
journal3,TRUE,FALSE,FALSE,,FALSE,,None,GitHub Actions,,FALSE,FALSE,FALSE,FALSE,FALSE,FALSE,FALSE,FALSE,FALSE,FALSE,FALSE,FALSE,FALSE,FALSE,FALSE,FALSE,FALSE,3,0
jreader,TRUE,FALSE,FALSE,,FALSE,,None,GitHub Actions,,FALSE,FALSE,FALSE,FALSE,FALSE,FALSE,FALSE,FALSE,FALSE,FALSE,FALSE,FALSE,FALSE,FALSE,FALSE,FALSE,FALSE,2,1
jsonviewer,FALSE,FALSE,FALSE,,FALSE,,None,Travis CI,,FALSE,FALSE,FALSE,FALSE,FALSE,FALSE,FALSE,FALSE,FALSE,FALSE,FALSE,FALSE,FALSE,FALSE,FALSE,FALSE,FALSE,1,0
jtt_android,TRUE,TRUE,FALSE,,TRUE,GitLab CI_emulator_manual,"Manual_ThirdParty, None","GitLab CI, Travis CI",GitLab CI,FALSE,FALSE,FALSE,FALSE,FALSE,FALSE,FALSE,FALSE,FALSE,FALSE,FALSE,FALSE,FALSE,FALSE,FALSE,FALSE,FALSE,2,0
jtxboard,TRUE,TRUE,TRUE,"GitHub Actions_emulator_manual, GitHub_GMD, GitHub_emulator_full",FALSE,,"GitHub_Hosted, None","GitHub Actions, GitLab CI",GitHub Actions,FALSE,FALSE,FALSE,FALSE,FALSE,FALSE,FALSE,FALSE,FALSE,FALSE,FALSE,FALSE,TRUE,FALSE,FALSE,FALSE,1,6,0
juicetimetable,TRUE,FALSE,FALSE,,FALSE,,None,GitHub Actions,,FALSE,FALSE,FALSE,FALSE,FALSE,FALSE,FALSE,FALSE,FALSE,FALSE,FALSE,FALSE,FALSE,FALSE,FALSE,FALSE,FALSE,2,0
jukuu,TRUE,FALSE,FALSE,,FALSE,,None,GitHub Actions,,FALSE,FALSE,FALSE,FALSE,FALSE,FALSE,FALSE,FALSE,FALSE,FALSE,FALSE,FALSE,FALSE,FALSE,FALSE,FALSE,FALSE,1,0
jumpdontdie,TRUE,FALSE,FALSE,,FALSE,,None,GitHub Actions,,FALSE,FALSE,FALSE,FALSE,FALSE,FALSE,FALSE,FALSE,FALSE,FALSE,FALSE,FALSE,FALSE,FALSE,FALSE,FALSE,FALSE,2,0
junior,TRUE,FALSE,FALSE,,FALSE,,None,GitHub Actions,,FALSE,FALSE,FALSE,FALSE,FALSE,FALSE,FALSE,FALSE,FALSE,FALSE,FALSE,FALSE,FALSE,FALSE,FALSE,FALSE,FALSE,1,0
just-chatting,TRUE,FALSE,FALSE,,FALSE,,None,GitHub Actions,,FALSE,FALSE,FALSE,FALSE,FALSE,FALSE,FALSE,FALSE,FALSE,FALSE,FALSE,FALSE,FALSE,FALSE,FALSE,FALSE,FALSE,2,0
just_another_workout_timer,TRUE,FALSE,FALSE,,FALSE,,None,GitHub Actions,,FALSE,FALSE,FALSE,FALSE,FALSE,FALSE,FALSE,FALSE,FALSE,FALSE,FALSE,FALSE,FALSE,FALSE,FALSE,FALSE,FALSE,2,0
jzandroidchart,FALSE,FALSE,FALSE,,FALSE,,None,Travis CI,,FALSE,FALSE,FALSE,FALSE,FALSE,FALSE,FALSE,FALSE,FALSE,FALSE,FALSE,FALSE,FALSE,FALSE,FALSE,FALSE,FALSE,1,0
k-9,TRUE,FALSE,FALSE,,FALSE,,None,GitHub Actions,,FALSE,FALSE,FALSE,FALSE,FALSE,FALSE,FALSE,FALSE,FALSE,FALSE,FALSE,FALSE,FALSE,FALSE,FALSE,FALSE,FALSE,3,0
k6nele,TRUE,FALSE,FALSE,,FALSE,,None,GitHub Actions,,FALSE,FALSE,FALSE,FALSE,FALSE,FALSE,FALSE,FALSE,FALSE,FALSE,FALSE,FALSE,FALSE,FALSE,FALSE,FALSE,FALSE,1,0
ka27,FALSE,FALSE,FALSE,,FALSE,,None,Travis CI,,FALSE,FALSE,FALSE,FALSE,FALSE,FALSE,FALSE,FALSE,FALSE,FALSE,FALSE,FALSE,FALSE,FALSE,FALSE,FALSE,FALSE,1,0
kaesekaestchen,TRUE,FALSE,FALSE,,FALSE,,None,GitHub Actions,,FALSE,FALSE,FALSE,FALSE,FALSE,FALSE,FALSE,FALSE,FALSE,FALSE,FALSE,FALSE,FALSE,FALSE,FALSE,FALSE,FALSE,1,0
kaidan,TRUE,FALSE,FALSE,,FALSE,,None,GitLab CI,,FALSE,FALSE,FALSE,FALSE,FALSE,FALSE,FALSE,FALSE,FALSE,FALSE,FALSE,FALSE,FALSE,FALSE,FALSE,FALSE,FALSE,1,0
kaltura-device-info-android,FALSE,FALSE,FALSE,,FALSE,,None,Travis CI,,FALSE,FALSE,FALSE,FALSE,FALSE,FALSE,FALSE,FALSE,FALSE,FALSE,FALSE,FALSE,FALSE,FALSE,FALSE,FALSE,FALSE,1,0
kanade,TRUE,FALSE,FALSE,,FALSE,,None,GitHub Actions,,FALSE,FALSE,FALSE,FALSE,FALSE,FALSE,FALSE,FALSE,FALSE,FALSE,FALSE,FALSE,FALSE,FALSE,FALSE,FALSE,FALSE,2,0
kanaquiz,TRUE,TRUE,FALSE,,TRUE,"Firebase_Full, Travis CI_emulator_manual","Manual_ThirdParty, ThirdParty_Service","CircleCI, Travis CI","CircleCI, Travis CI",FALSE,FALSE,FALSE,FALSE,FALSE,FALSE,FALSE,FALSE,FALSE,FALSE,FALSE,FALSE,FALSE,FALSE,FALSE,FALSE,FALSE,2,0
kandroid,FALSE,FALSE,FALSE,,FALSE,,None,Travis CI,,FALSE,FALSE,FALSE,FALSE,FALSE,FALSE,FALSE,FALSE,FALSE,FALSE,FALSE,FALSE,FALSE,FALSE,FALSE,FALSE,FALSE,1,0
kanji-recognition-android,TRUE,FALSE,FALSE,,FALSE,,None,GitHub Actions,,FALSE,FALSE,FALSE,FALSE,FALSE,FALSE,FALSE,FALSE,FALSE,FALSE,FALSE,FALSE,FALSE,FALSE,FALSE,FALSE,FALSE,1,0
kaptain,TRUE,FALSE,FALSE,,FALSE,,None,GitHub Actions,,FALSE,FALSE,FALSE,FALSE,FALSE,FALSE,FALSE,FALSE,FALSE,FALSE,FALSE,FALSE,FALSE,FALSE,FALSE,FALSE,FALSE,1,0
karma,TRUE,FALSE,FALSE,,FALSE,,None,GitHub Actions,,FALSE,FALSE,FALSE,FALSE,FALSE,FALSE,FALSE,FALSE,FALSE,FALSE,FALSE,FALSE,FALSE,FALSE,FALSE,FALSE,FALSE,1,0
keepass2android,TRUE,FALSE,FALSE,,FALSE,,None,GitHub Actions,,FALSE,FALSE,FALSE,FALSE,FALSE,FALSE,FALSE,FALSE,FALSE,FALSE,FALSE,FALSE,FALSE,FALSE,FALSE,FALSE,FALSE,1,0
keevault2,TRUE,FALSE,FALSE,,FALSE,,None,GitHub Actions,,FALSE,FALSE,FALSE,FALSE,FALSE,FALSE,FALSE,FALSE,FALSE,FALSE,FALSE,FALSE,FALSE,FALSE,FALSE,FALSE,FALSE,3,0
keibai-android,TRUE,FALSE,FALSE,,FALSE,,None,Travis CI,,FALSE,FALSE,FALSE,FALSE,FALSE,FALSE,FALSE,FALSE,FALSE,FALSE,FALSE,FALSE,FALSE,FALSE,FALSE,FALSE,FALSE,1,0
keter-escape,TRUE,FALSE,FALSE,,FALSE,,None,CircleCI,,FALSE,FALSE,FALSE,FALSE,FALSE,FALSE,FALSE,FALSE,FALSE,FALSE,FALSE,FALSE,FALSE,FALSE,FALSE,FALSE,FALSE,1,0
keyboard,TRUE,FALSE,FALSE,,FALSE,,None,GitHub Actions,,FALSE,FALSE,FALSE,FALSE,FALSE,FALSE,FALSE,FALSE,FALSE,FALSE,FALSE,FALSE,FALSE,FALSE,FALSE,FALSE,FALSE,3,0
keymapper,TRUE,FALSE,FALSE,,FALSE,,None,GitHub Actions,,FALSE,FALSE,FALSE,FALSE,FALSE,FALSE,FALSE,FALSE,FALSE,FALSE,FALSE,FALSE,FALSE,FALSE,FALSE,FALSE,FALSE,3,0
keypass,TRUE,FALSE,FALSE,,FALSE,,None,GitHub Actions,,FALSE,FALSE,FALSE,FALSE,FALSE,FALSE,FALSE,FALSE,FALSE,FALSE,FALSE,FALSE,FALSE,FALSE,FALSE,FALSE,FALSE,6,0
khel-ke-baat-karen,TRUE,FALSE,FALSE,,FALSE,,None,Travis CI,,FALSE,FALSE,FALSE,FALSE,FALSE,FALSE,FALSE,FALSE,FALSE,FALSE,FALSE,FALSE,FALSE,FALSE,FALSE,FALSE,FALSE,1,0
khumu-android,TRUE,FALSE,FALSE,,FALSE,,None,GitHub Actions,,FALSE,FALSE,FALSE,FALSE,FALSE,FALSE,FALSE,FALSE,FALSE,FALSE,FALSE,FALSE,FALSE,FALSE,FALSE,FALSE,FALSE,1,0
kicpa-wordquiz,TRUE,FALSE,FALSE,,FALSE,,None,GitHub Actions,,FALSE,FALSE,FALSE,FALSE,FALSE,FALSE,FALSE,FALSE,FALSE,FALSE,FALSE,FALSE,FALSE,FALSE,FALSE,FALSE,FALSE,2,0
kidsphone,TRUE,FALSE,FALSE,,FALSE,,None,GitHub Actions,,FALSE,FALSE,FALSE,FALSE,FALSE,FALSE,FALSE,FALSE,FALSE,FALSE,FALSE,FALSE,FALSE,FALSE,FALSE,FALSE,FALSE,2,0
kikke,TRUE,FALSE,FALSE,,FALSE,,None,GitHub Actions,,FALSE,FALSE,FALSE,FALSE,FALSE,FALSE,FALSE,FALSE,FALSE,FALSE,FALSE,FALSE,FALSE,FALSE,FALSE,FALSE,FALSE,3,0
kiss,TRUE,FALSE,FALSE,,FALSE,,None,GitHub Actions,,FALSE,FALSE,FALSE,FALSE,FALSE,FALSE,FALSE,FALSE,FALSE,FALSE,FALSE,FALSE,FALSE,FALSE,FALSE,FALSE,FALSE,2,0
kitchenowl,TRUE,FALSE,FALSE,,FALSE,,None,GitHub Actions,,FALSE,FALSE,FALSE,FALSE,FALSE,FALSE,FALSE,FALSE,FALSE,FALSE,FALSE,FALSE,FALSE,FALSE,FALSE,FALSE,FALSE,6,0
kite-app,TRUE,FALSE,FALSE,,FALSE,,None,GitHub Actions,,FALSE,FALSE,FALSE,FALSE,FALSE,FALSE,FALSE,FALSE,FALSE,FALSE,FALSE,FALSE,FALSE,FALSE,FALSE,FALSE,FALSE,5,0
kiwix-android,TRUE,TRUE,TRUE,GitHub_emulator_full,FALSE,,"GitHub_Hosted, None",GitHub Actions,GitHub Actions,FALSE,FALSE,TRUE,FALSE,FALSE,FALSE,FALSE,FALSE,FALSE,FALSE,FALSE,TRUE,FALSE,FALSE,TRUE,FALSE,3,5,0
klimatic,TRUE,FALSE,FALSE,,FALSE,,None,GitHub Actions,,FALSE,FALSE,FALSE,FALSE,FALSE,FALSE,FALSE,FALSE,FALSE,FALSE,FALSE,FALSE,FALSE,FALSE,FALSE,FALSE,FALSE,3,0
klingar,FALSE,FALSE,FALSE,,FALSE,,None,CircleCI,,FALSE,FALSE,FALSE,FALSE,FALSE,FALSE,FALSE,FALSE,FALSE,FALSE,FALSE,FALSE,FALSE,FALSE,FALSE,FALSE,FALSE,1,0
klooni1010,TRUE,FALSE,FALSE,,FALSE,,None,GitHub Actions,,FALSE,FALSE,FALSE,FALSE,FALSE,FALSE,FALSE,FALSE,FALSE,FALSE,FALSE,FALSE,FALSE,FALSE,FALSE,FALSE,FALSE,1,0
knigopis,FALSE,FALSE,FALSE,,FALSE,,None,Travis CI,,FALSE,FALSE,FALSE,FALSE,FALSE,FALSE,FALSE,FALSE,FALSE,FALSE,FALSE,FALSE,FALSE,FALSE,FALSE,FALSE,FALSE,1,0
knot,TRUE,FALSE,FALSE,,FALSE,,None,GitHub Actions,,FALSE,FALSE,FALSE,FALSE,FALSE,FALSE,FALSE,FALSE,FALSE,FALSE,FALSE,FALSE,FALSE,FALSE,FALSE,FALSE,FALSE,5,0
know-corona,TRUE,FALSE,FALSE,,FALSE,,None,GitHub Actions,,FALSE,FALSE,FALSE,FALSE,FALSE,FALSE,FALSE,FALSE,FALSE,FALSE,FALSE,FALSE,FALSE,FALSE,FALSE,FALSE,FALSE,1,0
koffeemate,TRUE,TRUE,FALSE,,TRUE,Travis CI_emulator_manual,Manual_ThirdParty,Travis CI,Travis CI,FALSE,FALSE,FALSE,FALSE,FALSE,FALSE,FALSE,FALSE,FALSE,FALSE,FALSE,FALSE,FALSE,FALSE,FALSE,FALSE,FALSE,1,0
kotatsu,TRUE,FALSE,FALSE,,FALSE,,None,GitHub Actions,,FALSE,FALSE,FALSE,FALSE,FALSE,FALSE,FALSE,FALSE,FALSE,FALSE,FALSE,FALSE,FALSE,FALSE,FALSE,FALSE,FALSE,1,0
kotlin-android-starter,TRUE,FALSE,FALSE,,FALSE,,None,Travis CI,,FALSE,FALSE,FALSE,FALSE,FALSE,FALSE,FALSE,FALSE,FALSE,FALSE,FALSE,FALSE,FALSE,FALSE,FALSE,FALSE,FALSE,1,0
kotlin-native-superhero-app,TRUE,FALSE,FALSE,,FALSE,,None,Travis CI,,FALSE,FALSE,FALSE,FALSE,FALSE,FALSE,FALSE,FALSE,FALSE,FALSE,FALSE,FALSE,FALSE,FALSE,FALSE,FALSE,FALSE,1,0
kotlin-order-food-app,TRUE,FALSE,FALSE,,FALSE,,None,GitHub Actions,,FALSE,FALSE,FALSE,FALSE,FALSE,FALSE,FALSE,FALSE,FALSE,FALSE,FALSE,FALSE,FALSE,FALSE,FALSE,FALSE,FALSE,2,0
kotlin-permissions,FALSE,FALSE,FALSE,,FALSE,,None,Travis CI,,FALSE,FALSE,FALSE,FALSE,FALSE,FALSE,FALSE,FALSE,FALSE,FALSE,FALSE,FALSE,FALSE,FALSE,FALSE,FALSE,FALSE,1,0
kotlin-pokedex,TRUE,FALSE,FALSE,,FALSE,,None,GitHub Actions,,FALSE,FALSE,FALSE,FALSE,FALSE,FALSE,FALSE,FALSE,FALSE,FALSE,FALSE,FALSE,FALSE,FALSE,FALSE,FALSE,FALSE,1,0
kotlin-soundboard,TRUE,FALSE,FALSE,,FALSE,,None,GitHub Actions,,FALSE,FALSE,FALSE,FALSE,FALSE,FALSE,FALSE,FALSE,FALSE,FALSE,FALSE,FALSE,FALSE,FALSE,FALSE,FALSE,FALSE,1,0
kotlin-surfaceduo-duobahn,TRUE,FALSE,FALSE,,FALSE,,None,GitHub Actions,,FALSE,FALSE,FALSE,FALSE,FALSE,FALSE,FALSE,FALSE,FALSE,FALSE,FALSE,FALSE,FALSE,FALSE,FALSE,FALSE,FALSE,1,0
kotlinandroidbase,TRUE,TRUE,TRUE,GitHub_emulator_full,FALSE,,GitHub_Hosted,GitHub Actions,GitHub Actions,FALSE,FALSE,FALSE,FALSE,FALSE,FALSE,FALSE,FALSE,FALSE,TRUE,FALSE,FALSE,FALSE,FALSE,FALSE,FALSE,1,1,0
kotlinlogger,FALSE,FALSE,FALSE,,FALSE,,None,Travis CI,,FALSE,FALSE,FALSE,FALSE,FALSE,FALSE,FALSE,FALSE,FALSE,FALSE,FALSE,FALSE,FALSE,FALSE,FALSE,FALSE,FALSE,1,0
kpassnotes,TRUE,FALSE,FALSE,,FALSE,,None,GitHub Actions,,FALSE,FALSE,FALSE,FALSE,FALSE,FALSE,FALSE,FALSE,FALSE,FALSE,FALSE,FALSE,FALSE,FALSE,FALSE,FALSE,FALSE,1,0
ktnes,TRUE,FALSE,FALSE,,FALSE,,None,GitHub Actions,,FALSE,FALSE,FALSE,FALSE,FALSE,FALSE,FALSE,FALSE,FALSE,FALSE,FALSE,FALSE,FALSE,FALSE,FALSE,FALSE,FALSE,1,0
ktrip,FALSE,FALSE,FALSE,,FALSE,,None,GitLab CI,,FALSE,FALSE,FALSE,FALSE,FALSE,FALSE,FALSE,FALSE,FALSE,FALSE,FALSE,FALSE,FALSE,FALSE,FALSE,FALSE,FALSE,1,0
ktx,TRUE,FALSE,FALSE,,FALSE,,None,GitHub Actions,,FALSE,FALSE,FALSE,FALSE,FALSE,FALSE,FALSE,FALSE,FALSE,FALSE,FALSE,FALSE,FALSE,FALSE,FALSE,FALSE,FALSE,2,0
kubenav,TRUE,FALSE,FALSE,,FALSE,,None,GitHub Actions,,FALSE,FALSE,FALSE,FALSE,FALSE,FALSE,FALSE,FALSE,FALSE,FALSE,FALSE,FALSE,FALSE,FALSE,FALSE,FALSE,FALSE,3,0
kungfoo,TRUE,FALSE,FALSE,,FALSE,,None,Travis CI,,FALSE,FALSE,FALSE,FALSE,FALSE,FALSE,FALSE,FALSE,FALSE,FALSE,FALSE,FALSE,FALSE,FALSE,FALSE,FALSE,FALSE,1,0
kuwas,TRUE,FALSE,FALSE,,FALSE,,None,GitHub Actions,,FALSE,FALSE,FALSE,FALSE,FALSE,FALSE,FALSE,FALSE,FALSE,FALSE,FALSE,FALSE,FALSE,FALSE,FALSE,FALSE,FALSE,1,0
kvaesitso,TRUE,FALSE,FALSE,,FALSE,,None,GitHub Actions,,FALSE,FALSE,FALSE,FALSE,FALSE,FALSE,FALSE,FALSE,FALSE,FALSE,FALSE,FALSE,FALSE,FALSE,FALSE,FALSE,FALSE,3,0
kyouen-android,TRUE,FALSE,FALSE,,FALSE,,None,CircleCI,,FALSE,FALSE,FALSE,FALSE,FALSE,FALSE,FALSE,FALSE,FALSE,FALSE,FALSE,FALSE,FALSE,FALSE,FALSE,FALSE,FALSE,1,0
labcoat,TRUE,FALSE,FALSE,,FALSE,,None,"GitLab CI, Travis CI",,FALSE,FALSE,FALSE,FALSE,FALSE,FALSE,FALSE,FALSE,FALSE,FALSE,FALSE,FALSE,FALSE,FALSE,FALSE,FALSE,FALSE,2,0
labeled-range-slider,TRUE,FALSE,FALSE,,FALSE,,None,GitHub Actions,,FALSE,FALSE,FALSE,FALSE,FALSE,FALSE,FALSE,FALSE,FALSE,FALSE,FALSE,FALSE,FALSE,FALSE,FALSE,FALSE,FALSE,1,0
labeledseekslider,TRUE,FALSE,FALSE,,FALSE,,None,GitHub Actions,,FALSE,FALSE,FALSE,FALSE,FALSE,FALSE,FALSE,FALSE,FALSE,FALSE,FALSE,FALSE,FALSE,FALSE,FALSE,FALSE,FALSE,1,0
lady-happy-android,TRUE,FALSE,FALSE,,FALSE,,None,GitHub Actions,,FALSE,FALSE,FALSE,FALSE,FALSE,FALSE,FALSE,FALSE,FALSE,FALSE,FALSE,FALSE,FALSE,FALSE,FALSE,FALSE,FALSE,2,0
ladybuddy-app,TRUE,FALSE,FALSE,,FALSE,,None,Unknown,,FALSE,FALSE,FALSE,FALSE,FALSE,FALSE,FALSE,FALSE,FALSE,FALSE,FALSE,FALSE,FALSE,FALSE,FALSE,FALSE,FALSE,1,0
lapd,TRUE,FALSE,FALSE,,FALSE,,None,GitHub Actions,,FALSE,FALSE,FALSE,FALSE,FALSE,FALSE,FALSE,FALSE,FALSE,FALSE,FALSE,FALSE,FALSE,FALSE,FALSE,FALSE,FALSE,1,0
last-launcher,TRUE,FALSE,FALSE,,FALSE,,None,GitHub Actions,,FALSE,FALSE,FALSE,FALSE,FALSE,FALSE,FALSE,FALSE,FALSE,FALSE,FALSE,FALSE,FALSE,FALSE,FALSE,FALSE,FALSE,1,0
lastcaller,FALSE,FALSE,FALSE,,FALSE,,None,Travis CI,,FALSE,FALSE,FALSE,FALSE,FALSE,FALSE,FALSE,FALSE,FALSE,FALSE,FALSE,FALSE,FALSE,FALSE,FALSE,FALSE,FALSE,1,0
latticify,FALSE,FALSE,FALSE,,FALSE,,None,Travis CI,,FALSE,FALSE,FALSE,FALSE,FALSE,FALSE,FALSE,FALSE,FALSE,FALSE,FALSE,FALSE,FALSE,FALSE,FALSE,FALSE,FALSE,1,0
launcherc,TRUE,FALSE,FALSE,,FALSE,,None,GitHub Actions,,FALSE,FALSE,FALSE,FALSE,FALSE,FALSE,FALSE,FALSE,FALSE,FALSE,FALSE,FALSE,FALSE,FALSE,FALSE,FALSE,FALSE,1,0
launchpadflightcontrollerandroid,FALSE,FALSE,FALSE,,FALSE,,None,Travis CI,,FALSE,FALSE,FALSE,FALSE,FALSE,FALSE,FALSE,FALSE,FALSE,FALSE,FALSE,FALSE,FALSE,FALSE,FALSE,FALSE,FALSE,1,0
laverna-android,TRUE,FALSE,FALSE,,FALSE,,None,Travis CI,,FALSE,FALSE,FALSE,FALSE,FALSE,FALSE,FALSE,FALSE,FALSE,FALSE,FALSE,FALSE,FALSE,FALSE,FALSE,FALSE,FALSE,1,0
lawnchair,TRUE,FALSE,FALSE,,FALSE,,None,GitHub Actions,,FALSE,FALSE,FALSE,FALSE,FALSE,FALSE,FALSE,FALSE,FALSE,FALSE,FALSE,FALSE,FALSE,FALSE,FALSE,FALSE,FALSE,8,0
lawnicons,TRUE,FALSE,FALSE,,FALSE,,None,GitHub Actions,,FALSE,FALSE,FALSE,FALSE,FALSE,FALSE,FALSE,FALSE,FALSE,FALSE,FALSE,FALSE,FALSE,FALSE,FALSE,FALSE,FALSE,6,0
layouteditor,TRUE,FALSE,FALSE,,FALSE,,None,GitHub Actions,,FALSE,FALSE,FALSE,FALSE,FALSE,FALSE,FALSE,FALSE,FALSE,FALSE,FALSE,FALSE,FALSE,FALSE,FALSE,FALSE,FALSE,1,0
lazycolumnscrollbar,TRUE,FALSE,FALSE,,FALSE,,None,GitHub Actions,,FALSE,FALSE,FALSE,FALSE,FALSE,FALSE,FALSE,FALSE,FALSE,FALSE,FALSE,FALSE,FALSE,FALSE,FALSE,FALSE,FALSE,1,0
lazydb,FALSE,FALSE,FALSE,,FALSE,,None,Travis CI,,FALSE,FALSE,FALSE,FALSE,FALSE,FALSE,FALSE,FALSE,FALSE,FALSE,FALSE,FALSE,FALSE,FALSE,FALSE,FALSE,FALSE,1,0
lbry-android,TRUE,FALSE,FALSE,,FALSE,,None,GitLab CI,,FALSE,FALSE,FALSE,FALSE,FALSE,FALSE,FALSE,FALSE,FALSE,FALSE,FALSE,FALSE,FALSE,FALSE,FALSE,FALSE,FALSE,1,0
lbry-fdroid,TRUE,FALSE,FALSE,,FALSE,,None,GitLab CI,,FALSE,FALSE,FALSE,FALSE,FALSE,FALSE,FALSE,FALSE,FALSE,FALSE,FALSE,FALSE,FALSE,FALSE,FALSE,FALSE,FALSE,1,0
leaflet,TRUE,FALSE,FALSE,,FALSE,,None,GitHub Actions,,FALSE,FALSE,FALSE,FALSE,FALSE,FALSE,FALSE,FALSE,FALSE,FALSE,FALSE,FALSE,FALSE,FALSE,FALSE,FALSE,FALSE,1,0
leafylauncher,TRUE,FALSE,FALSE,,FALSE,,None,GitHub Actions,,FALSE,FALSE,FALSE,FALSE,FALSE,FALSE,FALSE,FALSE,FALSE,FALSE,FALSE,FALSE,FALSE,FALSE,FALSE,FALSE,FALSE,5,0
leamonax,FALSE,FALSE,FALSE,,FALSE,,None,Travis CI,,FALSE,FALSE,FALSE,FALSE,FALSE,FALSE,FALSE,FALSE,FALSE,FALSE,FALSE,FALSE,FALSE,FALSE,FALSE,FALSE,FALSE,1,0
leaonline-app,TRUE,FALSE,FALSE,,FALSE,,None,GitHub Actions,,FALSE,FALSE,FALSE,FALSE,FALSE,FALSE,FALSE,FALSE,FALSE,FALSE,FALSE,FALSE,FALSE,FALSE,FALSE,FALSE,FALSE,6,0
learn-android,FALSE,FALSE,FALSE,,FALSE,,None,GitHub Actions,,FALSE,FALSE,FALSE,FALSE,FALSE,FALSE,FALSE,FALSE,FALSE,FALSE,FALSE,FALSE,FALSE,FALSE,FALSE,FALSE,FALSE,1,0
learn-braille,TRUE,TRUE,TRUE,GitHub_emulator_full,FALSE,,GitHub_Hosted,GitHub Actions,GitHub Actions,FALSE,FALSE,FALSE,FALSE,FALSE,FALSE,FALSE,FALSE,FALSE,FALSE,TRUE,FALSE,FALSE,FALSE,FALSE,FALSE,1,1,0
learn-digits,TRUE,FALSE,FALSE,,FALSE,,None,GitHub Actions,,FALSE,FALSE,FALSE,FALSE,FALSE,FALSE,FALSE,FALSE,FALSE,FALSE,FALSE,FALSE,FALSE,FALSE,FALSE,FALSE,FALSE,1,0
leavesheet,TRUE,FALSE,FALSE,,FALSE,,None,GitHub Actions,,FALSE,FALSE,FALSE,FALSE,FALSE,FALSE,FALSE,FALSE,FALSE,FALSE,FALSE,FALSE,FALSE,FALSE,FALSE,FALSE,FALSE,1,0
leihen,TRUE,FALSE,FALSE,,FALSE,,None,CircleCI,,FALSE,FALSE,FALSE,FALSE,FALSE,FALSE,FALSE,FALSE,FALSE,FALSE,FALSE,FALSE,FALSE,FALSE,FALSE,FALSE,FALSE,1,0
lemuroid,TRUE,FALSE,FALSE,,FALSE,,None,GitHub Actions,,FALSE,FALSE,FALSE,FALSE,FALSE,FALSE,FALSE,FALSE,FALSE,FALSE,FALSE,FALSE,FALSE,FALSE,FALSE,FALSE,FALSE,2,0
leon,TRUE,FALSE,FALSE,,FALSE,,None,GitHub Actions,,FALSE,FALSE,FALSE,FALSE,FALSE,FALSE,FALSE,FALSE,FALSE,FALSE,FALSE,FALSE,FALSE,FALSE,FALSE,FALSE,FALSE,2,0
lesscode,FALSE,FALSE,FALSE,,FALSE,,None,Travis CI,,FALSE,FALSE,FALSE,FALSE,FALSE,FALSE,FALSE,FALSE,FALSE,FALSE,FALSE,FALSE,FALSE,FALSE,FALSE,FALSE,FALSE,1,0
lesspass,TRUE,FALSE,FALSE,,FALSE,,None,GitHub Actions,,FALSE,FALSE,FALSE,FALSE,FALSE,FALSE,FALSE,FALSE,FALSE,FALSE,FALSE,FALSE,FALSE,FALSE,FALSE,FALSE,FALSE,17,0
levelprogressbar,FALSE,FALSE,FALSE,,FALSE,,None,Travis CI,,FALSE,FALSE,FALSE,FALSE,FALSE,FALSE,FALSE,FALSE,FALSE,FALSE,FALSE,FALSE,FALSE,FALSE,FALSE,FALSE,FALSE,1,0
lexica,TRUE,FALSE,FALSE,,FALSE,,None,GitHub Actions,,FALSE,FALSE,FALSE,FALSE,FALSE,FALSE,FALSE,FALSE,FALSE,FALSE,FALSE,FALSE,FALSE,FALSE,FALSE,FALSE,FALSE,2,0
life-dots,FALSE,FALSE,FALSE,,FALSE,,None,Travis CI,,FALSE,FALSE,FALSE,FALSE,FALSE,FALSE,FALSE,FALSE,FALSE,FALSE,FALSE,FALSE,FALSE,FALSE,FALSE,FALSE,FALSE,1,0
lifecyclemodel,FALSE,FALSE,FALSE,,FALSE,,None,Travis CI,,FALSE,FALSE,FALSE,FALSE,FALSE,FALSE,FALSE,FALSE,FALSE,FALSE,FALSE,FALSE,FALSE,FALSE,FALSE,FALSE,FALSE,1,0
lift,TRUE,FALSE,FALSE,,FALSE,,None,GitHub Actions,,FALSE,FALSE,FALSE,FALSE,FALSE,FALSE,FALSE,FALSE,FALSE,FALSE,FALSE,FALSE,FALSE,FALSE,FALSE,FALSE,FALSE,1,0
light-controller,FALSE,FALSE,FALSE,,FALSE,,None,Travis CI,,FALSE,FALSE,FALSE,FALSE,FALSE,FALSE,FALSE,FALSE,FALSE,FALSE,FALSE,FALSE,FALSE,FALSE,FALSE,FALSE,FALSE,1,0
lilaoftheday_android,TRUE,TRUE,FALSE,,TRUE,Travis CI_emulator_manual,Manual_ThirdParty,Travis CI,Travis CI,FALSE,FALSE,FALSE,FALSE,FALSE,FALSE,FALSE,FALSE,FALSE,FALSE,FALSE,FALSE,FALSE,FALSE,FALSE,FALSE,FALSE,1,0
limpazap,TRUE,FALSE,FALSE,,FALSE,,None,GitHub Actions,,FALSE,FALSE,FALSE,FALSE,FALSE,FALSE,FALSE,FALSE,FALSE,FALSE,FALSE,FALSE,FALSE,FALSE,FALSE,FALSE,FALSE,1,0
lineflag,TRUE,FALSE,FALSE,,FALSE,,None,GitHub Actions,,FALSE,FALSE,FALSE,FALSE,FALSE,FALSE,FALSE,FALSE,FALSE,FALSE,FALSE,FALSE,FALSE,FALSE,FALSE,FALSE,FALSE,3,0
lingvaandroid,TRUE,FALSE,FALSE,,FALSE,,None,GitHub Actions,,FALSE,FALSE,FALSE,FALSE,FALSE,FALSE,FALSE,FALSE,FALSE,FALSE,FALSE,FALSE,FALSE,FALSE,FALSE,FALSE,FALSE,1,0
linkhub,TRUE,FALSE,FALSE,,FALSE,,None,GitHub Actions,,FALSE,FALSE,FALSE,FALSE,FALSE,FALSE,FALSE,FALSE,FALSE,FALSE,FALSE,FALSE,FALSE,FALSE,FALSE,FALSE,FALSE,1,0
linphone-android,FALSE,FALSE,FALSE,,FALSE,,None,GitLab CI,,FALSE,FALSE,FALSE,FALSE,FALSE,FALSE,FALSE,FALSE,FALSE,FALSE,FALSE,FALSE,FALSE,FALSE,FALSE,FALSE,FALSE,1,0
linux-mon,TRUE,FALSE,FALSE,,FALSE,,None,GitHub Actions,,FALSE,FALSE,FALSE,FALSE,FALSE,FALSE,FALSE,FALSE,FALSE,FALSE,FALSE,FALSE,FALSE,FALSE,FALSE,FALSE,FALSE,1,0
lionheart-remake,TRUE,FALSE,FALSE,,FALSE,,None,GitHub Actions,,FALSE,FALSE,FALSE,FALSE,FALSE,FALSE,FALSE,FALSE,FALSE,FALSE,FALSE,FALSE,FALSE,FALSE,FALSE,FALSE,FALSE,2,0
listen1_mobile,TRUE,FALSE,FALSE,,FALSE,,None,GitHub Actions,,FALSE,FALSE,FALSE,FALSE,FALSE,FALSE,FALSE,FALSE,FALSE,FALSE,FALSE,FALSE,FALSE,FALSE,FALSE,FALSE,FALSE,1,0
lisu-android,TRUE,FALSE,FALSE,,FALSE,,None,GitHub Actions,,FALSE,FALSE,FALSE,FALSE,FALSE,FALSE,FALSE,FALSE,FALSE,FALSE,FALSE,FALSE,FALSE,FALSE,FALSE,FALSE,FALSE,2,0
livepokemonfinder,FALSE,FALSE,FALSE,,FALSE,,None,Travis CI,,FALSE,FALSE,FALSE,FALSE,FALSE,FALSE,FALSE,FALSE,FALSE,FALSE,FALSE,FALSE,FALSE,FALSE,FALSE,FALSE,FALSE,1,0
livescoreapp,TRUE,FALSE,FALSE,,FALSE,,None,GitHub Actions,,FALSE,FALSE,FALSE,FALSE,FALSE,FALSE,FALSE,FALSE,FALSE,FALSE,FALSE,FALSE,FALSE,FALSE,FALSE,FALSE,FALSE,2,0
lnch,TRUE,FALSE,FALSE,,FALSE,,None,GitHub Actions,,FALSE,FALSE,FALSE,FALSE,FALSE,FALSE,FALSE,FALSE,FALSE,FALSE,FALSE,FALSE,FALSE,FALSE,FALSE,FALSE,FALSE,1,0
loaderspack-android,TRUE,FALSE,FALSE,,FALSE,,None,CircleCI,,FALSE,FALSE,FALSE,FALSE,FALSE,FALSE,FALSE,FALSE,FALSE,FALSE,FALSE,FALSE,FALSE,FALSE,FALSE,FALSE,FALSE,1,0
loadmorewrapper,TRUE,TRUE,FALSE,,TRUE,Travis CI_emulator_manual,Manual_ThirdParty,Travis CI,Travis CI,FALSE,FALSE,FALSE,FALSE,FALSE,FALSE,FALSE,FALSE,FALSE,FALSE,FALSE,FALSE,FALSE,FALSE,FALSE,FALSE,FALSE,1,0
localsend,TRUE,FALSE,FALSE,,FALSE,,None,GitHub Actions,,FALSE,FALSE,FALSE,FALSE,FALSE,FALSE,FALSE,FALSE,FALSE,FALSE,FALSE,FALSE,FALSE,FALSE,FALSE,FALSE,FALSE,4,0
locationmapviewer,FALSE,FALSE,FALSE,,FALSE,,None,Travis CI,,FALSE,FALSE,FALSE,FALSE,FALSE,FALSE,FALSE,FALSE,FALSE,FALSE,FALSE,FALSE,FALSE,FALSE,FALSE,FALSE,FALSE,1,0
lockscreennotes,TRUE,FALSE,FALSE,,FALSE,,None,"GitHub Actions, Travis CI",,FALSE,FALSE,FALSE,FALSE,FALSE,FALSE,FALSE,FALSE,FALSE,FALSE,FALSE,FALSE,FALSE,FALSE,FALSE,FALSE,FALSE,2,0
logcat,TRUE,FALSE,FALSE,,FALSE,,None,GitHub Actions,,FALSE,FALSE,FALSE,FALSE,FALSE,FALSE,FALSE,FALSE,FALSE,FALSE,FALSE,FALSE,FALSE,FALSE,FALSE,FALSE,FALSE,1,0
logcatreader,TRUE,FALSE,FALSE,,FALSE,,None,Travis CI,,FALSE,FALSE,FALSE,FALSE,FALSE,FALSE,FALSE,FALSE,FALSE,FALSE,FALSE,FALSE,FALSE,FALSE,FALSE,FALSE,FALSE,1,0
logger,TRUE,FALSE,FALSE,,FALSE,,None,GitHub Actions,,FALSE,FALSE,FALSE,FALSE,FALSE,FALSE,FALSE,FALSE,FALSE,FALSE,FALSE,FALSE,FALSE,FALSE,FALSE,FALSE,FALSE,2,0
logginginterceptor,TRUE,FALSE,FALSE,,FALSE,,None,Travis CI,,FALSE,FALSE,FALSE,FALSE,FALSE,FALSE,FALSE,FALSE,FALSE,FALSE,FALSE,FALSE,FALSE,FALSE,FALSE,FALSE,FALSE,1,0
login-multi-role,TRUE,FALSE,FALSE,,FALSE,,None,GitHub Actions,,FALSE,FALSE,FALSE,FALSE,FALSE,FALSE,FALSE,FALSE,FALSE,FALSE,FALSE,FALSE,FALSE,FALSE,FALSE,FALSE,FALSE,1,0
logmein-android,TRUE,FALSE,FALSE,,FALSE,,None,Travis CI,,FALSE,FALSE,FALSE,FALSE,FALSE,FALSE,FALSE,FALSE,FALSE,FALSE,FALSE,FALSE,FALSE,FALSE,FALSE,FALSE,FALSE,1,0
looper,TRUE,TRUE,FALSE,,TRUE,Travis CI_emulator_manual,Manual_ThirdParty,Travis CI,Travis CI,FALSE,FALSE,FALSE,FALSE,FALSE,FALSE,FALSE,FALSE,FALSE,FALSE,FALSE,FALSE,FALSE,FALSE,FALSE,FALSE,FALSE,1,0
loopviewpagerlayout,TRUE,FALSE,FALSE,,FALSE,,None,GitHub Actions,,FALSE,FALSE,FALSE,FALSE,FALSE,FALSE,FALSE,FALSE,FALSE,FALSE,FALSE,FALSE,FALSE,FALSE,FALSE,FALSE,FALSE,1,0
loopy,TRUE,FALSE,FALSE,,FALSE,,None,GitHub Actions,,FALSE,FALSE,FALSE,FALSE,FALSE,FALSE,FALSE,FALSE,FALSE,FALSE,FALSE,FALSE,FALSE,FALSE,FALSE,FALSE,FALSE,2,0
loread,TRUE,FALSE,FALSE,,FALSE,,None,GitHub Actions,,FALSE,FALSE,FALSE,FALSE,FALSE,FALSE,FALSE,FALSE,FALSE,FALSE,FALSE,FALSE,FALSE,FALSE,FALSE,FALSE,FALSE,1,0
losslessjpgcrop,TRUE,FALSE,FALSE,,FALSE,,None,Travis CI,,FALSE,FALSE,FALSE,FALSE,FALSE,FALSE,FALSE,FALSE,FALSE,FALSE,FALSE,FALSE,FALSE,FALSE,FALSE,FALSE,FALSE,1,0
lotonaticos,TRUE,FALSE,FALSE,,FALSE,,None,GitHub Actions,,FALSE,FALSE,FALSE,FALSE,FALSE,FALSE,FALSE,FALSE,FALSE,FALSE,FALSE,FALSE,FALSE,FALSE,FALSE,FALSE,FALSE,1,0
loyalty-card-locker,TRUE,FALSE,FALSE,,FALSE,,None,GitHub Actions,,FALSE,FALSE,FALSE,FALSE,FALSE,FALSE,FALSE,FALSE,FALSE,FALSE,FALSE,FALSE,FALSE,FALSE,FALSE,FALSE,FALSE,1,0
lrkfm,TRUE,FALSE,FALSE,,FALSE,,None,"GitLab CI, Travis CI",,FALSE,FALSE,FALSE,FALSE,FALSE,FALSE,FALSE,FALSE,FALSE,FALSE,FALSE,FALSE,FALSE,FALSE,FALSE,FALSE,FALSE,2,0
ltecleanerfoss,TRUE,FALSE,FALSE,,FALSE,,None,GitHub Actions,,FALSE,FALSE,FALSE,FALSE,FALSE,FALSE,FALSE,FALSE,FALSE,FALSE,FALSE,FALSE,FALSE,FALSE,FALSE,FALSE,FALSE,1,0
luadroid,FALSE,FALSE,FALSE,,FALSE,,None,Travis CI,,FALSE,FALSE,FALSE,FALSE,FALSE,FALSE,FALSE,FALSE,FALSE,FALSE,FALSE,FALSE,FALSE,FALSE,FALSE,FALSE,FALSE,1,0
ludere,TRUE,FALSE,FALSE,,FALSE,,None,GitHub Actions,,FALSE,FALSE,FALSE,FALSE,FALSE,FALSE,FALSE,FALSE,FALSE,FALSE,FALSE,FALSE,FALSE,FALSE,FALSE,FALSE,FALSE,1,0
ludoscity,FALSE,FALSE,FALSE,,FALSE,,None,Travis CI,,FALSE,FALSE,FALSE,FALSE,FALSE,FALSE,FALSE,FALSE,FALSE,FALSE,FALSE,FALSE,FALSE,FALSE,FALSE,FALSE,FALSE,1,0
ludwig-android,TRUE,TRUE,FALSE,,TRUE,Firebase_Full,ThirdParty_Service,CircleCI,CircleCI,FALSE,FALSE,FALSE,FALSE,FALSE,FALSE,FALSE,FALSE,FALSE,FALSE,FALSE,FALSE,FALSE,FALSE,FALSE,FALSE,FALSE,1,0
lumicall,FALSE,FALSE,FALSE,,FALSE,,None,Travis CI,,FALSE,FALSE,FALSE,FALSE,FALSE,FALSE,FALSE,FALSE,FALSE,FALSE,FALSE,FALSE,FALSE,FALSE,FALSE,FALSE,FALSE,1,0
lunar-launcher,TRUE,FALSE,FALSE,,FALSE,,None,GitHub Actions,,FALSE,FALSE,FALSE,FALSE,FALSE,FALSE,FALSE,FALSE,FALSE,FALSE,FALSE,FALSE,FALSE,FALSE,FALSE,FALSE,FALSE,2,0
lyricistant,TRUE,FALSE,FALSE,,FALSE,,None,GitHub Actions,,FALSE,FALSE,FALSE,FALSE,FALSE,FALSE,FALSE,FALSE,FALSE,FALSE,FALSE,FALSE,FALSE,FALSE,FALSE,FALSE,FALSE,4,0
lyricly,TRUE,FALSE,FALSE,,FALSE,,None,CircleCI,,FALSE,FALSE,FALSE,FALSE,FALSE,FALSE,FALSE,FALSE,FALSE,FALSE,FALSE,FALSE,FALSE,FALSE,FALSE,FALSE,FALSE,1,0
machbarschaft-android-kotlin,TRUE,FALSE,FALSE,,FALSE,,None,GitHub Actions,,FALSE,FALSE,FALSE,FALSE,FALSE,FALSE,FALSE,FALSE,FALSE,FALSE,FALSE,FALSE,FALSE,FALSE,FALSE,FALSE,FALSE,1,0
macronium-android,TRUE,FALSE,FALSE,,FALSE,,None,GitHub Actions,,FALSE,FALSE,FALSE,FALSE,FALSE,FALSE,FALSE,FALSE,FALSE,FALSE,FALSE,FALSE,FALSE,FALSE,FALSE,FALSE,FALSE,2,0
macrozilla,TRUE,FALSE,FALSE,,FALSE,,None,GitHub Actions,,FALSE,FALSE,FALSE,FALSE,FALSE,FALSE,FALSE,FALSE,FALSE,FALSE,FALSE,FALSE,FALSE,FALSE,FALSE,FALSE,FALSE,4,0
macstransitapp,TRUE,FALSE,FALSE,,FALSE,,None,GitHub Actions,,FALSE,FALSE,FALSE,FALSE,FALSE,FALSE,FALSE,FALSE,FALSE,FALSE,FALSE,FALSE,FALSE,FALSE,FALSE,FALSE,FALSE,3,0
madesubmsission,TRUE,FALSE,FALSE,,FALSE,,None,CircleCI,,FALSE,FALSE,FALSE,FALSE,FALSE,FALSE,FALSE,FALSE,FALSE,FALSE,FALSE,FALSE,FALSE,FALSE,FALSE,FALSE,FALSE,1,0
mafqud-android,TRUE,FALSE,FALSE,,FALSE,,None,GitHub Actions,,FALSE,FALSE,FALSE,FALSE,FALSE,FALSE,FALSE,FALSE,FALSE,FALSE,FALSE,FALSE,FALSE,FALSE,FALSE,FALSE,FALSE,1,0
magicphotos-android,TRUE,FALSE,FALSE,,FALSE,,None,GitHub Actions,,FALSE,FALSE,FALSE,FALSE,FALSE,FALSE,FALSE,FALSE,FALSE,FALSE,FALSE,FALSE,FALSE,FALSE,FALSE,FALSE,FALSE,2,0
magisk,TRUE,FALSE,FALSE,,FALSE,,None,GitHub Actions,,FALSE,FALSE,FALSE,FALSE,TRUE,FALSE,FALSE,TRUE,FALSE,TRUE,TRUE,FALSE,FALSE,FALSE,FALSE,TRUE,5,1,0
magnum-extras,FALSE,FALSE,FALSE,,FALSE,,None,CircleCI,,FALSE,FALSE,FALSE,FALSE,FALSE,FALSE,FALSE,FALSE,FALSE,FALSE,FALSE,FALSE,FALSE,FALSE,FALSE,FALSE,FALSE,1,0
main,FALSE,FALSE,FALSE,,FALSE,,None,Travis CI,,FALSE,FALSE,FALSE,FALSE,FALSE,FALSE,FALSE,FALSE,FALSE,FALSE,FALSE,FALSE,FALSE,FALSE,FALSE,FALSE,FALSE,1,0
mandarin-android,FALSE,FALSE,FALSE,,FALSE,,None,Travis CI,,FALSE,FALSE,FALSE,FALSE,FALSE,FALSE,FALSE,FALSE,FALSE,FALSE,FALSE,FALSE,FALSE,FALSE,FALSE,FALSE,FALSE,1,0
manga2kindle,FALSE,FALSE,FALSE,,FALSE,,None,Travis CI,,FALSE,FALSE,FALSE,FALSE,FALSE,FALSE,FALSE,FALSE,FALSE,FALSE,FALSE,FALSE,FALSE,FALSE,FALSE,FALSE,FALSE,1,0
mangaka,TRUE,FALSE,FALSE,,FALSE,,None,GitHub Actions,,FALSE,FALSE,FALSE,FALSE,FALSE,FALSE,FALSE,FALSE,FALSE,FALSE,FALSE,FALSE,FALSE,FALSE,FALSE,FALSE,FALSE,2,0
mangindo,TRUE,TRUE,FALSE,,TRUE,Travis CI_emulator_manual,Manual_ThirdParty,Travis CI,Travis CI,FALSE,FALSE,FALSE,FALSE,FALSE,FALSE,FALSE,FALSE,FALSE,FALSE,FALSE,FALSE,FALSE,FALSE,FALSE,FALSE,FALSE,1,0
manji,TRUE,FALSE,FALSE,,FALSE,,None,GitHub Actions,,FALSE,FALSE,FALSE,FALSE,FALSE,FALSE,FALSE,FALSE,FALSE,FALSE,FALSE,FALSE,FALSE,FALSE,FALSE,FALSE,FALSE,1,0
manyverse,TRUE,FALSE,FALSE,,FALSE,,None,"GitHub Actions, GitLab CI",,FALSE,FALSE,FALSE,FALSE,FALSE,FALSE,FALSE,FALSE,FALSE,FALSE,FALSE,FALSE,FALSE,FALSE,FALSE,FALSE,FALSE,5,0
mapnotes,TRUE,TRUE,FALSE,,TRUE,Firebase_Full,ThirdParty_Service,CircleCI,CircleCI,FALSE,FALSE,FALSE,FALSE,FALSE,FALSE,FALSE,FALSE,FALSE,FALSE,FALSE,FALSE,FALSE,FALSE,FALSE,FALSE,FALSE,1,0
maps,TRUE,FALSE,FALSE,,FALSE,,None,GitLab CI,,FALSE,FALSE,FALSE,FALSE,FALSE,FALSE,FALSE,FALSE,FALSE,FALSE,FALSE,FALSE,FALSE,FALSE,FALSE,FALSE,FALSE,1,0
maps-platform-101-android,TRUE,FALSE,FALSE,,FALSE,,None,GitHub Actions,,FALSE,FALSE,FALSE,FALSE,FALSE,FALSE,FALSE,FALSE,FALSE,FALSE,FALSE,FALSE,FALSE,FALSE,FALSE,FALSE,FALSE,1,0
mapwall,TRUE,FALSE,FALSE,,FALSE,,None,Travis CI,,FALSE,FALSE,FALSE,FALSE,FALSE,FALSE,FALSE,FALSE,FALSE,FALSE,FALSE,FALSE,FALSE,FALSE,FALSE,FALSE,FALSE,1,0
markdownr,TRUE,FALSE,FALSE,,FALSE,,None,GitHub Actions,,FALSE,FALSE,FALSE,FALSE,FALSE,FALSE,FALSE,FALSE,FALSE,FALSE,FALSE,FALSE,FALSE,FALSE,FALSE,FALSE,FALSE,2,0
marketplace-list,TRUE,FALSE,FALSE,,FALSE,,None,GitHub Actions,,FALSE,FALSE,FALSE,FALSE,FALSE,FALSE,FALSE,FALSE,FALSE,FALSE,FALSE,FALSE,FALSE,FALSE,FALSE,FALSE,FALSE,1,0
marknote,FALSE,FALSE,FALSE,,FALSE,,None,Travis CI,,FALSE,FALSE,FALSE,FALSE,FALSE,FALSE,FALSE,FALSE,FALSE,FALSE,FALSE,FALSE,FALSE,FALSE,FALSE,FALSE,FALSE,1,0
markor,TRUE,FALSE,FALSE,,FALSE,,None,GitHub Actions,,FALSE,FALSE,FALSE,FALSE,FALSE,FALSE,FALSE,FALSE,FALSE,FALSE,FALSE,FALSE,FALSE,FALSE,FALSE,FALSE,FALSE,1,0
marky,TRUE,FALSE,FALSE,,FALSE,,None,GitHub Actions,,FALSE,FALSE,FALSE,FALSE,FALSE,FALSE,FALSE,FALSE,FALSE,FALSE,FALSE,FALSE,FALSE,FALSE,FALSE,FALSE,FALSE,1,0
marvel,TRUE,TRUE,TRUE,GitHub_emulator_full,FALSE,,GitHub_Hosted,GitHub Actions,GitHub Actions,FALSE,FALSE,FALSE,FALSE,TRUE,FALSE,FALSE,TRUE,FALSE,FALSE,TRUE,FALSE,FALSE,FALSE,FALSE,FALSE,3,1,0
marvel-app,TRUE,TRUE,TRUE,GitHub_emulator_full,TRUE,"Firebase_Full, Travis CI_emulator_manual","GitHub_Hosted, Manual_ThirdParty, ThirdParty_Service","CircleCI, GitHub Actions, Travis CI","CircleCI, GitHub Actions, Travis CI",FALSE,FALSE,TRUE,FALSE,FALSE,FALSE,FALSE,FALSE,FALSE,FALSE,FALSE,FALSE,FALSE,FALSE,FALSE,FALSE,1,3,0
marvel-client,TRUE,FALSE,FALSE,,FALSE,,None,CircleCI,,FALSE,FALSE,FALSE,FALSE,FALSE,FALSE,FALSE,FALSE,FALSE,FALSE,FALSE,FALSE,FALSE,FALSE,FALSE,FALSE,FALSE,1,0
marvelapp,TRUE,FALSE,FALSE,,FALSE,,None,GitHub Actions,,FALSE,FALSE,FALSE,FALSE,FALSE,FALSE,FALSE,FALSE,FALSE,FALSE,FALSE,FALSE,FALSE,FALSE,FALSE,FALSE,FALSE,1,0
mascota-android,TRUE,FALSE,FALSE,,FALSE,,None,GitHub Actions,,FALSE,FALSE,FALSE,FALSE,FALSE,FALSE,FALSE,FALSE,FALSE,FALSE,FALSE,FALSE,FALSE,FALSE,FALSE,FALSE,FALSE,1,0
maskara,FALSE,FALSE,FALSE,,FALSE,,None,Travis CI,,FALSE,FALSE,FALSE,FALSE,FALSE,FALSE,FALSE,FALSE,FALSE,FALSE,FALSE,FALSE,FALSE,FALSE,FALSE,FALSE,FALSE,1,0
masterpassword,TRUE,FALSE,FALSE,,FALSE,,None,GitLab CI,,FALSE,FALSE,FALSE,FALSE,FALSE,FALSE,FALSE,FALSE,FALSE,FALSE,FALSE,FALSE,FALSE,FALSE,FALSE,FALSE,FALSE,1,0
matcha,TRUE,FALSE,FALSE,,FALSE,,None,CircleCI,,FALSE,FALSE,FALSE,FALSE,FALSE,FALSE,FALSE,FALSE,FALSE,FALSE,FALSE,FALSE,FALSE,FALSE,FALSE,FALSE,FALSE,1,0
mate_app,TRUE,FALSE,FALSE,,FALSE,,None,GitHub Actions,,FALSE,FALSE,FALSE,FALSE,FALSE,FALSE,FALSE,FALSE,FALSE,FALSE,FALSE,FALSE,FALSE,FALSE,FALSE,FALSE,FALSE,1,0
material-intro-screen,FALSE,FALSE,FALSE,,FALSE,,None,Travis CI,,FALSE,FALSE,FALSE,FALSE,FALSE,FALSE,FALSE,FALSE,FALSE,FALSE,FALSE,FALSE,FALSE,FALSE,FALSE,FALSE,FALSE,1,0
material-sudoku,TRUE,FALSE,FALSE,,FALSE,,None,CircleCI,,FALSE,FALSE,FALSE,FALSE,FALSE,FALSE,FALSE,FALSE,FALSE,FALSE,FALSE,FALSE,FALSE,FALSE,FALSE,FALSE,FALSE,1,0
materialfilepicker,FALSE,FALSE,FALSE,,FALSE,,None,Travis CI,,FALSE,FALSE,FALSE,FALSE,FALSE,FALSE,FALSE,FALSE,FALSE,FALSE,FALSE,FALSE,FALSE,FALSE,FALSE,FALSE,FALSE,1,0
materialfiles,TRUE,FALSE,FALSE,,FALSE,,None,GitHub Actions,,FALSE,FALSE,FALSE,FALSE,FALSE,FALSE,FALSE,FALSE,FALSE,FALSE,FALSE,FALSE,FALSE,FALSE,FALSE,FALSE,FALSE,1,0
materialtextfield,TRUE,FALSE,FALSE,,FALSE,,None,GitHub Actions,,FALSE,FALSE,FALSE,FALSE,FALSE,FALSE,FALSE,FALSE,FALSE,FALSE,FALSE,FALSE,FALSE,FALSE,FALSE,FALSE,FALSE,1,0
materialwecenter,FALSE,FALSE,FALSE,,FALSE,,None,Travis CI,,FALSE,FALSE,FALSE,FALSE,FALSE,FALSE,FALSE,FALSE,FALSE,FALSE,FALSE,FALSE,FALSE,FALSE,FALSE,FALSE,FALSE,1,0
mather,FALSE,FALSE,FALSE,,FALSE,,None,Travis CI,,FALSE,FALSE,FALSE,FALSE,FALSE,FALSE,FALSE,FALSE,FALSE,FALSE,FALSE,FALSE,FALSE,FALSE,FALSE,FALSE,FALSE,1,0
mathview,TRUE,FALSE,FALSE,,FALSE,,None,"GitHub Actions, Travis CI",,FALSE,FALSE,FALSE,FALSE,FALSE,FALSE,FALSE,FALSE,FALSE,FALSE,FALSE,FALSE,FALSE,FALSE,FALSE,FALSE,FALSE,2,0
matsuri,TRUE,FALSE,FALSE,,FALSE,,None,GitHub Actions,,FALSE,FALSE,FALSE,FALSE,FALSE,FALSE,FALSE,FALSE,FALSE,FALSE,FALSE,FALSE,FALSE,FALSE,FALSE,FALSE,FALSE,1,0
mattermost-mobile,TRUE,FALSE,FALSE,,FALSE,,None,GitHub Actions,,FALSE,FALSE,FALSE,FALSE,FALSE,FALSE,FALSE,FALSE,FALSE,FALSE,FALSE,FALSE,FALSE,FALSE,FALSE,FALSE,FALSE,8,0
mausam-app,TRUE,FALSE,FALSE,,FALSE,,None,Travis CI,,FALSE,FALSE,FALSE,FALSE,FALSE,FALSE,FALSE,FALSE,FALSE,FALSE,FALSE,FALSE,FALSE,FALSE,FALSE,FALSE,FALSE,1,0
mauth,TRUE,FALSE,FALSE,,FALSE,,None,GitHub Actions,,FALSE,FALSE,FALSE,FALSE,FALSE,FALSE,FALSE,FALSE,FALSE,FALSE,FALSE,FALSE,FALSE,FALSE,FALSE,FALSE,FALSE,1,0
mbrc,TRUE,FALSE,FALSE,,FALSE,,None,GitHub Actions,,FALSE,FALSE,FALSE,FALSE,FALSE,FALSE,FALSE,FALSE,FALSE,FALSE,FALSE,FALSE,FALSE,FALSE,FALSE,FALSE,FALSE,1,0
mcerebrum-autosense,FALSE,FALSE,FALSE,,FALSE,,None,Travis CI,,FALSE,FALSE,FALSE,FALSE,FALSE,FALSE,FALSE,FALSE,FALSE,FALSE,FALSE,FALSE,FALSE,FALSE,FALSE,FALSE,FALSE,1,0
mcerebrum-emascheduler,FALSE,FALSE,FALSE,,FALSE,,None,Travis CI,,FALSE,FALSE,FALSE,FALSE,FALSE,FALSE,FALSE,FALSE,FALSE,FALSE,FALSE,FALSE,FALSE,FALSE,FALSE,FALSE,FALSE,1,0
mcerebrum-microsoftband,FALSE,FALSE,FALSE,,FALSE,,None,Travis CI,,FALSE,FALSE,FALSE,FALSE,FALSE,FALSE,FALSE,FALSE,FALSE,FALSE,FALSE,FALSE,FALSE,FALSE,FALSE,FALSE,FALSE,1,0
mcerebrum-moodsurfing,TRUE,FALSE,FALSE,,FALSE,,None,Travis CI,,FALSE,FALSE,FALSE,FALSE,FALSE,FALSE,FALSE,FALSE,FALSE,FALSE,FALSE,FALSE,FALSE,FALSE,FALSE,FALSE,FALSE,1,0
mcerebrum-omron,FALSE,FALSE,FALSE,,FALSE,,None,Travis CI,,FALSE,FALSE,FALSE,FALSE,FALSE,FALSE,FALSE,FALSE,FALSE,FALSE,FALSE,FALSE,FALSE,FALSE,FALSE,FALSE,FALSE,1,0
mcerebrum-phonesensor,FALSE,FALSE,FALSE,,FALSE,,None,Travis CI,,FALSE,FALSE,FALSE,FALSE,FALSE,FALSE,FALSE,FALSE,FALSE,FALSE,FALSE,FALSE,FALSE,FALSE,FALSE,FALSE,FALSE,1,0
mcerebrum-plotter,FALSE,FALSE,FALSE,,FALSE,,None,Travis CI,,FALSE,FALSE,FALSE,FALSE,FALSE,FALSE,FALSE,FALSE,FALSE,FALSE,FALSE,FALSE,FALSE,FALSE,FALSE,FALSE,FALSE,1,0
mcerebrum-streamprocessor,FALSE,FALSE,FALSE,,FALSE,,None,Travis CI,,FALSE,FALSE,FALSE,FALSE,FALSE,FALSE,FALSE,FALSE,FALSE,FALSE,FALSE,FALSE,FALSE,FALSE,FALSE,FALSE,FALSE,1,0
mcerebrum-study,FALSE,FALSE,FALSE,,FALSE,,None,Travis CI,,FALSE,FALSE,FALSE,FALSE,FALSE,FALSE,FALSE,FALSE,FALSE,FALSE,FALSE,FALSE,FALSE,FALSE,FALSE,FALSE,FALSE,1,0
mcerebrum-thoughtshakeup,FALSE,FALSE,FALSE,,FALSE,,None,Travis CI,,FALSE,FALSE,FALSE,FALSE,FALSE,FALSE,FALSE,FALSE,FALSE,FALSE,FALSE,FALSE,FALSE,FALSE,FALSE,FALSE,FALSE,1,0
mcinabox,TRUE,FALSE,FALSE,,FALSE,,None,GitHub Actions,,FALSE,FALSE,FALSE,FALSE,FALSE,FALSE,FALSE,FALSE,FALSE,FALSE,FALSE,FALSE,FALSE,FALSE,FALSE,FALSE,FALSE,1,0
mcpwn,TRUE,FALSE,FALSE,,FALSE,,None,CircleCI,,FALSE,FALSE,FALSE,FALSE,FALSE,FALSE,FALSE,FALSE,FALSE,FALSE,FALSE,FALSE,FALSE,FALSE,FALSE,FALSE,FALSE,1,0
mealient,TRUE,TRUE,TRUE,GitHub_GMD,FALSE,,"GitHub_Hosted, None",GitHub Actions,GitHub Actions,FALSE,FALSE,FALSE,FALSE,FALSE,FALSE,FALSE,FALSE,FALSE,FALSE,FALSE,FALSE,FALSE,FALSE,FALSE,FALSE,FALSE,2,0
mealmania,TRUE,FALSE,FALSE,,FALSE,,None,Travis CI,,FALSE,FALSE,FALSE,FALSE,FALSE,FALSE,FALSE,FALSE,FALSE,FALSE,FALSE,FALSE,FALSE,FALSE,FALSE,FALSE,FALSE,1,0
meaning_android,TRUE,FALSE,FALSE,,FALSE,,None,GitHub Actions,,FALSE,FALSE,FALSE,FALSE,FALSE,FALSE,FALSE,FALSE,FALSE,FALSE,FALSE,FALSE,FALSE,FALSE,FALSE,FALSE,FALSE,1,0
mediagallery,FALSE,FALSE,FALSE,,FALSE,,None,Travis CI,,FALSE,FALSE,FALSE,FALSE,FALSE,FALSE,FALSE,FALSE,FALSE,FALSE,FALSE,FALSE,FALSE,FALSE,FALSE,FALSE,FALSE,1,0
medicationmanager,TRUE,FALSE,FALSE,,FALSE,,None,"CircleCI, GitHub Actions",,FALSE,FALSE,FALSE,FALSE,FALSE,FALSE,FALSE,FALSE,FALSE,FALSE,FALSE,FALSE,FALSE,FALSE,FALSE,FALSE,FALSE,2,0
medito-app,TRUE,FALSE,FALSE,,FALSE,,None,GitHub Actions,,FALSE,FALSE,FALSE,FALSE,FALSE,FALSE,FALSE,FALSE,FALSE,FALSE,FALSE,FALSE,FALSE,FALSE,FALSE,FALSE,FALSE,3,0
mediumclap-android,TRUE,FALSE,FALSE,,FALSE,,None,GitHub Actions,,FALSE,FALSE,FALSE,FALSE,FALSE,FALSE,FALSE,FALSE,FALSE,FALSE,FALSE,FALSE,FALSE,FALSE,FALSE,FALSE,FALSE,1,0
medusa,TRUE,FALSE,FALSE,,FALSE,,None,GitHub Actions,,FALSE,FALSE,FALSE,FALSE,FALSE,FALSE,FALSE,FALSE,FALSE,FALSE,FALSE,FALSE,FALSE,FALSE,FALSE,FALSE,FALSE,1,0
meeroo,TRUE,FALSE,FALSE,,FALSE,,None,GitHub Actions,,FALSE,FALSE,FALSE,FALSE,FALSE,FALSE,FALSE,FALSE,FALSE,FALSE,FALSE,FALSE,FALSE,FALSE,FALSE,FALSE,FALSE,1,0
mefab,TRUE,FALSE,FALSE,,FALSE,,None,GitHub Actions,,FALSE,FALSE,FALSE,FALSE,FALSE,FALSE,FALSE,FALSE,FALSE,FALSE,FALSE,FALSE,FALSE,FALSE,FALSE,FALSE,FALSE,1,0
melodeon,TRUE,FALSE,FALSE,,FALSE,,None,GitHub Actions,,FALSE,FALSE,FALSE,FALSE,FALSE,FALSE,FALSE,FALSE,FALSE,FALSE,FALSE,FALSE,FALSE,FALSE,FALSE,FALSE,FALSE,2,0
melon,TRUE,FALSE,FALSE,,FALSE,,None,"CircleCI, GitHub Actions",,FALSE,FALSE,FALSE,FALSE,FALSE,FALSE,FALSE,FALSE,FALSE,FALSE,FALSE,FALSE,FALSE,FALSE,FALSE,FALSE,FALSE,3,0
memecreator,TRUE,FALSE,FALSE,,FALSE,,None,GitHub Actions,,FALSE,FALSE,FALSE,FALSE,FALSE,FALSE,FALSE,FALSE,FALSE,FALSE,FALSE,FALSE,FALSE,FALSE,FALSE,FALSE,FALSE,1,0
memerizeapp,TRUE,FALSE,FALSE,,FALSE,,None,GitHub Actions,,FALSE,FALSE,FALSE,FALSE,FALSE,FALSE,FALSE,FALSE,FALSE,FALSE,FALSE,FALSE,FALSE,FALSE,FALSE,FALSE,FALSE,1,0
memetastic,TRUE,FALSE,FALSE,,FALSE,,None,GitHub Actions,,FALSE,FALSE,FALSE,FALSE,FALSE,FALSE,FALSE,FALSE,FALSE,FALSE,FALSE,FALSE,FALSE,FALSE,FALSE,FALSE,FALSE,1,0
memorygame,TRUE,FALSE,FALSE,,FALSE,,None,GitHub Actions,,FALSE,FALSE,FALSE,FALSE,FALSE,FALSE,FALSE,FALSE,FALSE,FALSE,FALSE,FALSE,FALSE,FALSE,FALSE,FALSE,FALSE,1,0
mensa,TRUE,FALSE,FALSE,,FALSE,,None,Travis CI,,FALSE,FALSE,FALSE,FALSE,FALSE,FALSE,FALSE,FALSE,FALSE,FALSE,FALSE,FALSE,FALSE,FALSE,FALSE,FALSE,FALSE,1,0
mensaplan,TRUE,FALSE,FALSE,,FALSE,,None,"CircleCI, GitHub Actions, GitLab CI",,FALSE,FALSE,FALSE,FALSE,FALSE,FALSE,FALSE,FALSE,FALSE,FALSE,FALSE,FALSE,FALSE,FALSE,FALSE,FALSE,FALSE,3,0
mentorship-android,TRUE,FALSE,FALSE,,FALSE,,None,GitHub Actions,,FALSE,FALSE,FALSE,FALSE,FALSE,FALSE,FALSE,FALSE,FALSE,FALSE,FALSE,FALSE,FALSE,FALSE,FALSE,FALSE,FALSE,4,0
mentra-app,TRUE,FALSE,FALSE,,FALSE,,None,GitHub Actions,,FALSE,FALSE,FALSE,FALSE,FALSE,FALSE,FALSE,FALSE,FALSE,FALSE,FALSE,FALSE,FALSE,FALSE,FALSE,FALSE,FALSE,1,0
meow,FALSE,FALSE,FALSE,,FALSE,,None,Travis CI,,FALSE,FALSE,FALSE,FALSE,FALSE,FALSE,FALSE,FALSE,FALSE,FALSE,FALSE,FALSE,FALSE,FALSE,FALSE,FALSE,FALSE,1,0
mercy-emotion-sns,TRUE,FALSE,FALSE,,FALSE,,None,GitHub Actions,,FALSE,FALSE,FALSE,FALSE,FALSE,FALSE,FALSE,FALSE,FALSE,FALSE,FALSE,FALSE,FALSE,FALSE,FALSE,FALSE,FALSE,1,0
messenger-android,TRUE,FALSE,FALSE,,FALSE,,None,GitHub Actions,,FALSE,FALSE,FALSE,FALSE,FALSE,FALSE,FALSE,FALSE,FALSE,FALSE,FALSE,FALSE,FALSE,FALSE,FALSE,FALSE,FALSE,1,0
messsy,TRUE,FALSE,FALSE,,FALSE,,None,GitHub Actions,,FALSE,FALSE,FALSE,FALSE,FALSE,FALSE,FALSE,FALSE,FALSE,FALSE,FALSE,FALSE,FALSE,FALSE,FALSE,FALSE,FALSE,1,0
met-cs622-chatbot-project,TRUE,FALSE,FALSE,,FALSE,,None,GitHub Actions,,FALSE,FALSE,FALSE,FALSE,FALSE,FALSE,FALSE,FALSE,FALSE,FALSE,FALSE,FALSE,FALSE,FALSE,FALSE,FALSE,FALSE,2,0
metadataremover,TRUE,TRUE,TRUE,GitHub_emulator_full,FALSE,,"GitHub_Hosted, None",GitHub Actions,GitHub Actions,FALSE,FALSE,FALSE,FALSE,FALSE,FALSE,TRUE,FALSE,FALSE,FALSE,FALSE,FALSE,FALSE,FALSE,FALSE,FALSE,1,2,0
meteorite,FALSE,FALSE,FALSE,,FALSE,,None,Travis CI,,FALSE,FALSE,FALSE,FALSE,FALSE,FALSE,FALSE,FALSE,FALSE,FALSE,FALSE,FALSE,FALSE,FALSE,FALSE,FALSE,FALSE,1,0
meteroid,TRUE,FALSE,FALSE,,FALSE,,None,GitHub Actions,,FALSE,FALSE,FALSE,FALSE,FALSE,FALSE,FALSE,FALSE,FALSE,FALSE,FALSE,FALSE,FALSE,FALSE,FALSE,FALSE,FALSE,1,0
metro-compose,TRUE,FALSE,FALSE,,FALSE,,None,GitHub Actions,,FALSE,FALSE,FALSE,FALSE,FALSE,FALSE,FALSE,FALSE,FALSE,FALSE,FALSE,FALSE,FALSE,FALSE,FALSE,FALSE,FALSE,3,0
metrodroid,TRUE,FALSE,FALSE,,FALSE,,None,Travis CI,,FALSE,FALSE,FALSE,FALSE,FALSE,FALSE,FALSE,FALSE,FALSE,FALSE,FALSE,FALSE,FALSE,FALSE,FALSE,FALSE,FALSE,1,0
metronome,TRUE,FALSE,FALSE,,FALSE,,None,GitHub Actions,,FALSE,FALSE,FALSE,FALSE,FALSE,FALSE,FALSE,FALSE,FALSE,FALSE,FALSE,FALSE,FALSE,FALSE,FALSE,FALSE,FALSE,1,0
mewconnect-android,FALSE,FALSE,FALSE,,FALSE,,None,Travis CI,,FALSE,FALSE,FALSE,FALSE,FALSE,FALSE,FALSE,FALSE,FALSE,FALSE,FALSE,FALSE,FALSE,FALSE,FALSE,FALSE,FALSE,1,0
mgit,TRUE,FALSE,FALSE,,FALSE,,None,GitHub Actions,,FALSE,FALSE,FALSE,FALSE,FALSE,FALSE,FALSE,FALSE,FALSE,FALSE,FALSE,FALSE,FALSE,FALSE,FALSE,FALSE,FALSE,1,0
mhabit,TRUE,FALSE,FALSE,,FALSE,,None,GitHub Actions,,FALSE,FALSE,FALSE,FALSE,FALSE,FALSE,FALSE,FALSE,FALSE,FALSE,FALSE,FALSE,FALSE,FALSE,FALSE,FALSE,FALSE,4,0
mhworlddatabase,TRUE,FALSE,FALSE,,FALSE,,None,CircleCI,,FALSE,FALSE,FALSE,FALSE,FALSE,FALSE,FALSE,FALSE,FALSE,FALSE,FALSE,FALSE,FALSE,FALSE,FALSE,FALSE,FALSE,1,0
micropinner,TRUE,TRUE,FALSE,,TRUE,Travis CI_emulator_manual,"Manual_ThirdParty, None","GitHub Actions, Travis CI",Travis CI,FALSE,FALSE,FALSE,FALSE,FALSE,FALSE,FALSE,FALSE,FALSE,FALSE,FALSE,FALSE,FALSE,FALSE,FALSE,FALSE,FALSE,2,0
microsphere,FALSE,FALSE,FALSE,,FALSE,,None,Travis CI,,FALSE,FALSE,FALSE,FALSE,FALSE,FALSE,FALSE,FALSE,FALSE,FALSE,FALSE,FALSE,FALSE,FALSE,FALSE,FALSE,FALSE,1,0
milia,TRUE,FALSE,FALSE,,FALSE,,None,GitHub Actions,,FALSE,FALSE,FALSE,FALSE,FALSE,FALSE,FALSE,FALSE,FALSE,FALSE,FALSE,FALSE,FALSE,FALSE,FALSE,FALSE,FALSE,1,0
milktea,FALSE,FALSE,FALSE,,FALSE,,None,GitHub Actions,,FALSE,FALSE,FALSE,FALSE,FALSE,FALSE,FALSE,FALSE,FALSE,FALSE,FALSE,FALSE,FALSE,FALSE,FALSE,FALSE,FALSE,2,0
millennium-for-reddit,TRUE,FALSE,FALSE,,FALSE,,None,GitHub Actions,,FALSE,FALSE,FALSE,FALSE,FALSE,FALSE,FALSE,FALSE,FALSE,FALSE,FALSE,FALSE,FALSE,FALSE,FALSE,FALSE,FALSE,1,0
minder,TRUE,FALSE,FALSE,,FALSE,,None,GitHub Actions,,FALSE,FALSE,FALSE,FALSE,FALSE,FALSE,FALSE,FALSE,FALSE,FALSE,FALSE,FALSE,FALSE,FALSE,FALSE,FALSE,FALSE,1,0
mindful-android-launcher,FALSE,FALSE,FALSE,,FALSE,,None,GitLab CI,,FALSE,FALSE,FALSE,FALSE,FALSE,FALSE,FALSE,FALSE,FALSE,FALSE,FALSE,FALSE,FALSE,FALSE,FALSE,FALSE,FALSE,1,0
mindustry,TRUE,FALSE,FALSE,,FALSE,,None,GitHub Actions,,FALSE,FALSE,FALSE,FALSE,FALSE,FALSE,FALSE,FALSE,FALSE,FALSE,FALSE,FALSE,FALSE,FALSE,FALSE,FALSE,FALSE,3,0
mini-games,TRUE,FALSE,FALSE,,FALSE,,None,GitHub Actions,,FALSE,FALSE,FALSE,FALSE,FALSE,FALSE,FALSE,FALSE,FALSE,FALSE,FALSE,FALSE,FALSE,FALSE,FALSE,FALSE,FALSE,2,0
minijvm,FALSE,FALSE,FALSE,,FALSE,,None,Travis CI,,FALSE,FALSE,FALSE,FALSE,FALSE,FALSE,FALSE,FALSE,FALSE,FALSE,FALSE,FALSE,FALSE,FALSE,FALSE,FALSE,FALSE,1,0
minimal-quotes,TRUE,FALSE,FALSE,,FALSE,,None,Travis CI,,FALSE,FALSE,FALSE,FALSE,FALSE,FALSE,FALSE,FALSE,FALSE,FALSE,FALSE,FALSE,FALSE,FALSE,FALSE,FALSE,FALSE,1,0
minimal-todo,FALSE,FALSE,FALSE,,FALSE,,None,Travis CI,,FALSE,FALSE,FALSE,FALSE,FALSE,FALSE,FALSE,FALSE,FALSE,FALSE,FALSE,FALSE,FALSE,FALSE,FALSE,FALSE,FALSE,1,0
minimal_todo,TRUE,FALSE,FALSE,,FALSE,,None,"GitHub Actions, Travis CI",,FALSE,FALSE,FALSE,FALSE,FALSE,FALSE,FALSE,FALSE,FALSE,FALSE,FALSE,FALSE,FALSE,FALSE,FALSE,FALSE,FALSE,2,0
minimalin-watchface,TRUE,FALSE,FALSE,,FALSE,,None,GitHub Actions,,FALSE,FALSE,FALSE,FALSE,FALSE,FALSE,FALSE,FALSE,FALSE,FALSE,FALSE,FALSE,FALSE,FALSE,FALSE,FALSE,FALSE,1,0
miocheck,FALSE,FALSE,FALSE,,FALSE,,None,Travis CI,,FALSE,FALSE,FALSE,FALSE,FALSE,FALSE,FALSE,FALSE,FALSE,FALSE,FALSE,FALSE,FALSE,FALSE,FALSE,FALSE,FALSE,1,0
mirakel-android,TRUE,FALSE,FALSE,,FALSE,,None,Travis CI,,FALSE,FALSE,FALSE,FALSE,FALSE,FALSE,FALSE,FALSE,FALSE,FALSE,FALSE,FALSE,FALSE,FALSE,FALSE,FALSE,FALSE,1,0
mirrordisplay,TRUE,FALSE,FALSE,,FALSE,,None,GitHub Actions,,FALSE,FALSE,FALSE,FALSE,FALSE,FALSE,FALSE,FALSE,FALSE,FALSE,FALSE,FALSE,FALSE,FALSE,FALSE,FALSE,FALSE,1,0
mirru-android,TRUE,FALSE,FALSE,,FALSE,,None,GitHub Actions,,FALSE,FALSE,FALSE,FALSE,FALSE,FALSE,FALSE,FALSE,FALSE,FALSE,FALSE,FALSE,FALSE,FALSE,FALSE,FALSE,FALSE,1,0
mitsumine,TRUE,FALSE,FALSE,,FALSE,,None,CircleCI,,FALSE,FALSE,FALSE,FALSE,FALSE,FALSE,FALSE,FALSE,FALSE,FALSE,FALSE,FALSE,FALSE,FALSE,FALSE,FALSE,FALSE,1,0
mityurl,TRUE,FALSE,FALSE,,FALSE,,None,GitHub Actions,,FALSE,FALSE,FALSE,FALSE,FALSE,FALSE,FALSE,FALSE,FALSE,FALSE,FALSE,FALSE,FALSE,FALSE,FALSE,FALSE,FALSE,1,0
miuinativenotifyicon,TRUE,FALSE,FALSE,,FALSE,,None,GitHub Actions,,FALSE,FALSE,FALSE,FALSE,FALSE,FALSE,FALSE,FALSE,FALSE,FALSE,FALSE,FALSE,FALSE,FALSE,FALSE,FALSE,FALSE,2,0
miwok-app,TRUE,FALSE,FALSE,,FALSE,,None,GitHub Actions,,FALSE,FALSE,FALSE,FALSE,FALSE,FALSE,FALSE,FALSE,FALSE,FALSE,FALSE,FALSE,FALSE,FALSE,FALSE,FALSE,FALSE,1,0
mixpanel-android,TRUE,TRUE,FALSE,,TRUE,Travis CI_emulator_manual,Manual_ThirdParty,Travis CI,Travis CI,FALSE,FALSE,FALSE,FALSE,FALSE,FALSE,FALSE,FALSE,FALSE,FALSE,FALSE,FALSE,FALSE,FALSE,FALSE,FALSE,FALSE,1,0
mkdocseditor-android,TRUE,FALSE,FALSE,,FALSE,,None,GitHub Actions,,FALSE,FALSE,FALSE,FALSE,FALSE,FALSE,FALSE,FALSE,FALSE,FALSE,FALSE,FALSE,FALSE,FALSE,FALSE,FALSE,FALSE,1,0
mkloader,FALSE,FALSE,FALSE,,FALSE,,None,Travis CI,,FALSE,FALSE,FALSE,FALSE,FALSE,FALSE,FALSE,FALSE,FALSE,FALSE,FALSE,FALSE,FALSE,FALSE,FALSE,FALSE,FALSE,1,0
mlmanager,TRUE,FALSE,FALSE,,FALSE,,None,Travis CI,,FALSE,FALSE,FALSE,FALSE,FALSE,FALSE,FALSE,FALSE,FALSE,FALSE,FALSE,FALSE,FALSE,FALSE,FALSE,FALSE,FALSE,1,0
mmdb,TRUE,FALSE,FALSE,,FALSE,,None,GitHub Actions,,FALSE,FALSE,FALSE,FALSE,FALSE,FALSE,FALSE,FALSE,FALSE,FALSE,TRUE,FALSE,FALSE,FALSE,FALSE,FALSE,1,4,0
mobile,TRUE,TRUE,TRUE,GitHub_emulator_full,FALSE,,"GitHub_Hosted, None","GitHub Actions, Travis CI",GitHub Actions,FALSE,FALSE,FALSE,FALSE,FALSE,FALSE,FALSE,FALSE,FALSE,FALSE,FALSE,FALSE,TRUE,FALSE,FALSE,FALSE,1,9,0
mobile-android-legacy,TRUE,FALSE,FALSE,,FALSE,,None,GitHub Actions,,FALSE,FALSE,FALSE,FALSE,FALSE,FALSE,FALSE,FALSE,FALSE,FALSE,FALSE,FALSE,FALSE,FALSE,FALSE,FALSE,FALSE,1,0
mobile-app,FALSE,TRUE,TRUE,GitHub_emulator_full,TRUE,Browserstack,"GitHub_Hosted, None, ThirdParty_Service",GitHub Actions,GitHub Actions,FALSE,FALSE,FALSE,FALSE,FALSE,FALSE,FALSE,FALSE,FALSE,FALSE,FALSE,FALSE,FALSE,TRUE,FALSE,FALSE,1,3,0
mobile-cardio,FALSE,FALSE,FALSE,,FALSE,,None,Travis CI,,FALSE,FALSE,FALSE,FALSE,FALSE,FALSE,FALSE,FALSE,FALSE,FALSE,FALSE,FALSE,FALSE,FALSE,FALSE,FALSE,FALSE,1,0
mobile-jisho,TRUE,TRUE,FALSE,,TRUE,Travis CI_emulator_manual,Manual_ThirdParty,Travis CI,Travis CI,FALSE,FALSE,FALSE,FALSE,FALSE,FALSE,FALSE,FALSE,FALSE,FALSE,FALSE,FALSE,FALSE,FALSE,FALSE,FALSE,FALSE,1,0
mobile_nebula,TRUE,FALSE,FALSE,,FALSE,,None,GitHub Actions,,FALSE,FALSE,FALSE,FALSE,FALSE,FALSE,FALSE,FALSE,FALSE,FALSE,FALSE,FALSE,FALSE,FALSE,FALSE,FALSE,FALSE,3,0
mobileprism,TRUE,FALSE,FALSE,,FALSE,,None,GitHub Actions,,FALSE,FALSE,FALSE,FALSE,FALSE,FALSE,FALSE,FALSE,FALSE,FALSE,FALSE,FALSE,FALSE,FALSE,FALSE,FALSE,FALSE,2,0
mobilert,TRUE,TRUE,TRUE,GitHub_emulator_full,FALSE,,"GitHub_Hosted, None",GitHub Actions,GitHub Actions,FALSE,FALSE,FALSE,FALSE,FALSE,FALSE,FALSE,FALSE,FALSE,FALSE,FALSE,FALSE,FALSE,FALSE,FALSE,FALSE,FALSE,7,0
modalbottomsheetdialog,TRUE,FALSE,FALSE,,FALSE,,None,GitHub Actions,,FALSE,FALSE,FALSE,FALSE,FALSE,FALSE,FALSE,FALSE,FALSE,FALSE,FALSE,FALSE,FALSE,FALSE,FALSE,FALSE,FALSE,1,0
modularized-flicker-showcase,TRUE,FALSE,FALSE,,FALSE,,None,CircleCI,,FALSE,FALSE,FALSE,FALSE,FALSE,FALSE,FALSE,FALSE,FALSE,FALSE,FALSE,FALSE,FALSE,FALSE,FALSE,FALSE,FALSE,1,0
modularized-marvel-showcase,TRUE,FALSE,FALSE,,FALSE,,None,CircleCI,,FALSE,FALSE,FALSE,FALSE,FALSE,FALSE,FALSE,FALSE,FALSE,FALSE,FALSE,FALSE,FALSE,FALSE,FALSE,FALSE,FALSE,1,0
momento,TRUE,FALSE,FALSE,,FALSE,,None,GitHub Actions,,FALSE,FALSE,FALSE,FALSE,FALSE,FALSE,FALSE,FALSE,FALSE,FALSE,FALSE,FALSE,FALSE,FALSE,FALSE,FALSE,FALSE,1,0
momentum,TRUE,FALSE,FALSE,,FALSE,,None,GitHub Actions,,FALSE,FALSE,FALSE,FALSE,FALSE,FALSE,FALSE,FALSE,FALSE,FALSE,FALSE,FALSE,FALSE,FALSE,FALSE,FALSE,FALSE,1,0
moneybook,TRUE,FALSE,FALSE,,FALSE,,None,CircleCI,,FALSE,FALSE,FALSE,FALSE,FALSE,FALSE,FALSE,FALSE,FALSE,FALSE,FALSE,FALSE,FALSE,FALSE,FALSE,FALSE,FALSE,1,0
moneycontrol,FALSE,FALSE,FALSE,,FALSE,,None,Travis CI,,FALSE,FALSE,FALSE,FALSE,FALSE,FALSE,FALSE,FALSE,FALSE,FALSE,FALSE,FALSE,FALSE,FALSE,FALSE,FALSE,FALSE,1,0
monoadapter,FALSE,FALSE,FALSE,,FALSE,,None,CircleCI,,FALSE,FALSE,FALSE,FALSE,FALSE,FALSE,FALSE,FALSE,FALSE,FALSE,FALSE,FALSE,FALSE,FALSE,FALSE,FALSE,FALSE,1,0
monotweety,TRUE,FALSE,FALSE,,FALSE,,None,GitHub Actions,,FALSE,FALSE,FALSE,FALSE,FALSE,FALSE,FALSE,FALSE,FALSE,FALSE,FALSE,FALSE,FALSE,FALSE,FALSE,FALSE,FALSE,1,0
monster-compendium,TRUE,FALSE,FALSE,,FALSE,,None,GitHub Actions,,FALSE,FALSE,FALSE,FALSE,FALSE,FALSE,FALSE,FALSE,FALSE,FALSE,FALSE,FALSE,FALSE,FALSE,FALSE,FALSE,FALSE,1,0
mood-tracker-android,TRUE,FALSE,FALSE,,FALSE,,None,GitHub Actions,,FALSE,FALSE,FALSE,FALSE,FALSE,FALSE,FALSE,FALSE,FALSE,FALSE,FALSE,FALSE,FALSE,FALSE,FALSE,FALSE,FALSE,1,0
mooltik,TRUE,FALSE,FALSE,,FALSE,,None,GitHub Actions,,FALSE,FALSE,FALSE,FALSE,FALSE,FALSE,FALSE,FALSE,FALSE,FALSE,FALSE,FALSE,FALSE,FALSE,FALSE,FALSE,FALSE,1,0
moonlight-android,FALSE,FALSE,FALSE,,FALSE,,None,Unknown,,FALSE,FALSE,FALSE,FALSE,FALSE,FALSE,FALSE,FALSE,FALSE,FALSE,FALSE,FALSE,FALSE,FALSE,FALSE,FALSE,FALSE,1,0
moonmeet-crossplatform,TRUE,FALSE,FALSE,,FALSE,,None,GitHub Actions,,FALSE,FALSE,FALSE,FALSE,FALSE,FALSE,FALSE,FALSE,FALSE,FALSE,FALSE,FALSE,FALSE,FALSE,FALSE,FALSE,FALSE,4,0
moonshot,TRUE,TRUE,TRUE,GitHub_emulator_full,FALSE,,GitHub_Hosted,GitHub Actions,GitHub Actions,FALSE,FALSE,FALSE,FALSE,FALSE,FALSE,FALSE,FALSE,FALSE,FALSE,TRUE,FALSE,FALSE,FALSE,FALSE,FALSE,1,1,0
moretype,FALSE,FALSE,FALSE,,FALSE,,None,Travis CI,,FALSE,FALSE,FALSE,FALSE,FALSE,FALSE,FALSE,FALSE,FALSE,FALSE,FALSE,FALSE,FALSE,FALSE,FALSE,FALSE,FALSE,1,0
morningwood,TRUE,FALSE,FALSE,,FALSE,,None,GitHub Actions,,FALSE,FALSE,FALSE,FALSE,FALSE,FALSE,FALSE,FALSE,FALSE,FALSE,FALSE,FALSE,FALSE,FALSE,FALSE,FALSE,FALSE,2,0
morphtransitions,TRUE,FALSE,FALSE,,FALSE,,None,GitHub Actions,,FALSE,FALSE,FALSE,FALSE,FALSE,FALSE,FALSE,FALSE,FALSE,FALSE,FALSE,FALSE,FALSE,FALSE,FALSE,FALSE,FALSE,1,0
motionlock,TRUE,FALSE,FALSE,,FALSE,,None,GitLab CI,,FALSE,FALSE,FALSE,FALSE,FALSE,FALSE,FALSE,FALSE,FALSE,FALSE,FALSE,FALSE,FALSE,FALSE,FALSE,FALSE,FALSE,1,0
motionmate,TRUE,FALSE,FALSE,,FALSE,,None,"GitHub Actions, Travis CI",,FALSE,FALSE,FALSE,FALSE,FALSE,FALSE,FALSE,FALSE,FALSE,FALSE,FALSE,FALSE,FALSE,FALSE,FALSE,FALSE,FALSE,2,0
motorsport-circuits,TRUE,TRUE,FALSE,,TRUE,Travis CI_emulator_manual,"Manual_ThirdParty, None","GitHub Actions, Travis CI",Travis CI,FALSE,FALSE,FALSE,FALSE,FALSE,FALSE,FALSE,FALSE,FALSE,FALSE,FALSE,FALSE,FALSE,FALSE,FALSE,FALSE,FALSE,2,0
move-tickets-seats,TRUE,FALSE,FALSE,,FALSE,,None,GitHub Actions,,FALSE,FALSE,FALSE,FALSE,FALSE,FALSE,FALSE,FALSE,FALSE,FALSE,FALSE,FALSE,FALSE,FALSE,FALSE,FALSE,FALSE,1,0
moveery,TRUE,TRUE,FALSE,,TRUE,Travis CI_emulator_manual,Manual_ThirdParty,Travis CI,Travis CI,FALSE,FALSE,FALSE,FALSE,FALSE,FALSE,FALSE,FALSE,FALSE,FALSE,FALSE,FALSE,FALSE,FALSE,FALSE,FALSE,FALSE,1,0
movie-app-android,TRUE,FALSE,FALSE,,FALSE,,None,"GitHub Actions, GitLab CI",,FALSE,FALSE,FALSE,FALSE,FALSE,FALSE,FALSE,FALSE,FALSE,FALSE,FALSE,FALSE,FALSE,FALSE,FALSE,FALSE,FALSE,3,0
movie-list-by-jetpack-compose-01,TRUE,FALSE,FALSE,,FALSE,,None,GitHub Actions,,FALSE,FALSE,FALSE,FALSE,FALSE,FALSE,FALSE,FALSE,FALSE,FALSE,FALSE,FALSE,FALSE,FALSE,FALSE,FALSE,FALSE,1,0
movieapp,TRUE,TRUE,FALSE,,TRUE,Travis CI_emulator_manual,Manual_ThirdParty,Travis CI,Travis CI,FALSE,FALSE,FALSE,FALSE,FALSE,FALSE,FALSE,FALSE,FALSE,FALSE,FALSE,FALSE,FALSE,FALSE,FALSE,FALSE,FALSE,1,0
moviedatabase,TRUE,FALSE,FALSE,,FALSE,,None,GitHub Actions,,FALSE,FALSE,FALSE,FALSE,FALSE,FALSE,FALSE,FALSE,FALSE,FALSE,FALSE,FALSE,FALSE,FALSE,FALSE,FALSE,FALSE,2,0
moviedb,FALSE,FALSE,FALSE,,FALSE,,None,Travis CI,,FALSE,FALSE,FALSE,FALSE,FALSE,FALSE,FALSE,FALSE,FALSE,FALSE,FALSE,FALSE,FALSE,FALSE,FALSE,FALSE,FALSE,1,0
movieland,TRUE,FALSE,FALSE,,FALSE,,None,GitHub Actions,,FALSE,FALSE,FALSE,FALSE,FALSE,FALSE,FALSE,FALSE,FALSE,FALSE,FALSE,FALSE,FALSE,FALSE,FALSE,FALSE,FALSE,3,0
movies,TRUE,FALSE,FALSE,,FALSE,,None,GitHub Actions,,FALSE,FALSE,FALSE,FALSE,FALSE,FALSE,FALSE,FALSE,FALSE,FALSE,FALSE,FALSE,FALSE,FALSE,FALSE,FALSE,FALSE,4,0
movies_tmdb,FALSE,FALSE,FALSE,,FALSE,,None,Travis CI,,FALSE,FALSE,FALSE,FALSE,FALSE,FALSE,FALSE,FALSE,FALSE,FALSE,FALSE,FALSE,FALSE,FALSE,FALSE,FALSE,FALSE,1,0
moviesy,TRUE,FALSE,FALSE,,FALSE,,None,GitHub Actions,,FALSE,FALSE,FALSE,FALSE,FALSE,FALSE,FALSE,FALSE,FALSE,FALSE,FALSE,FALSE,FALSE,FALSE,FALSE,FALSE,FALSE,1,0
movistartv,TRUE,FALSE,FALSE,,FALSE,,None,GitHub Actions,,FALSE,FALSE,FALSE,FALSE,FALSE,FALSE,FALSE,FALSE,FALSE,FALSE,FALSE,FALSE,FALSE,FALSE,FALSE,FALSE,FALSE,1,0
mp3player,TRUE,TRUE,FALSE,,TRUE,Firebase_Full,"None, ThirdParty_Service",GitHub Actions,GitHub Actions,FALSE,FALSE,FALSE,FALSE,FALSE,FALSE,FALSE,FALSE,FALSE,FALSE,FALSE,FALSE,FALSE,FALSE,FALSE,FALSE,FALSE,6,0
mpd,TRUE,FALSE,FALSE,,FALSE,,None,GitHub Actions,,FALSE,FALSE,FALSE,FALSE,FALSE,FALSE,FALSE,FALSE,FALSE,FALSE,FALSE,FALSE,FALSE,FALSE,FALSE,FALSE,FALSE,1,0
mpp-kotlin,TRUE,FALSE,FALSE,,FALSE,,None,GitHub Actions,,FALSE,FALSE,FALSE,FALSE,FALSE,FALSE,FALSE,FALSE,FALSE,FALSE,FALSE,FALSE,FALSE,FALSE,FALSE,FALSE,FALSE,1,0
mpv-android,FALSE,FALSE,FALSE,,FALSE,,None,"GitHub Actions, Travis CI",,FALSE,FALSE,FALSE,FALSE,FALSE,FALSE,FALSE,FALSE,FALSE,FALSE,FALSE,FALSE,FALSE,FALSE,FALSE,FALSE,FALSE,2,0
mss,TRUE,FALSE,FALSE,,FALSE,,None,GitHub Actions,,FALSE,FALSE,FALSE,FALSE,FALSE,FALSE,FALSE,FALSE,FALSE,FALSE,FALSE,FALSE,FALSE,FALSE,FALSE,FALSE,FALSE,3,0
mszprogressindicator,TRUE,FALSE,FALSE,,FALSE,,None,GitHub Actions,,FALSE,FALSE,FALSE,FALSE,FALSE,FALSE,FALSE,FALSE,FALSE,FALSE,FALSE,FALSE,FALSE,FALSE,FALSE,FALSE,FALSE,1,0
mtg-familiar,TRUE,FALSE,FALSE,,FALSE,,None,CircleCI,,FALSE,FALSE,FALSE,FALSE,FALSE,FALSE,FALSE,FALSE,FALSE,FALSE,FALSE,FALSE,FALSE,FALSE,FALSE,FALSE,FALSE,1,0
mtmods4android,TRUE,FALSE,FALSE,,FALSE,,None,Travis CI,,FALSE,FALSE,FALSE,FALSE,FALSE,FALSE,FALSE,FALSE,FALSE,FALSE,FALSE,FALSE,FALSE,FALSE,FALSE,FALSE,FALSE,1,0
mtuo,TRUE,FALSE,FALSE,,FALSE,,None,GitHub Actions,,FALSE,FALSE,FALSE,FALSE,FALSE,FALSE,FALSE,FALSE,FALSE,FALSE,FALSE,FALSE,FALSE,FALSE,FALSE,FALSE,FALSE,2,0
mucke,TRUE,FALSE,FALSE,,FALSE,,None,GitHub Actions,,FALSE,FALSE,FALSE,FALSE,FALSE,FALSE,FALSE,FALSE,FALSE,FALSE,FALSE,FALSE,FALSE,FALSE,FALSE,FALSE,FALSE,4,0
mullvadvpn-app,TRUE,FALSE,FALSE,,FALSE,,None,GitHub Actions,,FALSE,FALSE,FALSE,FALSE,FALSE,FALSE,FALSE,FALSE,FALSE,FALSE,FALSE,FALSE,FALSE,FALSE,FALSE,FALSE,FALSE,19,0
multilanguages,TRUE,FALSE,FALSE,,FALSE,,None,GitHub Actions,,FALSE,FALSE,FALSE,FALSE,FALSE,FALSE,FALSE,FALSE,FALSE,FALSE,FALSE,FALSE,FALSE,FALSE,FALSE,FALSE,FALSE,1,0
multiplatform-markdown-renderer,TRUE,FALSE,FALSE,,FALSE,,None,GitHub Actions,,FALSE,FALSE,FALSE,FALSE,FALSE,FALSE,FALSE,FALSE,FALSE,FALSE,FALSE,FALSE,FALSE,FALSE,FALSE,FALSE,FALSE,1,0
multiplatformgithubtopics,TRUE,FALSE,FALSE,,FALSE,,None,GitHub Actions,,FALSE,FALSE,FALSE,FALSE,FALSE,FALSE,FALSE,FALSE,FALSE,FALSE,FALSE,FALSE,FALSE,FALSE,FALSE,FALSE,FALSE,1,0
multiplestatuslayout,FALSE,FALSE,FALSE,,FALSE,,None,Travis CI,,FALSE,FALSE,FALSE,FALSE,FALSE,FALSE,FALSE,FALSE,FALSE,FALSE,FALSE,FALSE,FALSE,FALSE,FALSE,FALSE,FALSE,1,0
munchkin-counter-android,FALSE,FALSE,FALSE,,FALSE,,None,CircleCI,,FALSE,FALSE,FALSE,FALSE,FALSE,FALSE,FALSE,FALSE,FALSE,FALSE,FALSE,FALSE,FALSE,FALSE,FALSE,FALSE,FALSE,1,0
mundraub-android,FALSE,FALSE,FALSE,,FALSE,,None,Travis CI,,FALSE,FALSE,FALSE,FALSE,FALSE,FALSE,FALSE,FALSE,FALSE,FALSE,FALSE,FALSE,FALSE,FALSE,FALSE,FALSE,FALSE,1,0
munich-ways-app,TRUE,FALSE,FALSE,,FALSE,,None,GitHub Actions,,FALSE,FALSE,FALSE,FALSE,FALSE,FALSE,FALSE,FALSE,FALSE,FALSE,FALSE,FALSE,FALSE,FALSE,FALSE,FALSE,FALSE,2,0
mupen64plus-ae,TRUE,FALSE,FALSE,,FALSE,,None,GitHub Actions,,FALSE,FALSE,FALSE,FALSE,FALSE,FALSE,FALSE,FALSE,FALSE,FALSE,FALSE,FALSE,FALSE,FALSE,FALSE,FALSE,FALSE,1,0
musekit,TRUE,FALSE,FALSE,,FALSE,,None,GitHub Actions,,FALSE,FALSE,FALSE,FALSE,FALSE,FALSE,FALSE,FALSE,FALSE,FALSE,FALSE,FALSE,FALSE,FALSE,FALSE,FALSE,FALSE,2,0
music-player,TRUE,FALSE,FALSE,,FALSE,,None,GitHub Actions,,FALSE,FALSE,FALSE,FALSE,FALSE,FALSE,FALSE,FALSE,FALSE,FALSE,FALSE,FALSE,FALSE,FALSE,FALSE,FALSE,FALSE,1,0
music-player-go,TRUE,FALSE,FALSE,,FALSE,,None,GitHub Actions,,FALSE,FALSE,FALSE,FALSE,FALSE,FALSE,FALSE,FALSE,FALSE,FALSE,FALSE,FALSE,FALSE,FALSE,FALSE,FALSE,FALSE,1,0
musicbrainz-android,TRUE,FALSE,FALSE,,FALSE,,None,GitHub Actions,,FALSE,FALSE,FALSE,FALSE,FALSE,FALSE,FALSE,FALSE,FALSE,FALSE,FALSE,FALSE,FALSE,FALSE,FALSE,FALSE,FALSE,4,0
musicmanager,FALSE,FALSE,FALSE,,FALSE,,None,Travis CI,,FALSE,FALSE,FALSE,FALSE,FALSE,FALSE,FALSE,FALSE,FALSE,FALSE,FALSE,FALSE,FALSE,FALSE,FALSE,FALSE,FALSE,1,0
musify,TRUE,FALSE,FALSE,,FALSE,,None,GitHub Actions,,FALSE,FALSE,FALSE,FALSE,FALSE,FALSE,FALSE,FALSE,FALSE,FALSE,FALSE,FALSE,FALSE,FALSE,FALSE,FALSE,FALSE,7,0
muslimday,FALSE,FALSE,FALSE,,FALSE,,None,Travis CI,,FALSE,FALSE,FALSE,FALSE,FALSE,FALSE,FALSE,FALSE,FALSE,FALSE,FALSE,FALSE,FALSE,FALSE,FALSE,FALSE,FALSE,1,0
mutecamera,FALSE,FALSE,FALSE,,FALSE,,None,GitHub Actions,,FALSE,FALSE,FALSE,FALSE,FALSE,FALSE,FALSE,FALSE,FALSE,FALSE,FALSE,FALSE,FALSE,FALSE,FALSE,FALSE,FALSE,1,0
mutify,TRUE,FALSE,FALSE,,FALSE,,None,GitHub Actions,,FALSE,FALSE,FALSE,FALSE,FALSE,FALSE,FALSE,FALSE,FALSE,FALSE,FALSE,FALSE,FALSE,FALSE,FALSE,FALSE,FALSE,1,0
muzesto,FALSE,FALSE,FALSE,,FALSE,,None,Travis CI,,FALSE,FALSE,FALSE,FALSE,FALSE,FALSE,FALSE,FALSE,FALSE,FALSE,FALSE,FALSE,FALSE,FALSE,FALSE,FALSE,FALSE,1,0
mvez,TRUE,FALSE,FALSE,,FALSE,,None,Travis CI,,FALSE,FALSE,FALSE,FALSE,FALSE,FALSE,FALSE,FALSE,FALSE,FALSE,FALSE,FALSE,FALSE,FALSE,FALSE,FALSE,FALSE,1,0
mvi-dispatcher-ktx,TRUE,FALSE,FALSE,,FALSE,,None,GitHub Actions,,FALSE,FALSE,FALSE,FALSE,FALSE,FALSE,FALSE,FALSE,FALSE,FALSE,FALSE,FALSE,FALSE,FALSE,FALSE,FALSE,FALSE,1,0
mvoterandroid,TRUE,FALSE,FALSE,,FALSE,,None,GitHub Actions,,FALSE,FALSE,FALSE,FALSE,FALSE,FALSE,FALSE,FALSE,FALSE,FALSE,FALSE,FALSE,FALSE,FALSE,FALSE,FALSE,FALSE,2,0
my-bank,TRUE,FALSE,FALSE,,FALSE,,None,GitHub Actions,,FALSE,FALSE,FALSE,FALSE,FALSE,FALSE,FALSE,FALSE,FALSE,FALSE,FALSE,FALSE,FALSE,FALSE,FALSE,FALSE,FALSE,3,0
my-career,TRUE,FALSE,FALSE,,FALSE,,None,GitHub Actions,,FALSE,FALSE,FALSE,FALSE,FALSE,FALSE,FALSE,FALSE,FALSE,FALSE,FALSE,FALSE,FALSE,FALSE,FALSE,FALSE,FALSE,3,0
my-fitness-app,TRUE,FALSE,FALSE,,FALSE,,None,GitHub Actions,,FALSE,FALSE,FALSE,FALSE,FALSE,FALSE,FALSE,FALSE,FALSE,FALSE,FALSE,FALSE,FALSE,FALSE,FALSE,FALSE,FALSE,1,0
my-music,TRUE,FALSE,FALSE,,FALSE,,None,GitHub Actions,,FALSE,FALSE,FALSE,FALSE,FALSE,FALSE,FALSE,FALSE,FALSE,FALSE,FALSE,FALSE,FALSE,FALSE,FALSE,FALSE,FALSE,1,0
my-soothe,TRUE,TRUE,TRUE,GitHub_emulator_full,FALSE,,GitHub_Hosted,GitHub Actions,GitHub Actions,FALSE,FALSE,FALSE,FALSE,TRUE,FALSE,FALSE,TRUE,FALSE,FALSE,TRUE,FALSE,FALSE,FALSE,FALSE,FALSE,3,1,0
my-special-way-android,TRUE,FALSE,FALSE,,FALSE,,None,Travis CI,,FALSE,FALSE,FALSE,FALSE,FALSE,FALSE,FALSE,FALSE,FALSE,FALSE,FALSE,FALSE,FALSE,FALSE,FALSE,FALSE,FALSE,1,0
my_pos_android,FALSE,FALSE,FALSE,,FALSE,,None,Travis CI,,FALSE,FALSE,FALSE,FALSE,FALSE,FALSE,FALSE,FALSE,FALSE,FALSE,FALSE,FALSE,FALSE,FALSE,FALSE,FALSE,FALSE,1,0
myanimeviewer,TRUE,TRUE,FALSE,,TRUE,Travis CI_emulator_manual,Manual_ThirdParty,Travis CI,Travis CI,FALSE,FALSE,FALSE,FALSE,FALSE,FALSE,FALSE,FALSE,FALSE,FALSE,FALSE,FALSE,FALSE,FALSE,FALSE,FALSE,FALSE,1,0
myapplication,FALSE,FALSE,FALSE,,FALSE,,None,Travis CI,,FALSE,FALSE,FALSE,FALSE,FALSE,FALSE,FALSE,FALSE,FALSE,FALSE,FALSE,FALSE,FALSE,FALSE,FALSE,FALSE,FALSE,1,0
mygithubuser,TRUE,FALSE,FALSE,,FALSE,,None,GitHub Actions,,FALSE,FALSE,FALSE,FALSE,FALSE,FALSE,FALSE,FALSE,FALSE,FALSE,FALSE,FALSE,FALSE,FALSE,FALSE,FALSE,FALSE,1,0
myhackerspace,TRUE,FALSE,FALSE,,FALSE,,None,CircleCI,,FALSE,FALSE,FALSE,FALSE,FALSE,FALSE,FALSE,FALSE,FALSE,FALSE,FALSE,FALSE,FALSE,FALSE,FALSE,FALSE,FALSE,1,0
mylocation,TRUE,FALSE,FALSE,,FALSE,,None,CircleCI,,FALSE,FALSE,FALSE,FALSE,FALSE,FALSE,FALSE,FALSE,FALSE,FALSE,FALSE,FALSE,FALSE,FALSE,FALSE,FALSE,FALSE,1,0
myluaapp,TRUE,FALSE,FALSE,,FALSE,,None,GitHub Actions,,FALSE,FALSE,FALSE,FALSE,FALSE,FALSE,FALSE,FALSE,FALSE,FALSE,FALSE,FALSE,FALSE,FALSE,FALSE,FALSE,FALSE,1,0
myntratinder,TRUE,TRUE,FALSE,,TRUE,Travis CI_emulator_manual,Manual_ThirdParty,Travis CI,Travis CI,FALSE,FALSE,FALSE,FALSE,FALSE,FALSE,FALSE,FALSE,FALSE,FALSE,FALSE,FALSE,FALSE,FALSE,FALSE,FALSE,FALSE,1,0
mypass-app,TRUE,FALSE,FALSE,,FALSE,,None,Unknown,,FALSE,FALSE,FALSE,FALSE,FALSE,FALSE,FALSE,FALSE,FALSE,FALSE,FALSE,FALSE,FALSE,FALSE,FALSE,FALSE,FALSE,1,0
mypesa,TRUE,FALSE,FALSE,,FALSE,,None,GitHub Actions,,FALSE,FALSE,FALSE,FALSE,FALSE,FALSE,FALSE,FALSE,FALSE,FALSE,FALSE,FALSE,FALSE,FALSE,FALSE,FALSE,FALSE,2,0
mypetsage,TRUE,FALSE,FALSE,,FALSE,,None,GitHub Actions,,FALSE,FALSE,FALSE,FALSE,FALSE,FALSE,FALSE,FALSE,FALSE,FALSE,FALSE,FALSE,FALSE,FALSE,FALSE,FALSE,FALSE,1,0
mypodcasts-android,TRUE,FALSE,FALSE,,FALSE,,None,Travis CI,,FALSE,FALSE,FALSE,FALSE,FALSE,FALSE,FALSE,FALSE,FALSE,FALSE,FALSE,FALSE,FALSE,FALSE,FALSE,FALSE,FALSE,1,0
mysterium-vpn-mobile,TRUE,FALSE,FALSE,,FALSE,,None,GitLab CI,,FALSE,FALSE,FALSE,FALSE,FALSE,FALSE,FALSE,FALSE,FALSE,FALSE,FALSE,FALSE,FALSE,FALSE,FALSE,FALSE,FALSE,1,0
myweatherforecast,TRUE,TRUE,TRUE,GitHub_emulator_full,FALSE,,GitHub_Hosted,GitHub Actions,GitHub Actions,FALSE,FALSE,FALSE,FALSE,FALSE,FALSE,FALSE,FALSE,FALSE,FALSE,TRUE,FALSE,FALSE,FALSE,FALSE,FALSE,1,1,0
nabung,TRUE,FALSE,FALSE,,FALSE,,None,Unknown,,FALSE,FALSE,FALSE,FALSE,FALSE,FALSE,FALSE,FALSE,FALSE,FALSE,FALSE,FALSE,FALSE,FALSE,FALSE,FALSE,FALSE,1,0
napkin-collect-android,TRUE,FALSE,FALSE,,FALSE,,None,GitHub Actions,,FALSE,FALSE,FALSE,FALSE,FALSE,FALSE,FALSE,FALSE,FALSE,FALSE,FALSE,FALSE,FALSE,FALSE,FALSE,FALSE,FALSE,1,0
national-geography,FALSE,FALSE,FALSE,,FALSE,,None,Travis CI,,FALSE,FALSE,FALSE,FALSE,FALSE,FALSE,FALSE,FALSE,FALSE,FALSE,FALSE,FALSE,FALSE,FALSE,FALSE,FALSE,FALSE,1,0
native,TRUE,FALSE,FALSE,,FALSE,,None,"CircleCI, GitHub Actions, Travis CI, Unknown",,FALSE,FALSE,FALSE,FALSE,FALSE,FALSE,FALSE,FALSE,FALSE,FALSE,FALSE,FALSE,FALSE,FALSE,FALSE,FALSE,FALSE,4,0
native-app,TRUE,FALSE,FALSE,,FALSE,,None,"GitHub Actions, Travis CI",,FALSE,FALSE,FALSE,FALSE,FALSE,FALSE,FALSE,FALSE,FALSE,FALSE,FALSE,FALSE,FALSE,FALSE,FALSE,FALSE,FALSE,3,0
nativescript-inappbrowser,TRUE,FALSE,FALSE,,FALSE,,None,Travis CI,,FALSE,FALSE,FALSE,FALSE,FALSE,FALSE,FALSE,FALSE,FALSE,FALSE,FALSE,FALSE,FALSE,FALSE,FALSE,FALSE,FALSE,1,0
ncihost,TRUE,FALSE,FALSE,,FALSE,,None,GitHub Actions,,FALSE,FALSE,FALSE,FALSE,FALSE,FALSE,FALSE,FALSE,FALSE,FALSE,FALSE,FALSE,FALSE,FALSE,FALSE,FALSE,FALSE,1,0
ncine,TRUE,FALSE,FALSE,,FALSE,,None,GitHub Actions,,FALSE,FALSE,FALSE,FALSE,FALSE,FALSE,FALSE,FALSE,FALSE,FALSE,FALSE,FALSE,FALSE,FALSE,FALSE,FALSE,FALSE,6,0
ncsms-android,FALSE,FALSE,FALSE,,FALSE,,None,Travis CI,,FALSE,FALSE,FALSE,FALSE,FALSE,FALSE,FALSE,FALSE,FALSE,FALSE,FALSE,FALSE,FALSE,FALSE,FALSE,FALSE,FALSE,1,0
ndx,TRUE,FALSE,FALSE,,FALSE,,None,GitHub Actions,,FALSE,FALSE,FALSE,FALSE,FALSE,FALSE,FALSE,FALSE,FALSE,FALSE,FALSE,FALSE,FALSE,FALSE,FALSE,FALSE,FALSE,1,0
nearby-live,TRUE,FALSE,FALSE,,FALSE,,None,Travis CI,,FALSE,FALSE,FALSE,FALSE,FALSE,FALSE,FALSE,FALSE,FALSE,FALSE,FALSE,FALSE,FALSE,FALSE,FALSE,FALSE,FALSE,1,0
nearbychat,FALSE,FALSE,FALSE,,FALSE,,None,Travis CI,,FALSE,FALSE,FALSE,FALSE,FALSE,FALSE,FALSE,FALSE,FALSE,FALSE,FALSE,FALSE,FALSE,FALSE,FALSE,FALSE,FALSE,1,0
neko,TRUE,FALSE,FALSE,,FALSE,,None,GitHub Actions,,FALSE,FALSE,FALSE,FALSE,FALSE,FALSE,FALSE,FALSE,FALSE,FALSE,FALSE,FALSE,FALSE,FALSE,FALSE,FALSE,FALSE,4,0
nekome,TRUE,FALSE,FALSE,,FALSE,,None,GitHub Actions,,FALSE,FALSE,FALSE,FALSE,FALSE,FALSE,FALSE,FALSE,FALSE,FALSE,FALSE,FALSE,FALSE,FALSE,FALSE,FALSE,FALSE,2,0
nekox,TRUE,FALSE,FALSE,,FALSE,,None,GitHub Actions,,FALSE,FALSE,FALSE,FALSE,FALSE,FALSE,FALSE,FALSE,FALSE,FALSE,FALSE,FALSE,FALSE,FALSE,FALSE,FALSE,FALSE,2,0
neoterm,TRUE,FALSE,FALSE,,FALSE,,None,GitHub Actions,,FALSE,FALSE,FALSE,FALSE,FALSE,FALSE,FALSE,FALSE,FALSE,FALSE,FALSE,FALSE,FALSE,FALSE,FALSE,FALSE,FALSE,1,0
nepaltoday-app-old,TRUE,TRUE,TRUE,GitHub Actions_emulator_manual,FALSE,,None,GitHub Actions,GitHub Actions,FALSE,FALSE,FALSE,FALSE,FALSE,FALSE,FALSE,FALSE,FALSE,FALSE,FALSE,FALSE,FALSE,FALSE,FALSE,FALSE,FALSE,3,0
nes-emulator,TRUE,FALSE,FALSE,,FALSE,,None,GitHub Actions,,FALSE,FALSE,FALSE,FALSE,FALSE,FALSE,FALSE,FALSE,FALSE,FALSE,FALSE,FALSE,FALSE,FALSE,FALSE,FALSE,FALSE,1,0
net,FALSE,FALSE,FALSE,,FALSE,,None,Travis CI,,FALSE,FALSE,FALSE,FALSE,FALSE,FALSE,FALSE,FALSE,FALSE,FALSE,FALSE,FALSE,FALSE,FALSE,FALSE,FALSE,FALSE,1,0
netflix,TRUE,FALSE,FALSE,,FALSE,,None,GitHub Actions,,FALSE,FALSE,FALSE,FALSE,FALSE,FALSE,FALSE,FALSE,FALSE,FALSE,FALSE,FALSE,FALSE,FALSE,FALSE,FALSE,FALSE,1,0
networkmapper,TRUE,TRUE,FALSE,,TRUE,Travis CI_emulator_manual,Manual_ThirdParty,Travis CI,Travis CI,FALSE,FALSE,FALSE,FALSE,FALSE,FALSE,FALSE,FALSE,FALSE,FALSE,FALSE,FALSE,FALSE,FALSE,FALSE,FALSE,FALSE,1,0
neurolab-android,FALSE,FALSE,FALSE,,FALSE,,None,Travis CI,,FALSE,FALSE,FALSE,FALSE,FALSE,FALSE,FALSE,FALSE,FALSE,FALSE,FALSE,FALSE,FALSE,FALSE,FALSE,FALSE,FALSE,1,0
new-ultrasonic-fork-for-mymusicqoe,TRUE,FALSE,FALSE,,FALSE,,None,CircleCI,,FALSE,FALSE,FALSE,FALSE,FALSE,FALSE,FALSE,FALSE,FALSE,FALSE,FALSE,FALSE,FALSE,FALSE,FALSE,FALSE,FALSE,1,0
newpipe,TRUE,TRUE,TRUE,GitHub_emulator_full,FALSE,,"GitHub_Hosted, None",GitHub Actions,GitHub Actions,FALSE,FALSE,TRUE,FALSE,FALSE,FALSE,FALSE,FALSE,FALSE,FALSE,FALSE,FALSE,FALSE,FALSE,TRUE,FALSE,2,3,0
news,TRUE,FALSE,FALSE,,FALSE,,None,GitHub Actions,,FALSE,FALSE,FALSE,FALSE,FALSE,FALSE,FALSE,FALSE,FALSE,FALSE,FALSE,FALSE,FALSE,FALSE,FALSE,FALSE,FALSE,1,0
news-android,TRUE,FALSE,FALSE,,FALSE,,None,GitHub Actions,,FALSE,FALSE,FALSE,FALSE,FALSE,FALSE,FALSE,FALSE,FALSE,FALSE,FALSE,FALSE,FALSE,FALSE,FALSE,FALSE,FALSE,3,0
newsapp,FALSE,FALSE,FALSE,,FALSE,,None,Travis CI,,FALSE,FALSE,FALSE,FALSE,FALSE,FALSE,FALSE,FALSE,FALSE,FALSE,FALSE,FALSE,FALSE,FALSE,FALSE,FALSE,FALSE,1,0
newsapp-retrofit,TRUE,TRUE,TRUE,"GitHub Actions_emulator_manual, GitHub_emulator_full",FALSE,,"GitHub_Hosted, None",GitHub Actions,GitHub Actions,FALSE,FALSE,TRUE,FALSE,TRUE,FALSE,FALSE,FALSE,FALSE,FALSE,TRUE,FALSE,FALSE,FALSE,FALSE,FALSE,3,2,0
nexd-android,TRUE,FALSE,FALSE,,FALSE,,None,GitHub Actions,,FALSE,FALSE,FALSE,FALSE,FALSE,FALSE,FALSE,FALSE,FALSE,FALSE,FALSE,FALSE,FALSE,FALSE,FALSE,FALSE,FALSE,3,0
nextcloud-deck,TRUE,FALSE,FALSE,,FALSE,,None,GitHub Actions,,FALSE,FALSE,FALSE,FALSE,FALSE,FALSE,FALSE,FALSE,FALSE,FALSE,FALSE,FALSE,FALSE,FALSE,FALSE,FALSE,FALSE,2,0
nextcloud-quicknotes-android,TRUE,FALSE,FALSE,,FALSE,,None,GitHub Actions,,FALSE,FALSE,FALSE,FALSE,FALSE,FALSE,FALSE,FALSE,FALSE,FALSE,FALSE,FALSE,FALSE,FALSE,FALSE,FALSE,FALSE,1,0
nextcloud-tables,TRUE,FALSE,FALSE,,FALSE,,None,GitHub Actions,,FALSE,FALSE,FALSE,FALSE,FALSE,FALSE,FALSE,FALSE,FALSE,FALSE,FALSE,FALSE,FALSE,FALSE,FALSE,FALSE,FALSE,2,0
nextcloudpasswords,TRUE,FALSE,FALSE,,FALSE,,None,GitHub Actions,,FALSE,FALSE,FALSE,FALSE,FALSE,FALSE,FALSE,FALSE,FALSE,FALSE,FALSE,FALSE,FALSE,FALSE,FALSE,FALSE,FALSE,1,0
nextcloudservices,TRUE,FALSE,FALSE,,FALSE,,None,GitHub Actions,,FALSE,FALSE,FALSE,FALSE,FALSE,FALSE,FALSE,FALSE,FALSE,FALSE,FALSE,FALSE,FALSE,FALSE,FALSE,FALSE,FALSE,1,0
nextinpact-unofficial,TRUE,FALSE,FALSE,,FALSE,,None,GitHub Actions,,FALSE,FALSE,FALSE,FALSE,FALSE,FALSE,FALSE,FALSE,FALSE,FALSE,FALSE,FALSE,FALSE,FALSE,FALSE,FALSE,FALSE,1,0
nextrot_android,TRUE,FALSE,FALSE,,FALSE,,None,GitHub Actions,,FALSE,FALSE,FALSE,FALSE,FALSE,FALSE,FALSE,FALSE,FALSE,FALSE,FALSE,FALSE,FALSE,FALSE,FALSE,FALSE,FALSE,1,0
nfc-explorer,FALSE,FALSE,FALSE,,FALSE,,None,Travis CI,,FALSE,FALSE,FALSE,FALSE,FALSE,FALSE,FALSE,FALSE,FALSE,FALSE,FALSE,FALSE,FALSE,FALSE,FALSE,FALSE,FALSE,1,0
nfcgate,FALSE,FALSE,FALSE,,FALSE,,None,GitLab CI,,FALSE,FALSE,FALSE,FALSE,FALSE,FALSE,FALSE,FALSE,FALSE,FALSE,FALSE,FALSE,FALSE,FALSE,FALSE,FALSE,FALSE,1,0
nfcreader,TRUE,FALSE,FALSE,,FALSE,,None,GitHub Actions,,FALSE,FALSE,FALSE,FALSE,FALSE,FALSE,FALSE,FALSE,FALSE,FALSE,FALSE,FALSE,FALSE,FALSE,FALSE,FALSE,FALSE,3,0
nfsee,TRUE,FALSE,FALSE,,FALSE,,None,GitHub Actions,,FALSE,FALSE,FALSE,FALSE,FALSE,FALSE,FALSE,FALSE,FALSE,FALSE,FALSE,FALSE,FALSE,FALSE,FALSE,FALSE,FALSE,2,0
nice-animals,TRUE,FALSE,FALSE,,FALSE,,None,GitHub Actions,,FALSE,FALSE,FALSE,FALSE,FALSE,FALSE,FALSE,FALSE,FALSE,FALSE,FALSE,FALSE,FALSE,FALSE,FALSE,FALSE,FALSE,1,0
nicevieoplayer,TRUE,TRUE,FALSE,,TRUE,Travis CI_emulator_manual,Manual_ThirdParty,Travis CI,Travis CI,FALSE,FALSE,FALSE,FALSE,FALSE,FALSE,FALSE,FALSE,FALSE,FALSE,FALSE,FALSE,FALSE,FALSE,FALSE,FALSE,FALSE,1,0
nightlight,FALSE,FALSE,FALSE,,FALSE,,None,Travis CI,,FALSE,FALSE,FALSE,FALSE,FALSE,FALSE,FALSE,FALSE,FALSE,FALSE,FALSE,FALSE,FALSE,FALSE,FALSE,FALSE,FALSE,1,0
ning,FALSE,FALSE,FALSE,,FALSE,,None,GitLab CI,,FALSE,FALSE,FALSE,FALSE,FALSE,FALSE,FALSE,FALSE,FALSE,FALSE,FALSE,FALSE,FALSE,FALSE,FALSE,FALSE,FALSE,1,0
nitmgpt,TRUE,FALSE,FALSE,,FALSE,,None,GitHub Actions,,FALSE,FALSE,FALSE,FALSE,FALSE,FALSE,FALSE,FALSE,FALSE,FALSE,FALSE,FALSE,FALSE,FALSE,FALSE,FALSE,FALSE,2,0
nitroshare-android,FALSE,FALSE,FALSE,,FALSE,,None,Travis CI,,FALSE,FALSE,FALSE,FALSE,FALSE,FALSE,FALSE,FALSE,FALSE,FALSE,FALSE,FALSE,FALSE,FALSE,FALSE,FALSE,FALSE,1,0
nkit-launcher,TRUE,FALSE,FALSE,,FALSE,,None,GitHub Actions,,FALSE,FALSE,FALSE,FALSE,FALSE,FALSE,FALSE,FALSE,FALSE,FALSE,FALSE,FALSE,FALSE,FALSE,FALSE,FALSE,FALSE,2,0
nlweer,TRUE,FALSE,FALSE,,FALSE,,None,GitHub Actions,,FALSE,FALSE,FALSE,FALSE,FALSE,FALSE,FALSE,FALSE,FALSE,FALSE,FALSE,FALSE,FALSE,FALSE,FALSE,FALSE,FALSE,1,0
nmedia,FALSE,FALSE,FALSE,,FALSE,,None,GitHub Actions,,FALSE,FALSE,FALSE,FALSE,FALSE,FALSE,FALSE,FALSE,FALSE,FALSE,FALSE,FALSE,FALSE,FALSE,FALSE,FALSE,FALSE,1,0
noefinderlein,FALSE,FALSE,FALSE,,FALSE,,None,Travis CI,,FALSE,FALSE,FALSE,FALSE,FALSE,FALSE,FALSE,FALSE,FALSE,FALSE,FALSE,FALSE,FALSE,FALSE,FALSE,FALSE,FALSE,1,0
noefinderlein_flutter,TRUE,FALSE,FALSE,,FALSE,,None,GitHub Actions,,FALSE,FALSE,FALSE,FALSE,FALSE,FALSE,FALSE,FALSE,FALSE,FALSE,FALSE,FALSE,FALSE,FALSE,FALSE,FALSE,FALSE,8,0
nofbeventscraper,TRUE,FALSE,FALSE,,FALSE,,None,GitHub Actions,,FALSE,FALSE,FALSE,FALSE,FALSE,FALSE,FALSE,FALSE,FALSE,FALSE,FALSE,FALSE,FALSE,FALSE,FALSE,FALSE,FALSE,2,0
noisecapture,TRUE,FALSE,FALSE,,FALSE,,None,GitHub Actions,,FALSE,FALSE,FALSE,FALSE,FALSE,FALSE,FALSE,FALSE,FALSE,FALSE,FALSE,FALSE,FALSE,FALSE,FALSE,FALSE,FALSE,1,0
noisepercolator,FALSE,TRUE,FALSE,,TRUE,Travis CI_emulator_manual,Manual_ThirdParty,Travis CI,Travis CI,FALSE,FALSE,FALSE,FALSE,FALSE,FALSE,FALSE,FALSE,FALSE,FALSE,FALSE,FALSE,FALSE,FALSE,FALSE,FALSE,FALSE,1,0
nominatimgeocoderbackend,FALSE,FALSE,FALSE,,FALSE,,None,Travis CI,,FALSE,FALSE,FALSE,FALSE,FALSE,FALSE,FALSE,FALSE,FALSE,FALSE,FALSE,FALSE,FALSE,FALSE,FALSE,FALSE,FALSE,1,0
nonocross,TRUE,FALSE,FALSE,,FALSE,,None,GitHub Actions,,FALSE,FALSE,FALSE,FALSE,FALSE,FALSE,FALSE,FALSE,FALSE,FALSE,FALSE,FALSE,FALSE,FALSE,FALSE,FALSE,FALSE,1,0
noodle,TRUE,FALSE,FALSE,,FALSE,,None,Travis CI,,FALSE,FALSE,FALSE,FALSE,FALSE,FALSE,FALSE,FALSE,FALSE,FALSE,FALSE,FALSE,FALSE,FALSE,FALSE,FALSE,FALSE,1,0
norimaki,TRUE,FALSE,FALSE,,FALSE,,None,CircleCI,,FALSE,FALSE,FALSE,FALSE,FALSE,FALSE,FALSE,FALSE,FALSE,FALSE,FALSE,FALSE,FALSE,FALSE,FALSE,FALSE,FALSE,1,0
nospy,FALSE,FALSE,FALSE,,FALSE,,None,Travis CI,,FALSE,FALSE,FALSE,FALSE,FALSE,FALSE,FALSE,FALSE,FALSE,FALSE,FALSE,FALSE,FALSE,FALSE,FALSE,FALSE,FALSE,1,0
nostros,TRUE,FALSE,FALSE,,FALSE,,None,GitHub Actions,,FALSE,FALSE,FALSE,FALSE,FALSE,FALSE,FALSE,FALSE,FALSE,FALSE,FALSE,FALSE,FALSE,FALSE,FALSE,FALSE,FALSE,4,0
note-me,TRUE,FALSE,FALSE,,FALSE,,None,GitHub Actions,,FALSE,FALSE,FALSE,FALSE,FALSE,FALSE,FALSE,FALSE,FALSE,FALSE,FALSE,FALSE,FALSE,FALSE,FALSE,FALSE,FALSE,1,0
notely,TRUE,FALSE,FALSE,,FALSE,,None,GitHub Actions,,FALSE,FALSE,FALSE,FALSE,FALSE,FALSE,FALSE,FALSE,FALSE,FALSE,FALSE,FALSE,FALSE,FALSE,FALSE,FALSE,FALSE,1,0
notepad,TRUE,TRUE,TRUE,"GitHub Actions_emulator_manual, GitHub_emulator_full",FALSE,,"GitHub_Hosted, None",GitHub Actions,GitHub Actions,FALSE,FALSE,FALSE,FALSE,TRUE,FALSE,TRUE,FALSE,TRUE,FALSE,TRUE,FALSE,TRUE,FALSE,TRUE,FALSE,6,4,0
notes,TRUE,TRUE,TRUE,GitHub_emulator_full,FALSE,,"GitHub_Hosted, None",GitHub Actions,GitHub Actions,FALSE,FALSE,FALSE,FALSE,FALSE,FALSE,FALSE,FALSE,FALSE,FALSE,TRUE,FALSE,FALSE,FALSE,FALSE,FALSE,1,5,0
notes-android,TRUE,FALSE,FALSE,,FALSE,,None,GitHub Actions,,FALSE,FALSE,FALSE,FALSE,FALSE,FALSE,FALSE,FALSE,FALSE,FALSE,FALSE,FALSE,FALSE,FALSE,FALSE,FALSE,FALSE,10,0
notesnook,TRUE,FALSE,FALSE,,FALSE,,None,GitHub Actions,,FALSE,FALSE,FALSE,FALSE,FALSE,FALSE,FALSE,FALSE,FALSE,FALSE,FALSE,FALSE,FALSE,FALSE,FALSE,FALSE,FALSE,11,0
notesx,FALSE,FALSE,FALSE,,FALSE,,None,GitHub Actions,,FALSE,FALSE,FALSE,FALSE,FALSE,FALSE,FALSE,FALSE,FALSE,FALSE,FALSE,FALSE,FALSE,FALSE,FALSE,FALSE,FALSE,1,0
nothing,TRUE,FALSE,FALSE,,FALSE,,None,GitHub Actions,,FALSE,FALSE,FALSE,FALSE,FALSE,FALSE,FALSE,FALSE,FALSE,FALSE,FALSE,FALSE,FALSE,FALSE,FALSE,FALSE,FALSE,1,0
noticap,FALSE,FALSE,FALSE,,FALSE,,None,Travis CI,,FALSE,FALSE,FALSE,FALSE,FALSE,FALSE,FALSE,FALSE,FALSE,FALSE,FALSE,FALSE,FALSE,FALSE,FALSE,FALSE,FALSE,1,0
notifer,TRUE,FALSE,FALSE,,FALSE,,None,GitHub Actions,,FALSE,FALSE,FALSE,FALSE,FALSE,FALSE,FALSE,FALSE,FALSE,FALSE,FALSE,FALSE,FALSE,FALSE,FALSE,FALSE,FALSE,1,0
notification-notes,TRUE,FALSE,FALSE,,FALSE,,None,GitHub Actions,,FALSE,FALSE,FALSE,FALSE,FALSE,FALSE,FALSE,FALSE,FALSE,FALSE,FALSE,FALSE,FALSE,FALSE,FALSE,FALSE,FALSE,2,0
notifier,TRUE,FALSE,FALSE,,FALSE,,None,GitHub Actions,,FALSE,FALSE,FALSE,FALSE,FALSE,FALSE,FALSE,FALSE,FALSE,FALSE,FALSE,FALSE,FALSE,FALSE,FALSE,FALSE,FALSE,1,0
notify-abroad,TRUE,FALSE,FALSE,,FALSE,,None,GitHub Actions,,FALSE,FALSE,FALSE,FALSE,FALSE,FALSE,FALSE,FALSE,FALSE,FALSE,FALSE,FALSE,FALSE,FALSE,FALSE,FALSE,FALSE,1,0
notinotes,TRUE,FALSE,FALSE,,FALSE,,None,GitHub Actions,,FALSE,FALSE,FALSE,FALSE,FALSE,FALSE,FALSE,FALSE,FALSE,FALSE,FALSE,FALSE,FALSE,FALSE,FALSE,FALSE,FALSE,1,0
notipush,TRUE,FALSE,FALSE,,FALSE,,None,CircleCI,,FALSE,FALSE,FALSE,FALSE,FALSE,FALSE,FALSE,FALSE,FALSE,FALSE,FALSE,FALSE,FALSE,FALSE,FALSE,FALSE,FALSE,1,0
notre-dame,TRUE,FALSE,FALSE,,FALSE,,None,GitHub Actions,,FALSE,FALSE,FALSE,FALSE,FALSE,FALSE,FALSE,FALSE,FALSE,FALSE,FALSE,FALSE,FALSE,FALSE,FALSE,FALSE,FALSE,3,0
notre-dame-v3,TRUE,TRUE,FALSE,,TRUE,Travis CI_emulator_manual,Manual_ThirdParty,Travis CI,Travis CI,FALSE,FALSE,FALSE,FALSE,FALSE,FALSE,FALSE,FALSE,FALSE,FALSE,FALSE,FALSE,FALSE,FALSE,FALSE,FALSE,FALSE,1,0
notykt,TRUE,FALSE,FALSE,,FALSE,,None,GitHub Actions,,FALSE,FALSE,FALSE,FALSE,FALSE,FALSE,FALSE,FALSE,FALSE,FALSE,FALSE,FALSE,FALSE,FALSE,FALSE,FALSE,FALSE,3,0
now-u-app,TRUE,FALSE,FALSE,,FALSE,,None,GitHub Actions,,FALSE,FALSE,FALSE,FALSE,FALSE,FALSE,FALSE,FALSE,FALSE,FALSE,FALSE,FALSE,FALSE,FALSE,FALSE,FALSE,FALSE,4,0
ns-usbloader-mobile,TRUE,FALSE,FALSE,,FALSE,,None,GitHub Actions,,FALSE,FALSE,FALSE,FALSE,FALSE,FALSE,FALSE,FALSE,FALSE,FALSE,FALSE,FALSE,FALSE,FALSE,FALSE,FALSE,FALSE,1,0
ntravel-app,TRUE,FALSE,FALSE,,FALSE,,None,GitHub Actions,,FALSE,FALSE,FALSE,FALSE,FALSE,FALSE,FALSE,FALSE,FALSE,FALSE,FALSE,FALSE,FALSE,FALSE,FALSE,FALSE,FALSE,2,0
numberprogressbar,FALSE,FALSE,FALSE,,FALSE,,None,Travis CI,,FALSE,FALSE,FALSE,FALSE,FALSE,FALSE,FALSE,FALSE,FALSE,FALSE,FALSE,FALSE,FALSE,FALSE,FALSE,FALSE,FALSE,1,0
numberslidingpicker,FALSE,FALSE,FALSE,,FALSE,,None,Travis CI,,FALSE,FALSE,FALSE,FALSE,FALSE,FALSE,FALSE,FALSE,FALSE,FALSE,FALSE,FALSE,FALSE,FALSE,FALSE,FALSE,FALSE,1,0
nuntius-android,FALSE,FALSE,FALSE,,FALSE,,None,Travis CI,,FALSE,FALSE,FALSE,FALSE,FALSE,FALSE,FALSE,FALSE,FALSE,FALSE,FALSE,FALSE,FALSE,FALSE,FALSE,FALSE,FALSE,1,0
nusic,TRUE,FALSE,FALSE,,FALSE,,None,Travis CI,,FALSE,FALSE,FALSE,FALSE,FALSE,FALSE,FALSE,FALSE,FALSE,FALSE,FALSE,FALSE,FALSE,FALSE,FALSE,FALSE,FALSE,1,0
nutrifit,TRUE,FALSE,FALSE,,FALSE,,None,GitHub Actions,,FALSE,FALSE,FALSE,FALSE,FALSE,FALSE,FALSE,FALSE,FALSE,FALSE,FALSE,FALSE,FALSE,FALSE,FALSE,FALSE,FALSE,3,0
nuwm-frontend,TRUE,FALSE,FALSE,,FALSE,,None,Travis CI,,FALSE,FALSE,FALSE,FALSE,FALSE,FALSE,FALSE,FALSE,FALSE,FALSE,FALSE,FALSE,FALSE,FALSE,FALSE,FALSE,FALSE,1,0
nwipe-android,TRUE,FALSE,FALSE,,FALSE,,None,GitHub Actions,,FALSE,FALSE,FALSE,FALSE,FALSE,FALSE,FALSE,FALSE,FALSE,FALSE,FALSE,FALSE,FALSE,FALSE,FALSE,FALSE,FALSE,1,0
ny-times-popular-articles,TRUE,TRUE,TRUE,"GitHub Actions_emulator_manual, GitHub_emulator_full",FALSE,,"GitHub_Hosted, None",GitHub Actions,GitHub Actions,FALSE,FALSE,FALSE,FALSE,FALSE,FALSE,FALSE,FALSE,FALSE,FALSE,TRUE,FALSE,FALSE,FALSE,FALSE,FALSE,1,3,0
nyaapantsu-android-app,FALSE,FALSE,FALSE,,FALSE,,None,Travis CI,,FALSE,FALSE,FALSE,FALSE,FALSE,FALSE,FALSE,FALSE,FALSE,FALSE,FALSE,FALSE,FALSE,FALSE,FALSE,FALSE,FALSE,1,0
nyandroid,FALSE,FALSE,FALSE,,FALSE,,None,Travis CI,,FALSE,FALSE,FALSE,FALSE,FALSE,FALSE,FALSE,FALSE,FALSE,FALSE,FALSE,FALSE,FALSE,FALSE,FALSE,FALSE,FALSE,1,0
o-fish-android,TRUE,FALSE,FALSE,,FALSE,,None,GitHub Actions,,FALSE,FALSE,FALSE,FALSE,FALSE,FALSE,FALSE,FALSE,FALSE,FALSE,FALSE,FALSE,FALSE,FALSE,FALSE,FALSE,FALSE,1,0
oandbackup,TRUE,FALSE,FALSE,,FALSE,,None,"GitLab CI, Travis CI",,FALSE,FALSE,FALSE,FALSE,FALSE,FALSE,FALSE,FALSE,FALSE,FALSE,FALSE,FALSE,FALSE,FALSE,FALSE,FALSE,FALSE,2,0
obdgraphs,TRUE,TRUE,TRUE,GitHub_emulator_full,FALSE,,GitHub_Hosted,GitHub Actions,GitHub Actions,FALSE,FALSE,FALSE,FALSE,FALSE,FALSE,FALSE,FALSE,FALSE,FALSE,TRUE,FALSE,FALSE,FALSE,FALSE,FALSE,1,1,0
objectbox-performance,TRUE,FALSE,FALSE,,FALSE,,None,GitHub Actions,,FALSE,FALSE,FALSE,FALSE,FALSE,FALSE,FALSE,FALSE,FALSE,FALSE,FALSE,FALSE,FALSE,FALSE,FALSE,FALSE,FALSE,1,0
oblique,FALSE,FALSE,FALSE,,FALSE,,None,Travis CI,,FALSE,FALSE,FALSE,FALSE,FALSE,FALSE,FALSE,FALSE,FALSE,FALSE,FALSE,FALSE,FALSE,FALSE,FALSE,FALSE,FALSE,1,0
obscuracam,FALSE,FALSE,FALSE,,FALSE,,None,Travis CI,,FALSE,FALSE,FALSE,FALSE,FALSE,FALSE,FALSE,FALSE,FALSE,FALSE,FALSE,FALSE,FALSE,FALSE,FALSE,FALSE,FALSE,1,0
obsqr,FALSE,FALSE,FALSE,,FALSE,,None,Travis CI,,FALSE,FALSE,FALSE,FALSE,FALSE,FALSE,FALSE,FALSE,FALSE,FALSE,FALSE,FALSE,FALSE,FALSE,FALSE,FALSE,FALSE,1,0
ocelot,TRUE,FALSE,FALSE,,FALSE,,None,GitHub Actions,,FALSE,FALSE,FALSE,FALSE,FALSE,FALSE,FALSE,FALSE,FALSE,FALSE,FALSE,FALSE,FALSE,FALSE,FALSE,FALSE,FALSE,1,0
ocnus,TRUE,FALSE,FALSE,,FALSE,,None,Travis CI,,FALSE,FALSE,FALSE,FALSE,FALSE,FALSE,FALSE,FALSE,FALSE,FALSE,FALSE,FALSE,FALSE,FALSE,FALSE,FALSE,FALSE,1,0
ocquarium,FALSE,FALSE,FALSE,,FALSE,,None,Travis CI,,FALSE,FALSE,FALSE,FALSE,FALSE,FALSE,FALSE,FALSE,FALSE,FALSE,FALSE,FALSE,FALSE,FALSE,FALSE,FALSE,FALSE,1,0
ocrliteandroidncnn,TRUE,FALSE,FALSE,,FALSE,,None,GitHub Actions,,FALSE,FALSE,FALSE,FALSE,FALSE,FALSE,FALSE,FALSE,FALSE,FALSE,FALSE,FALSE,FALSE,FALSE,FALSE,FALSE,FALSE,1,0
octi,TRUE,FALSE,FALSE,,FALSE,,None,GitHub Actions,,FALSE,FALSE,FALSE,FALSE,FALSE,FALSE,FALSE,FALSE,FALSE,FALSE,FALSE,FALSE,FALSE,FALSE,FALSE,FALSE,FALSE,3,0
octo4a,TRUE,FALSE,FALSE,,FALSE,,None,GitHub Actions,,FALSE,FALSE,FALSE,FALSE,FALSE,FALSE,FALSE,FALSE,FALSE,FALSE,FALSE,FALSE,FALSE,FALSE,FALSE,FALSE,FALSE,1,0
odysee-android,TRUE,FALSE,FALSE,,FALSE,,None,"GitHub Actions, GitLab CI",,FALSE,FALSE,FALSE,FALSE,FALSE,FALSE,FALSE,FALSE,FALSE,FALSE,FALSE,FALSE,FALSE,FALSE,FALSE,FALSE,FALSE,2,0
oeis-android,TRUE,FALSE,FALSE,,FALSE,,None,GitHub Actions,,FALSE,FALSE,FALSE,FALSE,FALSE,FALSE,FALSE,FALSE,FALSE,FALSE,FALSE,FALSE,FALSE,FALSE,FALSE,FALSE,FALSE,3,0
office-assistant-legacy,TRUE,FALSE,FALSE,,FALSE,,None,Travis CI,,FALSE,FALSE,FALSE,FALSE,FALSE,FALSE,FALSE,FALSE,FALSE,FALSE,FALSE,FALSE,FALSE,FALSE,FALSE,FALSE,FALSE,1,0
offlinecookbook,TRUE,FALSE,FALSE,,FALSE,,None,GitHub Actions,,FALSE,FALSE,FALSE,FALSE,FALSE,FALSE,FALSE,FALSE,FALSE,FALSE,FALSE,FALSE,FALSE,FALSE,FALSE,FALSE,FALSE,2,0
oiapp,TRUE,FALSE,FALSE,,FALSE,,None,CircleCI,,FALSE,FALSE,FALSE,FALSE,FALSE,FALSE,FALSE,FALSE,FALSE,FALSE,FALSE,FALSE,FALSE,FALSE,FALSE,FALSE,FALSE,1,0
omni-notes,TRUE,TRUE,TRUE,GitHub_emulator_full,FALSE,,"GitHub_Hosted, None",GitHub Actions,GitHub Actions,FALSE,FALSE,FALSE,FALSE,FALSE,FALSE,FALSE,FALSE,FALSE,FALSE,FALSE,TRUE,FALSE,FALSE,FALSE,FALSE,1,2,0
omrecorder,FALSE,FALSE,FALSE,,FALSE,,None,Travis CI,,FALSE,FALSE,FALSE,FALSE,FALSE,FALSE,FALSE,FALSE,FALSE,FALSE,FALSE,FALSE,FALSE,FALSE,FALSE,FALSE,FALSE,1,0
one_second_diary,TRUE,FALSE,FALSE,,FALSE,,None,GitHub Actions,,FALSE,FALSE,FALSE,FALSE,FALSE,FALSE,FALSE,FALSE,FALSE,FALSE,FALSE,FALSE,FALSE,FALSE,FALSE,FALSE,FALSE,1,0
onebusaway-android,TRUE,TRUE,TRUE,"GitHub Actions_emulator_manual, GitHub_emulator_full",FALSE,,GitHub_Hosted,GitHub Actions,GitHub Actions,FALSE,FALSE,FALSE,FALSE,FALSE,TRUE,FALSE,FALSE,FALSE,FALSE,TRUE,FALSE,FALSE,FALSE,FALSE,FALSE,2,1,0
onedrawable,TRUE,TRUE,FALSE,,TRUE,Travis CI_emulator_manual,Manual_ThirdParty,Travis CI,Travis CI,FALSE,FALSE,FALSE,FALSE,FALSE,FALSE,FALSE,FALSE,FALSE,FALSE,FALSE,FALSE,FALSE,FALSE,FALSE,FALSE,FALSE,1,0
onehotminute-compose,TRUE,TRUE,TRUE,GitHub_emulator_full,FALSE,,GitHub_Hosted,GitHub Actions,GitHub Actions,FALSE,FALSE,FALSE,FALSE,TRUE,FALSE,FALSE,TRUE,FALSE,FALSE,TRUE,FALSE,FALSE,FALSE,FALSE,FALSE,3,1,0
onesentence,TRUE,FALSE,FALSE,,FALSE,,None,GitHub Actions,,FALSE,FALSE,FALSE,FALSE,FALSE,FALSE,FALSE,FALSE,FALSE,FALSE,FALSE,FALSE,FALSE,FALSE,FALSE,FALSE,FALSE,1,0
onliner,TRUE,FALSE,FALSE,,FALSE,,None,Travis CI,,FALSE,FALSE,FALSE,FALSE,FALSE,FALSE,FALSE,FALSE,FALSE,FALSE,FALSE,FALSE,FALSE,FALSE,FALSE,FALSE,FALSE,1,0
onscripteryuri,TRUE,FALSE,FALSE,,FALSE,,None,GitHub Actions,,FALSE,FALSE,FALSE,FALSE,FALSE,FALSE,FALSE,FALSE,FALSE,FALSE,FALSE,FALSE,FALSE,FALSE,FALSE,FALSE,FALSE,5,0
open-fcu,TRUE,FALSE,FALSE,,FALSE,,None,GitHub Actions,,FALSE,FALSE,FALSE,FALSE,FALSE,FALSE,FALSE,FALSE,FALSE,FALSE,FALSE,FALSE,FALSE,FALSE,FALSE,FALSE,FALSE,3,0
open-keychain,TRUE,TRUE,TRUE,GitHub_emulator_compact,FALSE,,"GitHub_Hosted, None",GitHub Actions,GitHub Actions,FALSE,FALSE,FALSE,FALSE,FALSE,FALSE,FALSE,FALSE,FALSE,TRUE,FALSE,FALSE,FALSE,FALSE,FALSE,FALSE,1,3,0
open-source-android-weather-app,FALSE,FALSE,FALSE,,FALSE,,None,Travis CI,,FALSE,FALSE,FALSE,FALSE,FALSE,FALSE,FALSE,FALSE,FALSE,FALSE,FALSE,FALSE,FALSE,FALSE,FALSE,FALSE,FALSE,1,0
open2share,TRUE,FALSE,FALSE,,FALSE,,None,GitHub Actions,,FALSE,FALSE,FALSE,FALSE,FALSE,FALSE,FALSE,FALSE,FALSE,FALSE,FALSE,FALSE,FALSE,FALSE,FALSE,FALSE,FALSE,1,0
open_edisu,TRUE,FALSE,FALSE,,FALSE,,None,GitHub Actions,,FALSE,FALSE,FALSE,FALSE,FALSE,FALSE,FALSE,FALSE,FALSE,FALSE,FALSE,FALSE,FALSE,FALSE,FALSE,FALSE,FALSE,1,0
openair-android,TRUE,FALSE,FALSE,,FALSE,,None,GitHub Actions,,FALSE,FALSE,FALSE,FALSE,FALSE,FALSE,FALSE,FALSE,FALSE,FALSE,FALSE,FALSE,FALSE,FALSE,FALSE,FALSE,FALSE,1,0
openbikesharing,FALSE,FALSE,FALSE,,FALSE,,None,Travis CI,,FALSE,FALSE,FALSE,FALSE,FALSE,FALSE,FALSE,FALSE,FALSE,FALSE,FALSE,FALSE,FALSE,FALSE,FALSE,FALSE,FALSE,1,0
openblocks-app,TRUE,FALSE,FALSE,,FALSE,,None,GitHub Actions,,FALSE,FALSE,FALSE,FALSE,FALSE,FALSE,FALSE,FALSE,FALSE,FALSE,FALSE,FALSE,FALSE,FALSE,FALSE,FALSE,FALSE,1,0
opencamera-sensors,TRUE,FALSE,FALSE,,FALSE,,None,GitHub Actions,,FALSE,FALSE,FALSE,FALSE,FALSE,FALSE,FALSE,FALSE,FALSE,FALSE,FALSE,FALSE,FALSE,FALSE,FALSE,FALSE,FALSE,3,0
openchord,FALSE,FALSE,FALSE,,FALSE,,None,Travis CI,,FALSE,FALSE,FALSE,FALSE,FALSE,FALSE,FALSE,FALSE,FALSE,FALSE,FALSE,FALSE,FALSE,FALSE,FALSE,FALSE,FALSE,1,0
opencomicvine,TRUE,FALSE,FALSE,,FALSE,,None,GitHub Actions,,FALSE,FALSE,FALSE,FALSE,FALSE,FALSE,FALSE,FALSE,FALSE,FALSE,FALSE,FALSE,FALSE,FALSE,FALSE,FALSE,FALSE,1,0
opencookieclicker,TRUE,FALSE,FALSE,,FALSE,,None,GitHub Actions,,FALSE,FALSE,FALSE,FALSE,FALSE,FALSE,FALSE,FALSE,FALSE,FALSE,FALSE,FALSE,FALSE,FALSE,FALSE,FALSE,FALSE,1,0
opencord,TRUE,FALSE,FALSE,,FALSE,,None,GitHub Actions,,FALSE,FALSE,FALSE,FALSE,FALSE,FALSE,FALSE,FALSE,FALSE,FALSE,FALSE,FALSE,FALSE,FALSE,FALSE,FALSE,FALSE,2,0
opendocument,TRUE,TRUE,TRUE,"GitHub Actions_emulator_manual, GitHub_emulator_full",FALSE,,GitHub_Hosted,GitHub Actions,GitHub Actions,FALSE,TRUE,TRUE,FALSE,FALSE,FALSE,FALSE,FALSE,FALSE,FALSE,TRUE,FALSE,FALSE,FALSE,FALSE,FALSE,3,1,0
openfe-android,TRUE,FALSE,FALSE,,FALSE,,None,GitHub Actions,,FALSE,FALSE,FALSE,FALSE,FALSE,FALSE,FALSE,FALSE,FALSE,FALSE,FALSE,FALSE,FALSE,FALSE,FALSE,FALSE,FALSE,1,0
opengapps_downloader,FALSE,FALSE,FALSE,,FALSE,,None,Travis CI,,FALSE,FALSE,FALSE,FALSE,FALSE,FALSE,FALSE,FALSE,FALSE,FALSE,FALSE,FALSE,FALSE,FALSE,FALSE,FALSE,FALSE,1,0
openhab-android,TRUE,FALSE,FALSE,,FALSE,,None,GitHub Actions,,FALSE,FALSE,FALSE,FALSE,FALSE,FALSE,FALSE,FALSE,FALSE,FALSE,FALSE,FALSE,FALSE,FALSE,FALSE,FALSE,FALSE,5,0
openinwa,TRUE,FALSE,FALSE,,FALSE,,None,"GitHub Actions, GitLab CI, Travis CI",,FALSE,FALSE,FALSE,FALSE,FALSE,FALSE,FALSE,FALSE,FALSE,FALSE,FALSE,FALSE,FALSE,FALSE,FALSE,FALSE,FALSE,3,0
openmapkitandroid,TRUE,TRUE,FALSE,,TRUE,Travis CI_emulator_manual,Manual_ThirdParty,Travis CI,Travis CI,FALSE,FALSE,FALSE,FALSE,FALSE,FALSE,FALSE,FALSE,FALSE,FALSE,FALSE,FALSE,FALSE,FALSE,FALSE,FALSE,FALSE,1,0
openmsupply-client,TRUE,FALSE,FALSE,,FALSE,,None,GitHub Actions,,FALSE,FALSE,FALSE,FALSE,FALSE,FALSE,FALSE,FALSE,FALSE,FALSE,FALSE,FALSE,FALSE,FALSE,FALSE,FALSE,FALSE,1,0
opennotescanner,TRUE,FALSE,FALSE,,FALSE,,None,"GitHub Actions, GitLab CI, Travis CI",,FALSE,FALSE,FALSE,FALSE,FALSE,FALSE,FALSE,FALSE,FALSE,FALSE,FALSE,FALSE,FALSE,FALSE,FALSE,FALSE,FALSE,4,0
openreads-android,TRUE,FALSE,FALSE,,FALSE,,None,GitHub Actions,,FALSE,FALSE,FALSE,FALSE,FALSE,FALSE,FALSE,FALSE,FALSE,FALSE,FALSE,FALSE,FALSE,FALSE,FALSE,FALSE,FALSE,1,0
openredmine,FALSE,FALSE,FALSE,,FALSE,,None,Travis CI,,FALSE,FALSE,FALSE,FALSE,FALSE,FALSE,FALSE,FALSE,FALSE,FALSE,FALSE,FALSE,FALSE,FALSE,FALSE,FALSE,FALSE,1,0
openscale,TRUE,FALSE,FALSE,,FALSE,,None,GitHub Actions,,FALSE,FALSE,FALSE,FALSE,FALSE,FALSE,FALSE,FALSE,FALSE,FALSE,FALSE,FALSE,FALSE,FALSE,FALSE,FALSE,FALSE,1,0
opensesame,TRUE,FALSE,FALSE,,FALSE,,None,GitHub Actions,,FALSE,FALSE,FALSE,FALSE,FALSE,FALSE,FALSE,FALSE,FALSE,FALSE,FALSE,FALSE,FALSE,FALSE,FALSE,FALSE,FALSE,1,0
openstop,TRUE,FALSE,FALSE,,FALSE,,None,GitHub Actions,,FALSE,FALSE,FALSE,FALSE,FALSE,FALSE,FALSE,FALSE,FALSE,FALSE,FALSE,FALSE,FALSE,FALSE,FALSE,FALSE,FALSE,4,0
opentasks,TRUE,TRUE,FALSE,,TRUE,Travis CI_emulator_manual,Manual_ThirdParty,Travis CI,Travis CI,FALSE,FALSE,FALSE,FALSE,FALSE,FALSE,FALSE,FALSE,FALSE,FALSE,FALSE,FALSE,FALSE,FALSE,FALSE,FALSE,FALSE,1,0
openticator,TRUE,FALSE,FALSE,,FALSE,,None,Travis CI,,FALSE,FALSE,FALSE,FALSE,FALSE,FALSE,FALSE,FALSE,FALSE,FALSE,FALSE,FALSE,FALSE,FALSE,FALSE,FALSE,FALSE,1,0
opentopomapviewer,TRUE,FALSE,FALSE,,FALSE,,None,Travis CI,,FALSE,FALSE,FALSE,FALSE,FALSE,FALSE,FALSE,FALSE,FALSE,FALSE,FALSE,FALSE,FALSE,FALSE,FALSE,FALSE,FALSE,1,0
opentracks,TRUE,FALSE,FALSE,,FALSE,,None,GitHub Actions,,FALSE,FALSE,FALSE,FALSE,FALSE,FALSE,FALSE,FALSE,FALSE,FALSE,FALSE,FALSE,FALSE,FALSE,FALSE,FALSE,FALSE,2,0
opentraining,TRUE,TRUE,FALSE,,TRUE,Travis CI_emulator_manual,Manual_ThirdParty,Travis CI,Travis CI,FALSE,FALSE,FALSE,FALSE,FALSE,FALSE,FALSE,FALSE,FALSE,FALSE,FALSE,FALSE,FALSE,FALSE,FALSE,FALSE,FALSE,1,0
openworkout,TRUE,FALSE,FALSE,,FALSE,,None,GitHub Actions,,FALSE,FALSE,FALSE,FALSE,FALSE,FALSE,FALSE,FALSE,FALSE,FALSE,FALSE,FALSE,FALSE,FALSE,FALSE,FALSE,FALSE,1,0
opmt,TRUE,FALSE,FALSE,,FALSE,,None,GitHub Actions,,FALSE,FALSE,FALSE,FALSE,FALSE,FALSE,FALSE,FALSE,FALSE,FALSE,FALSE,FALSE,FALSE,FALSE,FALSE,FALSE,FALSE,1,0
organicmaps,TRUE,TRUE,FALSE,,TRUE,Firebase_Full,"None, ThirdParty_Service",GitHub Actions,GitHub Actions,FALSE,FALSE,FALSE,FALSE,FALSE,FALSE,FALSE,FALSE,FALSE,FALSE,FALSE,FALSE,FALSE,FALSE,FALSE,FALSE,FALSE,15,0
orgro,TRUE,FALSE,FALSE,,FALSE,,None,GitHub Actions,,FALSE,FALSE,FALSE,FALSE,FALSE,FALSE,FALSE,FALSE,FALSE,FALSE,FALSE,FALSE,FALSE,FALSE,FALSE,FALSE,FALSE,1,0
orgzly-android,FALSE,FALSE,FALSE,,FALSE,,None,GitHub Actions,,FALSE,FALSE,FALSE,FALSE,FALSE,FALSE,FALSE,FALSE,FALSE,FALSE,FALSE,FALSE,FALSE,FALSE,FALSE,FALSE,FALSE,1,0
oring_reminder,TRUE,FALSE,FALSE,,FALSE,,None,GitHub Actions,,FALSE,FALSE,FALSE,FALSE,FALSE,FALSE,FALSE,FALSE,FALSE,FALSE,FALSE,FALSE,FALSE,FALSE,FALSE,FALSE,FALSE,1,0
orion-viewer,FALSE,FALSE,FALSE,,FALSE,,None,GitHub Actions,,FALSE,FALSE,FALSE,FALSE,FALSE,FALSE,FALSE,FALSE,FALSE,FALSE,FALSE,FALSE,FALSE,FALSE,FALSE,FALSE,FALSE,1,0
osmand,TRUE,FALSE,FALSE,,FALSE,,None,GitHub Actions,,FALSE,FALSE,FALSE,FALSE,FALSE,FALSE,FALSE,FALSE,FALSE,FALSE,FALSE,FALSE,FALSE,FALSE,FALSE,FALSE,FALSE,3,0
osmdashboard,TRUE,FALSE,FALSE,,FALSE,,None,GitHub Actions,,FALSE,FALSE,FALSE,FALSE,FALSE,FALSE,FALSE,FALSE,FALSE,FALSE,FALSE,FALSE,FALSE,FALSE,FALSE,FALSE,FALSE,2,0
osmeditor4android,TRUE,FALSE,FALSE,,FALSE,,None,GitHub Actions,,FALSE,FALSE,FALSE,FALSE,FALSE,FALSE,FALSE,FALSE,FALSE,FALSE,FALSE,FALSE,FALSE,FALSE,FALSE,FALSE,FALSE,2,0
osmin,TRUE,FALSE,FALSE,,FALSE,,None,GitHub Actions,,FALSE,FALSE,FALSE,FALSE,FALSE,FALSE,FALSE,FALSE,FALSE,FALSE,FALSE,FALSE,FALSE,FALSE,FALSE,FALSE,FALSE,3,0
osrm-text-instructions,TRUE,FALSE,FALSE,,FALSE,,None,CircleCI,,FALSE,FALSE,FALSE,FALSE,FALSE,FALSE,FALSE,FALSE,FALSE,FALSE,FALSE,FALSE,FALSE,FALSE,FALSE,FALSE,FALSE,1,0
osu-droid,TRUE,FALSE,FALSE,,FALSE,,None,GitHub Actions,,FALSE,FALSE,FALSE,FALSE,FALSE,FALSE,FALSE,FALSE,FALSE,FALSE,FALSE,FALSE,FALSE,FALSE,FALSE,FALSE,FALSE,2,0
osu-lab,FALSE,FALSE,FALSE,,FALSE,,None,Travis CI,,FALSE,FALSE,FALSE,FALSE,FALSE,FALSE,FALSE,FALSE,FALSE,FALSE,FALSE,FALSE,FALSE,FALSE,FALSE,FALSE,FALSE,1,0
otl-app,TRUE,TRUE,TRUE,GitHub_emulator_full,FALSE,,"GitHub_Hosted, None",GitHub Actions,GitHub Actions,FALSE,FALSE,FALSE,FALSE,FALSE,FALSE,FALSE,FALSE,FALSE,TRUE,FALSE,FALSE,FALSE,FALSE,FALSE,FALSE,1,6,0
otpview,FALSE,FALSE,FALSE,,FALSE,,None,Travis CI,,FALSE,FALSE,FALSE,FALSE,FALSE,FALSE,FALSE,FALSE,FALSE,FALSE,FALSE,FALSE,FALSE,FALSE,FALSE,FALSE,FALSE,1,0
otter,TRUE,FALSE,FALSE,,FALSE,,None,GitHub Actions,,FALSE,FALSE,FALSE,FALSE,FALSE,FALSE,FALSE,FALSE,FALSE,FALSE,FALSE,FALSE,FALSE,FALSE,FALSE,FALSE,FALSE,2,0
ottodiyapp,TRUE,FALSE,FALSE,,FALSE,,None,CircleCI,,FALSE,FALSE,FALSE,FALSE,FALSE,FALSE,FALSE,FALSE,FALSE,FALSE,FALSE,FALSE,FALSE,FALSE,FALSE,FALSE,FALSE,1,0
ouilookup,TRUE,FALSE,FALSE,,FALSE,,None,GitHub Actions,,FALSE,FALSE,FALSE,FALSE,FALSE,FALSE,FALSE,FALSE,FALSE,FALSE,FALSE,FALSE,FALSE,FALSE,FALSE,FALSE,FALSE,2,0
oxygen-updater,TRUE,FALSE,FALSE,,FALSE,,None,GitHub Actions,,FALSE,FALSE,FALSE,FALSE,FALSE,FALSE,FALSE,FALSE,FALSE,FALSE,FALSE,FALSE,FALSE,FALSE,FALSE,FALSE,FALSE,1,0
packagemanager,TRUE,FALSE,FALSE,,FALSE,,None,GitHub Actions,,FALSE,FALSE,FALSE,FALSE,FALSE,FALSE,FALSE,FALSE,FALSE,FALSE,FALSE,FALSE,FALSE,FALSE,FALSE,FALSE,FALSE,1,0
packlist,TRUE,FALSE,FALSE,,FALSE,,None,Travis CI,,FALSE,FALSE,FALSE,FALSE,FALSE,FALSE,FALSE,FALSE,FALSE,FALSE,FALSE,FALSE,FALSE,FALSE,FALSE,FALSE,FALSE,1,0
packman,FALSE,FALSE,FALSE,,FALSE,,None,GitHub Actions,,FALSE,FALSE,FALSE,FALSE,FALSE,FALSE,FALSE,FALSE,FALSE,FALSE,FALSE,FALSE,FALSE,FALSE,FALSE,FALSE,FALSE,2,0
padumper,TRUE,FALSE,FALSE,,FALSE,,None,GitHub Actions,,FALSE,FALSE,FALSE,FALSE,FALSE,FALSE,FALSE,FALSE,FALSE,FALSE,FALSE,FALSE,FALSE,FALSE,FALSE,FALSE,FALSE,1,0
pageindicator,FALSE,FALSE,FALSE,,FALSE,,None,Travis CI,,FALSE,FALSE,FALSE,FALSE,FALSE,FALSE,FALSE,FALSE,FALSE,FALSE,FALSE,FALSE,FALSE,FALSE,FALSE,FALSE,FALSE,1,0
paintroid,TRUE,FALSE,FALSE,,FALSE,,None,GitHub Actions,,FALSE,FALSE,FALSE,FALSE,FALSE,FALSE,FALSE,FALSE,FALSE,FALSE,FALSE,FALSE,FALSE,FALSE,FALSE,FALSE,FALSE,2,0
paisa,FALSE,FALSE,FALSE,,FALSE,,None,GitHub Actions,,FALSE,FALSE,FALSE,FALSE,FALSE,FALSE,FALSE,FALSE,FALSE,FALSE,FALSE,FALSE,FALSE,FALSE,FALSE,FALSE,FALSE,1,0
paladins-edge-client,TRUE,FALSE,FALSE,,FALSE,,None,GitHub Actions,,FALSE,FALSE,FALSE,FALSE,FALSE,FALSE,FALSE,FALSE,FALSE,FALSE,FALSE,FALSE,FALSE,FALSE,FALSE,FALSE,FALSE,3,0
palette-compose,TRUE,TRUE,TRUE,GitHub_emulator_full,FALSE,,"GitHub_Hosted, None",GitHub Actions,GitHub Actions,FALSE,FALSE,FALSE,FALSE,FALSE,FALSE,FALSE,FALSE,FALSE,FALSE,FALSE,FALSE,FALSE,FALSE,FALSE,FALSE,FALSE,2,0
pandemia,TRUE,FALSE,FALSE,,FALSE,,None,GitHub Actions,,FALSE,FALSE,FALSE,FALSE,FALSE,FALSE,FALSE,FALSE,FALSE,FALSE,FALSE,FALSE,FALSE,FALSE,FALSE,FALSE,FALSE,1,0
pandroid,TRUE,FALSE,FALSE,,FALSE,,None,GitHub Actions,,FALSE,FALSE,FALSE,FALSE,FALSE,FALSE,FALSE,FALSE,FALSE,FALSE,FALSE,FALSE,FALSE,FALSE,FALSE,FALSE,FALSE,2,0
pangea,TRUE,FALSE,FALSE,,FALSE,,None,GitHub Actions,,FALSE,FALSE,FALSE,FALSE,FALSE,FALSE,FALSE,FALSE,FALSE,FALSE,FALSE,FALSE,FALSE,FALSE,FALSE,FALSE,FALSE,1,0
paper,TRUE,TRUE,FALSE,,TRUE,Travis CI_emulator_manual,Manual_ThirdParty,Travis CI,Travis CI,FALSE,FALSE,FALSE,FALSE,FALSE,FALSE,FALSE,FALSE,FALSE,FALSE,FALSE,FALSE,FALSE,FALSE,FALSE,FALSE,FALSE,1,0
paperlaunch,TRUE,FALSE,FALSE,,FALSE,,None,GitHub Actions,,FALSE,FALSE,FALSE,FALSE,FALSE,FALSE,FALSE,FALSE,FALSE,FALSE,FALSE,FALSE,FALSE,FALSE,FALSE,FALSE,FALSE,1,0
paperless-mobile,TRUE,FALSE,FALSE,,FALSE,,None,GitHub Actions,,FALSE,FALSE,FALSE,FALSE,FALSE,FALSE,FALSE,FALSE,FALSE,FALSE,FALSE,FALSE,FALSE,FALSE,FALSE,FALSE,FALSE,4,0
paperless_app,TRUE,FALSE,FALSE,,FALSE,,None,GitHub Actions,,FALSE,FALSE,FALSE,FALSE,FALSE,FALSE,FALSE,FALSE,FALSE,FALSE,FALSE,FALSE,FALSE,FALSE,FALSE,FALSE,FALSE,5,0
parabox,TRUE,FALSE,FALSE,,FALSE,,None,GitHub Actions,,FALSE,FALSE,FALSE,FALSE,FALSE,FALSE,FALSE,FALSE,FALSE,FALSE,FALSE,FALSE,FALSE,FALSE,FALSE,FALSE,FALSE,1,0
parallaxscrollingview,FALSE,FALSE,FALSE,,FALSE,,None,Travis CI,,FALSE,FALSE,FALSE,FALSE,FALSE,FALSE,FALSE,FALSE,FALSE,FALSE,FALSE,FALSE,FALSE,FALSE,FALSE,FALSE,FALSE,1,0
parandroid,FALSE,FALSE,FALSE,,FALSE,,None,"Travis CI, Unknown",,FALSE,FALSE,FALSE,FALSE,FALSE,FALSE,FALSE,FALSE,FALSE,FALSE,FALSE,FALSE,FALSE,FALSE,FALSE,FALSE,FALSE,2,0
parceler,FALSE,FALSE,FALSE,,FALSE,,None,Travis CI,,FALSE,FALSE,FALSE,FALSE,FALSE,FALSE,FALSE,FALSE,FALSE,FALSE,FALSE,FALSE,FALSE,FALSE,FALSE,FALSE,FALSE,1,0
paristransporttraffic,TRUE,FALSE,FALSE,,FALSE,,None,GitHub Actions,,FALSE,FALSE,FALSE,FALSE,FALSE,FALSE,FALSE,FALSE,FALSE,FALSE,FALSE,FALSE,FALSE,FALSE,FALSE,FALSE,FALSE,1,0
partyq-android,TRUE,FALSE,FALSE,,FALSE,,None,CircleCI,,FALSE,FALSE,FALSE,FALSE,FALSE,FALSE,FALSE,FALSE,FALSE,FALSE,FALSE,FALSE,FALSE,FALSE,FALSE,FALSE,FALSE,1,0
passport-reader,TRUE,FALSE,FALSE,,FALSE,,None,GitHub Actions,,FALSE,FALSE,FALSE,FALSE,FALSE,FALSE,FALSE,FALSE,FALSE,FALSE,FALSE,FALSE,FALSE,FALSE,FALSE,FALSE,FALSE,2,0
passshout,TRUE,FALSE,FALSE,,FALSE,,None,GitHub Actions,,FALSE,FALSE,FALSE,FALSE,FALSE,FALSE,FALSE,FALSE,FALSE,FALSE,FALSE,FALSE,FALSE,FALSE,FALSE,FALSE,FALSE,1,0
passwd,TRUE,FALSE,FALSE,,FALSE,,None,GitHub Actions,,FALSE,FALSE,FALSE,FALSE,FALSE,FALSE,FALSE,FALSE,FALSE,FALSE,FALSE,FALSE,FALSE,FALSE,FALSE,FALSE,FALSE,1,0
patco-today,TRUE,FALSE,FALSE,,FALSE,,None,GitHub Actions,,FALSE,FALSE,FALSE,FALSE,FALSE,FALSE,FALSE,FALSE,FALSE,FALSE,FALSE,FALSE,FALSE,FALSE,FALSE,FALSE,FALSE,1,0
pdd-flow,TRUE,TRUE,FALSE,,TRUE,Travis CI_emulator_manual,Manual_ThirdParty,Travis CI,Travis CI,FALSE,FALSE,FALSE,FALSE,FALSE,FALSE,FALSE,FALSE,FALSE,FALSE,FALSE,FALSE,FALSE,FALSE,FALSE,FALSE,FALSE,1,0
pdfviewer,TRUE,FALSE,FALSE,,FALSE,,None,"GitHub Actions, Travis CI",,FALSE,FALSE,FALSE,FALSE,FALSE,FALSE,FALSE,FALSE,FALSE,FALSE,FALSE,FALSE,FALSE,FALSE,FALSE,FALSE,FALSE,3,0
pedometer,FALSE,FALSE,FALSE,,FALSE,,None,Travis CI,,FALSE,FALSE,FALSE,FALSE,FALSE,FALSE,FALSE,FALSE,FALSE,FALSE,FALSE,FALSE,FALSE,FALSE,FALSE,FALSE,FALSE,1,0
peekabook-aos,TRUE,FALSE,FALSE,,FALSE,,None,GitHub Actions,,FALSE,FALSE,FALSE,FALSE,FALSE,FALSE,FALSE,FALSE,FALSE,FALSE,FALSE,FALSE,FALSE,FALSE,FALSE,FALSE,FALSE,1,0
peepz,TRUE,FALSE,FALSE,,FALSE,,None,"CircleCI, GitHub Actions",,FALSE,FALSE,FALSE,FALSE,FALSE,FALSE,FALSE,FALSE,FALSE,FALSE,FALSE,FALSE,FALSE,FALSE,FALSE,FALSE,FALSE,2,0
peercoin_flutter,TRUE,TRUE,TRUE,GitHub_emulator_full,FALSE,,"GitHub_Hosted, None",GitHub Actions,GitHub Actions,FALSE,FALSE,FALSE,FALSE,FALSE,FALSE,FALSE,FALSE,FALSE,FALSE,TRUE,TRUE,TRUE,FALSE,FALSE,FALSE,3,2,0
peertube-android,TRUE,FALSE,FALSE,,FALSE,,None,"GitHub Actions, GitLab CI",,FALSE,FALSE,FALSE,FALSE,FALSE,FALSE,FALSE,FALSE,FALSE,FALSE,FALSE,FALSE,FALSE,FALSE,FALSE,FALSE,FALSE,2,0
pendu,TRUE,FALSE,FALSE,,FALSE,,None,GitHub Actions,,FALSE,FALSE,FALSE,FALSE,FALSE,FALSE,FALSE,FALSE,FALSE,FALSE,FALSE,FALSE,FALSE,FALSE,FALSE,FALSE,FALSE,1,0
pengchauferry,TRUE,FALSE,FALSE,,FALSE,,None,GitHub Actions,,FALSE,FALSE,FALSE,FALSE,FALSE,FALSE,FALSE,FALSE,FALSE,FALSE,FALSE,FALSE,FALSE,FALSE,FALSE,FALSE,FALSE,2,0
perfectus,FALSE,FALSE,FALSE,,FALSE,,None,CircleCI,,FALSE,FALSE,FALSE,FALSE,FALSE,FALSE,FALSE,FALSE,FALSE,FALSE,FALSE,FALSE,FALSE,FALSE,FALSE,FALSE,FALSE,1,0
permission-nanny,FALSE,FALSE,FALSE,,FALSE,,None,Travis CI,,FALSE,FALSE,FALSE,FALSE,FALSE,FALSE,FALSE,FALSE,FALSE,FALSE,FALSE,FALSE,FALSE,FALSE,FALSE,FALSE,FALSE,1,0
permission-pilot,TRUE,FALSE,FALSE,,FALSE,,None,GitHub Actions,,FALSE,FALSE,FALSE,FALSE,FALSE,FALSE,FALSE,FALSE,FALSE,FALSE,FALSE,FALSE,FALSE,FALSE,FALSE,FALSE,FALSE,3,0
persian-calendar,TRUE,TRUE,TRUE,GitHub_emulator_full,FALSE,,"GitHub_Hosted, None",GitHub Actions,GitHub Actions,FALSE,FALSE,FALSE,FALSE,FALSE,FALSE,FALSE,FALSE,FALSE,FALSE,TRUE,FALSE,FALSE,FALSE,FALSE,FALSE,1,5,0
perun-eth-mobile,TRUE,FALSE,FALSE,,FALSE,,None,GitHub Actions,,FALSE,FALSE,FALSE,FALSE,FALSE,FALSE,FALSE,FALSE,FALSE,FALSE,FALSE,FALSE,FALSE,FALSE,FALSE,FALSE,FALSE,1,0
peruvian-food-app,TRUE,FALSE,FALSE,,FALSE,,None,GitHub Actions,,FALSE,FALSE,FALSE,FALSE,FALSE,FALSE,FALSE,FALSE,FALSE,FALSE,FALSE,FALSE,FALSE,FALSE,FALSE,FALSE,FALSE,4,0
pet-owner-app,TRUE,FALSE,FALSE,,FALSE,,None,GitHub Actions,,FALSE,FALSE,FALSE,FALSE,FALSE,FALSE,FALSE,FALSE,FALSE,FALSE,FALSE,FALSE,FALSE,FALSE,FALSE,FALSE,FALSE,1,0
petals,TRUE,FALSE,FALSE,,FALSE,,None,GitHub Actions,,FALSE,FALSE,FALSE,FALSE,FALSE,FALSE,FALSE,FALSE,FALSE,FALSE,FALSE,FALSE,FALSE,FALSE,FALSE,FALSE,FALSE,5,0
phone-saver,FALSE,FALSE,FALSE,,FALSE,,None,Travis CI,,FALSE,FALSE,FALSE,FALSE,FALSE,FALSE,FALSE,FALSE,FALSE,FALSE,FALSE,FALSE,FALSE,FALSE,FALSE,FALSE,FALSE,1,0
phonograph_plus,TRUE,FALSE,FALSE,,FALSE,,None,GitHub Actions,,FALSE,FALSE,FALSE,FALSE,FALSE,FALSE,FALSE,FALSE,FALSE,FALSE,FALSE,FALSE,FALSE,FALSE,FALSE,FALSE,FALSE,3,0
photo-sharing-android,TRUE,TRUE,FALSE,,TRUE,Travis CI_emulator_manual,"Manual_ThirdParty, None","GitHub Actions, Travis CI",Travis CI,FALSE,FALSE,FALSE,FALSE,FALSE,FALSE,FALSE,FALSE,FALSE,FALSE,FALSE,FALSE,FALSE,FALSE,FALSE,FALSE,FALSE,2,0
photo_club,TRUE,FALSE,FALSE,,FALSE,,None,GitHub Actions,,FALSE,FALSE,FALSE,FALSE,FALSE,FALSE,FALSE,FALSE,FALSE,FALSE,FALSE,FALSE,FALSE,FALSE,FALSE,FALSE,FALSE,1,0
photochat,TRUE,TRUE,TRUE,GitHub_emulator_full,FALSE,,"GitHub_Hosted, None",GitHub Actions,GitHub Actions,FALSE,FALSE,FALSE,FALSE,FALSE,FALSE,FALSE,FALSE,FALSE,FALSE,FALSE,FALSE,FALSE,FALSE,FALSE,FALSE,FALSE,4,0
photok,TRUE,FALSE,FALSE,,FALSE,,None,GitHub Actions,,FALSE,FALSE,FALSE,FALSE,FALSE,FALSE,FALSE,FALSE,FALSE,FALSE,FALSE,FALSE,FALSE,FALSE,FALSE,FALSE,FALSE,4,0
photon,TRUE,FALSE,FALSE,,FALSE,,None,GitHub Actions,,FALSE,FALSE,FALSE,FALSE,FALSE,FALSE,FALSE,FALSE,FALSE,FALSE,FALSE,FALSE,FALSE,FALSE,FALSE,FALSE,FALSE,2,0
photonet,TRUE,FALSE,FALSE,,FALSE,,None,GitHub Actions,,FALSE,FALSE,FALSE,FALSE,FALSE,FALSE,FALSE,FALSE,FALSE,FALSE,FALSE,FALSE,FALSE,FALSE,FALSE,FALSE,FALSE,2,0
photophase,TRUE,FALSE,FALSE,,FALSE,,None,Travis CI,,FALSE,FALSE,FALSE,FALSE,FALSE,FALSE,FALSE,FALSE,FALSE,FALSE,FALSE,FALSE,FALSE,FALSE,FALSE,FALSE,FALSE,1,0
photos,TRUE,FALSE,FALSE,,FALSE,,None,GitHub Actions,,FALSE,FALSE,FALSE,FALSE,FALSE,FALSE,FALSE,FALSE,FALSE,FALSE,FALSE,FALSE,FALSE,FALSE,FALSE,FALSE,FALSE,1,0
photos-app,TRUE,FALSE,FALSE,,FALSE,,None,GitHub Actions,,FALSE,FALSE,FALSE,FALSE,FALSE,FALSE,FALSE,FALSE,FALSE,FALSE,FALSE,FALSE,FALSE,FALSE,FALSE,FALSE,FALSE,3,0
phphub-android,FALSE,FALSE,FALSE,,FALSE,,None,Travis CI,,FALSE,FALSE,FALSE,FALSE,FALSE,FALSE,FALSE,FALSE,FALSE,FALSE,FALSE,FALSE,FALSE,FALSE,FALSE,FALSE,FALSE,1,0
piano-tiles-clone,TRUE,FALSE,FALSE,,FALSE,,None,GitHub Actions,,FALSE,FALSE,FALSE,FALSE,FALSE,FALSE,FALSE,FALSE,FALSE,FALSE,FALSE,FALSE,FALSE,FALSE,FALSE,FALSE,FALSE,1,0
picardbarcodescanner,TRUE,FALSE,FALSE,,FALSE,,None,GitHub Actions,,FALSE,FALSE,FALSE,FALSE,FALSE,FALSE,FALSE,FALSE,FALSE,FALSE,FALSE,FALSE,FALSE,FALSE,FALSE,FALSE,FALSE,3,0
picasa-gallery-android,TRUE,FALSE,FALSE,,FALSE,,None,"GitHub Actions, Travis CI",,FALSE,FALSE,FALSE,FALSE,FALSE,FALSE,FALSE,FALSE,FALSE,FALSE,FALSE,FALSE,FALSE,FALSE,FALSE,FALSE,FALSE,2,0
picasso,TRUE,FALSE,FALSE,,FALSE,,None,GitHub Actions,,FALSE,FALSE,FALSE,FALSE,FALSE,FALSE,FALSE,FALSE,FALSE,FALSE,FALSE,FALSE,FALSE,FALSE,FALSE,FALSE,FALSE,4,0
picgo,FALSE,FALSE,FALSE,,FALSE,,None,Travis CI,,FALSE,FALSE,FALSE,FALSE,FALSE,FALSE,FALSE,FALSE,FALSE,FALSE,FALSE,FALSE,FALSE,FALSE,FALSE,FALSE,FALSE,1,0
pict2cam,TRUE,FALSE,FALSE,,FALSE,,None,GitHub Actions,,FALSE,FALSE,FALSE,FALSE,FALSE,FALSE,FALSE,FALSE,FALSE,FALSE,FALSE,FALSE,FALSE,FALSE,FALSE,FALSE,FALSE,9,0
pikapika,TRUE,FALSE,FALSE,,FALSE,,None,GitHub Actions,,FALSE,FALSE,FALSE,FALSE,FALSE,FALSE,FALSE,FALSE,FALSE,FALSE,FALSE,FALSE,FALSE,FALSE,FALSE,FALSE,FALSE,1,0
pincredible,TRUE,FALSE,FALSE,,FALSE,,None,GitHub Actions,,FALSE,FALSE,FALSE,FALSE,FALSE,FALSE,FALSE,FALSE,FALSE,FALSE,FALSE,FALSE,FALSE,FALSE,FALSE,FALSE,FALSE,3,0
pindroid,TRUE,TRUE,FALSE,,TRUE,Travis CI_emulator_manual,Manual_ThirdParty,Travis CI,Travis CI,FALSE,FALSE,FALSE,FALSE,FALSE,FALSE,FALSE,FALSE,FALSE,FALSE,FALSE,FALSE,FALSE,FALSE,FALSE,FALSE,FALSE,1,0
pinetime-companion,TRUE,FALSE,FALSE,,FALSE,,None,GitHub Actions,,FALSE,FALSE,FALSE,FALSE,FALSE,FALSE,FALSE,FALSE,FALSE,FALSE,FALSE,FALSE,FALSE,FALSE,FALSE,FALSE,FALSE,1,0
pingo,TRUE,FALSE,FALSE,,FALSE,,None,Travis CI,,FALSE,FALSE,FALSE,FALSE,FALSE,FALSE,FALSE,FALSE,FALSE,FALSE,FALSE,FALSE,FALSE,FALSE,FALSE,FALSE,FALSE,1,0
piping-phone-android,TRUE,FALSE,FALSE,,FALSE,,None,CircleCI,,FALSE,FALSE,FALSE,FALSE,FALSE,FALSE,FALSE,FALSE,FALSE,FALSE,FALSE,FALSE,FALSE,FALSE,FALSE,FALSE,FALSE,1,0
piwigo-android,TRUE,TRUE,FALSE,,TRUE,Travis CI_emulator_manual,Manual_ThirdParty,Travis CI,Travis CI,FALSE,FALSE,FALSE,FALSE,FALSE,FALSE,FALSE,FALSE,FALSE,FALSE,FALSE,FALSE,FALSE,FALSE,FALSE,FALSE,FALSE,1,0
pixelcat,TRUE,FALSE,FALSE,,FALSE,,None,GitHub Actions,,FALSE,FALSE,FALSE,FALSE,FALSE,FALSE,FALSE,FALSE,FALSE,FALSE,FALSE,FALSE,FALSE,FALSE,FALSE,FALSE,FALSE,1,0
pixelgym,TRUE,FALSE,FALSE,,FALSE,,None,GitHub Actions,,FALSE,FALSE,FALSE,FALSE,FALSE,FALSE,FALSE,FALSE,FALSE,FALSE,FALSE,FALSE,FALSE,FALSE,FALSE,FALSE,FALSE,6,0
pixelwheels,TRUE,FALSE,FALSE,,FALSE,,None,GitHub Actions,,FALSE,FALSE,FALSE,FALSE,FALSE,FALSE,FALSE,FALSE,FALSE,FALSE,FALSE,FALSE,FALSE,FALSE,FALSE,FALSE,FALSE,2,0
piximagepicker,TRUE,FALSE,FALSE,,FALSE,,None,GitHub Actions,,FALSE,FALSE,FALSE,FALSE,FALSE,FALSE,FALSE,FALSE,FALSE,FALSE,FALSE,FALSE,FALSE,FALSE,FALSE,FALSE,FALSE,1,0
pjproject,TRUE,FALSE,FALSE,,FALSE,,None,GitHub Actions,,FALSE,FALSE,FALSE,FALSE,FALSE,FALSE,FALSE,FALSE,FALSE,FALSE,FALSE,FALSE,FALSE,FALSE,FALSE,FALSE,FALSE,7,0
planningpoker,TRUE,FALSE,FALSE,,FALSE,,None,"GitLab CI, Travis CI",,FALSE,FALSE,FALSE,FALSE,FALSE,FALSE,FALSE,FALSE,FALSE,FALSE,FALSE,FALSE,FALSE,FALSE,FALSE,FALSE,FALSE,2,0
plantmanager,TRUE,FALSE,FALSE,,FALSE,,None,GitHub Actions,,FALSE,FALSE,FALSE,FALSE,FALSE,FALSE,FALSE,FALSE,FALSE,FALSE,FALSE,FALSE,FALSE,FALSE,FALSE,FALSE,FALSE,5,0
plasma,TRUE,FALSE,FALSE,,FALSE,,None,GitHub Actions,,FALSE,FALSE,FALSE,FALSE,FALSE,FALSE,FALSE,FALSE,FALSE,FALSE,FALSE,FALSE,FALSE,FALSE,FALSE,FALSE,FALSE,2,0
plasma-donor-app,TRUE,FALSE,FALSE,,FALSE,,None,GitHub Actions,,FALSE,FALSE,FALSE,FALSE,FALSE,FALSE,FALSE,FALSE,FALSE,FALSE,FALSE,FALSE,FALSE,FALSE,FALSE,FALSE,FALSE,1,0
playcode,TRUE,FALSE,FALSE,,FALSE,,None,GitHub Actions,,FALSE,FALSE,FALSE,FALSE,FALSE,FALSE,FALSE,FALSE,FALSE,FALSE,FALSE,FALSE,FALSE,FALSE,FALSE,FALSE,FALSE,1,0
player,TRUE,FALSE,FALSE,,FALSE,,None,GitHub Actions,,FALSE,FALSE,FALSE,FALSE,FALSE,FALSE,FALSE,FALSE,FALSE,FALSE,FALSE,FALSE,FALSE,FALSE,FALSE,FALSE,FALSE,3,0
playword,FALSE,FALSE,FALSE,,FALSE,,None,Travis CI,,FALSE,FALSE,FALSE,FALSE,FALSE,FALSE,FALSE,FALSE,FALSE,FALSE,FALSE,FALSE,FALSE,FALSE,FALSE,FALSE,FALSE,1,0
podplayer,TRUE,FALSE,FALSE,,FALSE,,None,"GitHub Actions, Travis CI",,FALSE,FALSE,FALSE,FALSE,FALSE,FALSE,FALSE,FALSE,FALSE,FALSE,FALSE,FALSE,FALSE,FALSE,FALSE,FALSE,FALSE,2,0
poet-assistant,TRUE,FALSE,FALSE,,FALSE,,None,Travis CI,,FALSE,FALSE,FALSE,FALSE,FALSE,FALSE,FALSE,FALSE,FALSE,FALSE,FALSE,FALSE,FALSE,FALSE,FALSE,FALSE,FALSE,1,0
pogoplusle,TRUE,FALSE,FALSE,,FALSE,,None,CircleCI,,FALSE,FALSE,FALSE,FALSE,FALSE,FALSE,FALSE,FALSE,FALSE,FALSE,FALSE,FALSE,FALSE,FALSE,FALSE,FALSE,FALSE,1,0
pokeapi-compose,FALSE,FALSE,FALSE,,FALSE,,None,GitHub Actions,,FALSE,FALSE,FALSE,FALSE,FALSE,FALSE,FALSE,FALSE,FALSE,FALSE,FALSE,FALSE,FALSE,FALSE,FALSE,FALSE,FALSE,1,0
pokebase,TRUE,FALSE,FALSE,,FALSE,,None,"CircleCI, Travis CI",,FALSE,FALSE,FALSE,FALSE,FALSE,FALSE,FALSE,FALSE,FALSE,FALSE,FALSE,FALSE,FALSE,FALSE,FALSE,FALSE,FALSE,2,0
pokedex,TRUE,FALSE,FALSE,,FALSE,,None,GitHub Actions,,FALSE,FALSE,FALSE,FALSE,FALSE,FALSE,FALSE,FALSE,FALSE,FALSE,FALSE,FALSE,FALSE,FALSE,FALSE,FALSE,FALSE,8,0
pokedex-android,TRUE,FALSE,FALSE,,FALSE,,None,GitHub Actions,,FALSE,FALSE,FALSE,FALSE,FALSE,FALSE,FALSE,FALSE,FALSE,FALSE,FALSE,FALSE,FALSE,FALSE,FALSE,FALSE,FALSE,1,0
pokemar,TRUE,FALSE,FALSE,,FALSE,,None,GitHub Actions,,FALSE,FALSE,FALSE,FALSE,FALSE,FALSE,FALSE,FALSE,FALSE,FALSE,FALSE,FALSE,FALSE,FALSE,FALSE,FALSE,FALSE,1,0
pola-android,TRUE,FALSE,FALSE,,FALSE,,None,GitHub Actions,,FALSE,FALSE,FALSE,FALSE,FALSE,FALSE,FALSE,FALSE,FALSE,FALSE,FALSE,FALSE,FALSE,FALSE,FALSE,FALSE,FALSE,2,0
polaris-android,TRUE,FALSE,FALSE,,FALSE,,None,GitHub Actions,,FALSE,FALSE,FALSE,FALSE,FALSE,FALSE,FALSE,FALSE,FALSE,FALSE,FALSE,FALSE,FALSE,FALSE,FALSE,FALSE,FALSE,3,0
pomodoro,TRUE,FALSE,FALSE,,FALSE,,None,GitHub Actions,,FALSE,FALSE,FALSE,FALSE,FALSE,FALSE,FALSE,FALSE,FALSE,FALSE,FALSE,FALSE,FALSE,FALSE,FALSE,FALSE,FALSE,1,0
pomodoro-timer,TRUE,FALSE,FALSE,,FALSE,,None,GitHub Actions,,FALSE,FALSE,FALSE,FALSE,FALSE,FALSE,FALSE,FALSE,FALSE,FALSE,FALSE,FALSE,FALSE,FALSE,FALSE,FALSE,FALSE,2,0
popcorn2,TRUE,FALSE,FALSE,,FALSE,,None,CircleCI,,FALSE,FALSE,FALSE,FALSE,FALSE,FALSE,FALSE,FALSE,FALSE,FALSE,FALSE,FALSE,FALSE,FALSE,FALSE,FALSE,FALSE,1,0
popular-movies,FALSE,FALSE,FALSE,,FALSE,,None,Travis CI,,FALSE,FALSE,FALSE,FALSE,FALSE,FALSE,FALSE,FALSE,FALSE,FALSE,FALSE,FALSE,FALSE,FALSE,FALSE,FALSE,FALSE,1,0
popular-movies-android-nanodegree,TRUE,FALSE,FALSE,,FALSE,,None,GitHub Actions,,FALSE,FALSE,FALSE,FALSE,FALSE,FALSE,FALSE,FALSE,FALSE,FALSE,FALSE,FALSE,FALSE,FALSE,FALSE,FALSE,FALSE,1,0
popular-movies-app,TRUE,TRUE,FALSE,,TRUE,"CircleCI_emulator_manual, Travis CI_emulator_manual",Manual_ThirdParty,"CircleCI, Travis CI","CircleCI, Travis CI",FALSE,FALSE,FALSE,FALSE,FALSE,FALSE,FALSE,FALSE,FALSE,FALSE,FALSE,FALSE,FALSE,FALSE,FALSE,FALSE,FALSE,2,0
popularmovies,FALSE,FALSE,FALSE,,FALSE,,None,Travis CI,,FALSE,FALSE,FALSE,FALSE,FALSE,FALSE,FALSE,FALSE,FALSE,FALSE,FALSE,FALSE,FALSE,FALSE,FALSE,FALSE,FALSE,1,0
portfolio,TRUE,FALSE,FALSE,,FALSE,,None,GitHub Actions,,FALSE,FALSE,FALSE,FALSE,FALSE,FALSE,FALSE,FALSE,FALSE,FALSE,FALSE,FALSE,FALSE,FALSE,FALSE,FALSE,FALSE,1,0
postcode,TRUE,FALSE,FALSE,,FALSE,,None,CircleCI,,FALSE,FALSE,FALSE,FALSE,FALSE,FALSE,FALSE,FALSE,FALSE,FALSE,FALSE,FALSE,FALSE,FALSE,FALSE,FALSE,FALSE,1,0
powerbutton,TRUE,FALSE,FALSE,,FALSE,,None,"GitLab CI, Travis CI",,FALSE,FALSE,FALSE,FALSE,FALSE,FALSE,FALSE,FALSE,FALSE,FALSE,FALSE,FALSE,FALSE,FALSE,FALSE,FALSE,FALSE,2,0
ppsspp,TRUE,FALSE,FALSE,,FALSE,,None,"GitHub Actions, GitLab CI, Unknown",,FALSE,FALSE,FALSE,FALSE,FALSE,FALSE,FALSE,FALSE,FALSE,FALSE,FALSE,FALSE,FALSE,FALSE,FALSE,FALSE,FALSE,6,0
pr0gramm-flutter,TRUE,FALSE,FALSE,,FALSE,,None,Unknown,,FALSE,FALSE,FALSE,FALSE,FALSE,FALSE,FALSE,FALSE,FALSE,FALSE,FALSE,FALSE,FALSE,FALSE,FALSE,FALSE,FALSE,1,0
preferencesextension,FALSE,FALSE,FALSE,,FALSE,,None,CircleCI,,FALSE,FALSE,FALSE,FALSE,FALSE,FALSE,FALSE,FALSE,FALSE,FALSE,FALSE,FALSE,FALSE,FALSE,FALSE,FALSE,FALSE,1,0
premiumer,FALSE,FALSE,FALSE,,FALSE,,None,Travis CI,,FALSE,FALSE,FALSE,FALSE,FALSE,FALSE,FALSE,FALSE,FALSE,FALSE,FALSE,FALSE,FALSE,FALSE,FALSE,FALSE,FALSE,1,0
prepaidbalance,TRUE,FALSE,FALSE,,FALSE,,None,GitHub Actions,,FALSE,FALSE,FALSE,FALSE,FALSE,FALSE,FALSE,FALSE,FALSE,FALSE,FALSE,FALSE,FALSE,FALSE,FALSE,FALSE,FALSE,3,0
presencepublisher,TRUE,FALSE,FALSE,,FALSE,,None,GitHub Actions,,FALSE,FALSE,FALSE,FALSE,FALSE,FALSE,FALSE,FALSE,FALSE,FALSE,FALSE,FALSE,FALSE,FALSE,FALSE,FALSE,FALSE,1,0
presently,TRUE,FALSE,FALSE,,FALSE,,None,CircleCI,,FALSE,FALSE,FALSE,FALSE,FALSE,FALSE,FALSE,FALSE,FALSE,FALSE,FALSE,FALSE,FALSE,FALSE,FALSE,FALSE,FALSE,1,0
pretendyourexyzzyandroid,TRUE,FALSE,FALSE,,FALSE,,None,GitHub Actions,,FALSE,FALSE,FALSE,FALSE,FALSE,FALSE,FALSE,FALSE,FALSE,FALSE,FALSE,FALSE,FALSE,FALSE,FALSE,FALSE,FALSE,1,0
pretixdroid,FALSE,FALSE,FALSE,,FALSE,,None,"GitLab CI, Travis CI",,FALSE,FALSE,FALSE,FALSE,FALSE,FALSE,FALSE,FALSE,FALSE,FALSE,FALSE,FALSE,FALSE,FALSE,FALSE,FALSE,FALSE,2,0
pretixprint-android,TRUE,FALSE,FALSE,,FALSE,,None,"GitHub Actions, GitLab CI",,FALSE,FALSE,FALSE,FALSE,FALSE,FALSE,FALSE,FALSE,FALSE,FALSE,FALSE,FALSE,FALSE,FALSE,FALSE,FALSE,FALSE,2,0
pretixscan-android,TRUE,FALSE,FALSE,,FALSE,,None,"GitHub Actions, GitLab CI",,FALSE,FALSE,FALSE,FALSE,FALSE,FALSE,FALSE,FALSE,FALSE,FALSE,FALSE,FALSE,FALSE,FALSE,FALSE,FALSE,FALSE,2,0
price-per-unit,TRUE,FALSE,FALSE,,FALSE,,None,GitHub Actions,,FALSE,FALSE,FALSE,FALSE,FALSE,FALSE,FALSE,FALSE,FALSE,FALSE,FALSE,FALSE,FALSE,FALSE,FALSE,FALSE,FALSE,1,0
price_comparison_app,TRUE,FALSE,FALSE,,FALSE,,None,CircleCI,,FALSE,FALSE,FALSE,FALSE,FALSE,FALSE,FALSE,FALSE,FALSE,FALSE,FALSE,FALSE,FALSE,FALSE,FALSE,FALSE,FALSE,1,0
prim-ftpd,TRUE,FALSE,FALSE,,FALSE,,None,"GitHub Actions, Travis CI",,FALSE,FALSE,FALSE,FALSE,FALSE,FALSE,FALSE,FALSE,FALSE,FALSE,FALSE,FALSE,FALSE,FALSE,FALSE,FALSE,FALSE,2,0
print,TRUE,FALSE,FALSE,,FALSE,,None,GitHub Actions,,FALSE,FALSE,FALSE,FALSE,FALSE,FALSE,FALSE,FALSE,FALSE,FALSE,FALSE,FALSE,FALSE,FALSE,FALSE,FALSE,FALSE,2,0
prismatikremote,TRUE,FALSE,FALSE,,FALSE,,None,GitHub Actions,,FALSE,FALSE,FALSE,FALSE,FALSE,FALSE,FALSE,FALSE,FALSE,FALSE,FALSE,FALSE,FALSE,FALSE,FALSE,FALSE,FALSE,1,0
privacy-friendly-2048,TRUE,FALSE,FALSE,,FALSE,,None,GitHub Actions,,FALSE,FALSE,FALSE,FALSE,FALSE,FALSE,FALSE,FALSE,FALSE,FALSE,FALSE,FALSE,FALSE,FALSE,FALSE,FALSE,FALSE,1,0
privacy-friendly-backup,TRUE,FALSE,FALSE,,FALSE,,None,GitHub Actions,,FALSE,FALSE,FALSE,FALSE,FALSE,FALSE,FALSE,FALSE,FALSE,FALSE,FALSE,FALSE,FALSE,FALSE,FALSE,FALSE,FALSE,2,0
privacy-friendly-boardgame-clock,TRUE,FALSE,FALSE,,FALSE,,None,GitHub Actions,,FALSE,FALSE,FALSE,FALSE,FALSE,FALSE,FALSE,FALSE,FALSE,FALSE,FALSE,FALSE,FALSE,FALSE,FALSE,FALSE,FALSE,1,0
privacy-friendly-dame,TRUE,FALSE,FALSE,,FALSE,,None,GitHub Actions,,FALSE,FALSE,FALSE,FALSE,FALSE,FALSE,FALSE,FALSE,FALSE,FALSE,FALSE,FALSE,FALSE,FALSE,FALSE,FALSE,FALSE,1,0
privacy-friendly-dice-game,TRUE,FALSE,FALSE,,FALSE,,None,GitHub Actions,,FALSE,FALSE,FALSE,FALSE,FALSE,FALSE,FALSE,FALSE,FALSE,FALSE,FALSE,FALSE,FALSE,FALSE,FALSE,FALSE,FALSE,1,0
privacy-friendly-dicer,TRUE,FALSE,FALSE,,FALSE,,None,"GitHub Actions, Travis CI",,FALSE,FALSE,FALSE,FALSE,FALSE,FALSE,FALSE,FALSE,FALSE,FALSE,FALSE,FALSE,FALSE,FALSE,FALSE,FALSE,FALSE,2,0
privacy-friendly-finance-manager,TRUE,FALSE,FALSE,,FALSE,,None,GitHub Actions,,FALSE,FALSE,FALSE,FALSE,FALSE,FALSE,FALSE,FALSE,FALSE,FALSE,FALSE,FALSE,FALSE,FALSE,FALSE,FALSE,FALSE,1,0
privacy-friendly-food-tracker,TRUE,FALSE,FALSE,,FALSE,,None,GitHub Actions,,FALSE,FALSE,FALSE,FALSE,FALSE,FALSE,FALSE,FALSE,FALSE,FALSE,FALSE,FALSE,FALSE,FALSE,FALSE,FALSE,FALSE,1,0
privacy-friendly-interval-timer,TRUE,FALSE,FALSE,,FALSE,,None,GitHub Actions,,FALSE,FALSE,FALSE,FALSE,FALSE,FALSE,FALSE,FALSE,FALSE,FALSE,FALSE,FALSE,FALSE,FALSE,FALSE,FALSE,FALSE,1,0
privacy-friendly-ludo,TRUE,FALSE,FALSE,,FALSE,,None,GitHub Actions,,FALSE,FALSE,FALSE,FALSE,FALSE,FALSE,FALSE,FALSE,FALSE,FALSE,FALSE,FALSE,FALSE,FALSE,FALSE,FALSE,FALSE,1,0
privacy-friendly-memo-game,TRUE,FALSE,FALSE,,FALSE,,None,GitHub Actions,,FALSE,FALSE,FALSE,FALSE,FALSE,FALSE,FALSE,FALSE,FALSE,FALSE,FALSE,FALSE,FALSE,FALSE,FALSE,FALSE,FALSE,1,0
privacy-friendly-minesweeper,TRUE,FALSE,FALSE,,FALSE,,None,GitHub Actions,,FALSE,FALSE,FALSE,FALSE,FALSE,FALSE,FALSE,FALSE,FALSE,FALSE,FALSE,FALSE,FALSE,FALSE,FALSE,FALSE,FALSE,1,0
privacy-friendly-notes,TRUE,FALSE,FALSE,,FALSE,,None,GitHub Actions,,FALSE,FALSE,FALSE,FALSE,FALSE,FALSE,FALSE,FALSE,FALSE,FALSE,FALSE,FALSE,FALSE,FALSE,FALSE,FALSE,FALSE,2,0
privacy-friendly-pain-diary,TRUE,FALSE,FALSE,,FALSE,,None,GitHub Actions,,FALSE,FALSE,FALSE,FALSE,FALSE,FALSE,FALSE,FALSE,FALSE,FALSE,FALSE,FALSE,FALSE,FALSE,FALSE,FALSE,FALSE,1,0
privacy-friendly-passwordgenerator,TRUE,FALSE,FALSE,,FALSE,,None,GitHub Actions,,FALSE,FALSE,FALSE,FALSE,FALSE,FALSE,FALSE,FALSE,FALSE,FALSE,FALSE,FALSE,FALSE,FALSE,FALSE,FALSE,FALSE,2,0
privacy-friendly-pausing-healthily,TRUE,FALSE,FALSE,,FALSE,,None,GitHub Actions,,FALSE,FALSE,FALSE,FALSE,FALSE,FALSE,FALSE,FALSE,FALSE,FALSE,FALSE,FALSE,FALSE,FALSE,FALSE,FALSE,FALSE,1,0
privacy-friendly-pedometer,TRUE,FALSE,FALSE,,FALSE,,None,GitHub Actions,,FALSE,FALSE,FALSE,FALSE,FALSE,FALSE,FALSE,FALSE,FALSE,FALSE,FALSE,FALSE,FALSE,FALSE,FALSE,FALSE,FALSE,2,0
privacy-friendly-pin-mnemonic,TRUE,FALSE,FALSE,,FALSE,,None,GitHub Actions,,FALSE,FALSE,FALSE,FALSE,FALSE,FALSE,FALSE,FALSE,FALSE,FALSE,FALSE,FALSE,FALSE,FALSE,FALSE,FALSE,FALSE,1,0
privacy-friendly-qr-scanner,TRUE,FALSE,FALSE,,FALSE,,None,GitHub Actions,,FALSE,FALSE,FALSE,FALSE,FALSE,FALSE,FALSE,FALSE,FALSE,FALSE,FALSE,FALSE,FALSE,FALSE,FALSE,FALSE,FALSE,1,0
privacy-friendly-reckoning-skills,TRUE,FALSE,FALSE,,FALSE,,None,GitHub Actions,,FALSE,FALSE,FALSE,FALSE,FALSE,FALSE,FALSE,FALSE,FALSE,FALSE,FALSE,FALSE,FALSE,FALSE,FALSE,FALSE,FALSE,1,0
privacy-friendly-ruler,TRUE,FALSE,FALSE,,FALSE,,None,GitHub Actions,,FALSE,FALSE,FALSE,FALSE,FALSE,FALSE,FALSE,FALSE,FALSE,FALSE,FALSE,FALSE,FALSE,FALSE,FALSE,FALSE,FALSE,1,0
privacy-friendly-shopping-list,TRUE,FALSE,FALSE,,FALSE,,None,GitHub Actions,,FALSE,FALSE,FALSE,FALSE,FALSE,FALSE,FALSE,FALSE,FALSE,FALSE,FALSE,FALSE,FALSE,FALSE,FALSE,FALSE,FALSE,1,0
privacy-friendly-sketching,TRUE,FALSE,FALSE,,FALSE,,None,GitHub Actions,,FALSE,FALSE,FALSE,FALSE,FALSE,FALSE,FALSE,FALSE,FALSE,FALSE,FALSE,FALSE,FALSE,FALSE,FALSE,FALSE,FALSE,1,0
privacy-friendly-solitaire,TRUE,FALSE,FALSE,,FALSE,,None,GitHub Actions,,FALSE,FALSE,FALSE,FALSE,FALSE,FALSE,FALSE,FALSE,FALSE,FALSE,FALSE,FALSE,FALSE,FALSE,FALSE,FALSE,FALSE,1,0
privacy-friendly-sudoku,TRUE,FALSE,FALSE,,FALSE,,None,GitHub Actions,,FALSE,FALSE,FALSE,FALSE,FALSE,FALSE,FALSE,FALSE,FALSE,FALSE,FALSE,FALSE,FALSE,FALSE,FALSE,FALSE,FALSE,2,0
privacy-friendly-tape-measure,TRUE,FALSE,FALSE,,FALSE,,None,GitHub Actions,,FALSE,FALSE,FALSE,FALSE,FALSE,FALSE,FALSE,FALSE,FALSE,FALSE,FALSE,FALSE,FALSE,FALSE,FALSE,FALSE,FALSE,1,0
privacy-friendly-todo-list,TRUE,FALSE,FALSE,,FALSE,,None,GitHub Actions,,FALSE,FALSE,FALSE,FALSE,FALSE,FALSE,FALSE,FALSE,FALSE,FALSE,FALSE,FALSE,FALSE,FALSE,FALSE,FALSE,FALSE,2,0
privacy-friendly-torchlight,TRUE,FALSE,FALSE,,FALSE,,None,GitHub Actions,,FALSE,FALSE,FALSE,FALSE,FALSE,FALSE,FALSE,FALSE,FALSE,FALSE,FALSE,FALSE,FALSE,FALSE,FALSE,FALSE,FALSE,1,0
probe-android,TRUE,TRUE,TRUE,GitHub_emulator_full,FALSE,,"GitHub_Hosted, None",GitHub Actions,GitHub Actions,FALSE,FALSE,FALSE,FALSE,FALSE,FALSE,FALSE,FALSE,FALSE,FALSE,TRUE,FALSE,FALSE,FALSE,FALSE,FALSE,1,4,0
proexpense,FALSE,FALSE,FALSE,,FALSE,,None,CircleCI,,FALSE,FALSE,FALSE,FALSE,FALSE,FALSE,FALSE,FALSE,FALSE,FALSE,FALSE,FALSE,FALSE,FALSE,FALSE,FALSE,FALSE,1,0
prognoza,TRUE,FALSE,FALSE,,FALSE,,None,GitHub Actions,,FALSE,FALSE,FALSE,FALSE,FALSE,FALSE,FALSE,FALSE,FALSE,FALSE,FALSE,FALSE,FALSE,FALSE,FALSE,FALSE,FALSE,1,0
progressableimageview,FALSE,FALSE,FALSE,,FALSE,,None,Travis CI,,FALSE,FALSE,FALSE,FALSE,FALSE,FALSE,FALSE,FALSE,FALSE,FALSE,FALSE,FALSE,FALSE,FALSE,FALSE,FALSE,FALSE,1,0
progressnote,TRUE,FALSE,FALSE,,FALSE,,None,GitHub Actions,,FALSE,FALSE,FALSE,FALSE,FALSE,FALSE,FALSE,FALSE,FALSE,FALSE,FALSE,FALSE,FALSE,FALSE,FALSE,FALSE,FALSE,2,0
project-avocado,TRUE,FALSE,FALSE,,FALSE,,None,GitHub Actions,,FALSE,FALSE,FALSE,FALSE,FALSE,FALSE,FALSE,FALSE,FALSE,FALSE,FALSE,FALSE,FALSE,FALSE,FALSE,FALSE,FALSE,3,0
project-raasan,TRUE,FALSE,FALSE,,FALSE,,None,GitHub Actions,,FALSE,FALSE,FALSE,FALSE,FALSE,FALSE,FALSE,FALSE,FALSE,FALSE,FALSE,FALSE,FALSE,FALSE,FALSE,FALSE,FALSE,1,0
projectblue,TRUE,FALSE,FALSE,,FALSE,,None,GitHub Actions,,FALSE,FALSE,FALSE,FALSE,FALSE,FALSE,FALSE,FALSE,FALSE,FALSE,FALSE,FALSE,FALSE,FALSE,FALSE,FALSE,FALSE,1,0
projectconf,TRUE,TRUE,TRUE,GitHub_emulator_compact,FALSE,,GitHub_Hosted,GitHub Actions,GitHub Actions,FALSE,FALSE,TRUE,FALSE,FALSE,FALSE,FALSE,FALSE,FALSE,FALSE,TRUE,FALSE,FALSE,FALSE,FALSE,FALSE,2,1,0
protect-baby-monitor,TRUE,FALSE,FALSE,,FALSE,,None,Travis CI,,FALSE,FALSE,FALSE,FALSE,FALSE,FALSE,FALSE,FALSE,FALSE,FALSE,FALSE,FALSE,FALSE,FALSE,FALSE,FALSE,FALSE,1,0
proxerandroid,TRUE,FALSE,FALSE,,FALSE,,None,GitHub Actions,,FALSE,FALSE,FALSE,FALSE,FALSE,FALSE,FALSE,FALSE,FALSE,FALSE,FALSE,FALSE,FALSE,FALSE,FALSE,FALSE,FALSE,1,0
proxertv,TRUE,FALSE,FALSE,,FALSE,,None,CircleCI,,FALSE,FALSE,FALSE,FALSE,FALSE,FALSE,FALSE,FALSE,FALSE,FALSE,FALSE,FALSE,FALSE,FALSE,FALSE,FALSE,FALSE,1,0
proximityservice,TRUE,TRUE,FALSE,,TRUE,Firebase_Full,"None, ThirdParty_Service","CircleCI, GitHub Actions",CircleCI,FALSE,FALSE,FALSE,FALSE,FALSE,FALSE,FALSE,FALSE,FALSE,FALSE,FALSE,FALSE,FALSE,FALSE,FALSE,FALSE,FALSE,2,0
pslab-android,TRUE,FALSE,FALSE,,FALSE,,None,GitHub Actions,,FALSE,FALSE,FALSE,FALSE,FALSE,FALSE,FALSE,FALSE,FALSE,FALSE,FALSE,FALSE,FALSE,FALSE,FALSE,FALSE,FALSE,2,0
psm-mobile-app,TRUE,FALSE,FALSE,,FALSE,,None,GitHub Actions,,FALSE,FALSE,FALSE,FALSE,FALSE,FALSE,FALSE,FALSE,FALSE,FALSE,FALSE,FALSE,FALSE,FALSE,FALSE,FALSE,FALSE,2,0
psp_emulator,TRUE,FALSE,FALSE,,FALSE,,None,"GitLab CI, Unknown",,FALSE,FALSE,FALSE,FALSE,FALSE,FALSE,FALSE,FALSE,FALSE,FALSE,FALSE,FALSE,FALSE,FALSE,FALSE,FALSE,FALSE,2,0
ptsd-aid,TRUE,TRUE,FALSE,,TRUE,Firebase_Full,ThirdParty_Service,CircleCI,CircleCI,FALSE,FALSE,FALSE,FALSE,FALSE,FALSE,FALSE,FALSE,FALSE,FALSE,FALSE,FALSE,FALSE,FALSE,FALSE,FALSE,FALSE,1,0
puppy-adoption-app,TRUE,TRUE,TRUE,GitHub_emulator_full,FALSE,,GitHub_Hosted,GitHub Actions,GitHub Actions,FALSE,FALSE,FALSE,FALSE,TRUE,FALSE,FALSE,TRUE,FALSE,FALSE,TRUE,FALSE,FALSE,FALSE,FALSE,FALSE,3,1,0
purduelaundry-android,FALSE,FALSE,FALSE,,FALSE,,None,Travis CI,,FALSE,FALSE,FALSE,FALSE,FALSE,FALSE,FALSE,FALSE,FALSE,FALSE,FALSE,FALSE,FALSE,FALSE,FALSE,FALSE,FALSE,1,0
pure,TRUE,FALSE,FALSE,,FALSE,,None,GitHub Actions,,FALSE,FALSE,FALSE,FALSE,FALSE,FALSE,FALSE,FALSE,FALSE,FALSE,FALSE,FALSE,FALSE,FALSE,FALSE,FALSE,FALSE,1,0
pusher,TRUE,FALSE,FALSE,,FALSE,,None,CircleCI,,FALSE,FALSE,FALSE,FALSE,FALSE,FALSE,FALSE,FALSE,FALSE,FALSE,FALSE,FALSE,FALSE,FALSE,FALSE,FALSE,FALSE,1,0
pushie,TRUE,FALSE,FALSE,,FALSE,,None,GitHub Actions,,FALSE,FALSE,FALSE,FALSE,FALSE,FALSE,FALSE,FALSE,FALSE,FALSE,FALSE,FALSE,FALSE,FALSE,FALSE,FALSE,FALSE,2,0
pwswatcher,TRUE,FALSE,FALSE,,FALSE,,None,GitHub Actions,,FALSE,FALSE,FALSE,FALSE,FALSE,FALSE,FALSE,FALSE,FALSE,FALSE,FALSE,FALSE,FALSE,FALSE,FALSE,FALSE,FALSE,1,0
pyrrha-mobile-app,TRUE,FALSE,FALSE,,FALSE,,None,GitHub Actions,,FALSE,FALSE,FALSE,FALSE,FALSE,FALSE,FALSE,FALSE,FALSE,FALSE,FALSE,FALSE,FALSE,FALSE,FALSE,FALSE,FALSE,3,0
qaq-android,TRUE,FALSE,FALSE,,FALSE,,None,GitHub Actions,,FALSE,FALSE,FALSE,FALSE,FALSE,FALSE,FALSE,FALSE,FALSE,FALSE,FALSE,FALSE,FALSE,FALSE,FALSE,FALSE,FALSE,2,0
qbitcontroller,TRUE,FALSE,FALSE,,FALSE,,None,GitHub Actions,,FALSE,FALSE,FALSE,FALSE,FALSE,FALSE,FALSE,FALSE,FALSE,FALSE,FALSE,FALSE,FALSE,FALSE,FALSE,FALSE,FALSE,1,0
qbittorrent-manager,TRUE,FALSE,FALSE,,FALSE,,None,GitHub Actions,,FALSE,FALSE,FALSE,FALSE,FALSE,FALSE,FALSE,FALSE,FALSE,FALSE,FALSE,FALSE,FALSE,FALSE,FALSE,FALSE,FALSE,2,0
qiyutkandroid,TRUE,FALSE,FALSE,,FALSE,,None,GitHub Actions,,FALSE,FALSE,FALSE,FALSE,FALSE,FALSE,FALSE,FALSE,FALSE,FALSE,FALSE,FALSE,FALSE,FALSE,FALSE,FALSE,FALSE,3,0
qmbform,FALSE,FALSE,FALSE,,FALSE,,None,Travis CI,,FALSE,FALSE,FALSE,FALSE,FALSE,FALSE,FALSE,FALSE,FALSE,FALSE,FALSE,FALSE,FALSE,FALSE,FALSE,FALSE,FALSE,1,0
qpassword,FALSE,FALSE,FALSE,,FALSE,,None,Travis CI,,FALSE,FALSE,FALSE,FALSE,FALSE,FALSE,FALSE,FALSE,FALSE,FALSE,FALSE,FALSE,FALSE,FALSE,FALSE,FALSE,FALSE,1,0
qq-exp-android,FALSE,FALSE,FALSE,,FALSE,,None,GitHub Actions,,FALSE,FALSE,FALSE,FALSE,FALSE,FALSE,FALSE,FALSE,FALSE,FALSE,FALSE,FALSE,FALSE,FALSE,FALSE,FALSE,FALSE,1,0
qr-generator,TRUE,FALSE,FALSE,,FALSE,,None,GitHub Actions,,FALSE,FALSE,FALSE,FALSE,FALSE,FALSE,FALSE,FALSE,FALSE,FALSE,FALSE,FALSE,FALSE,FALSE,FALSE,FALSE,FALSE,1,0
qscan,TRUE,FALSE,FALSE,,FALSE,,None,GitHub Actions,,FALSE,FALSE,FALSE,FALSE,FALSE,FALSE,FALSE,FALSE,FALSE,FALSE,FALSE,FALSE,FALSE,FALSE,FALSE,FALSE,FALSE,1,0
quack-quack-android,TRUE,TRUE,TRUE,GitHub_GMD,FALSE,,"GitHub_Hosted, None",GitHub Actions,GitHub Actions,FALSE,FALSE,FALSE,FALSE,FALSE,FALSE,FALSE,FALSE,FALSE,FALSE,FALSE,FALSE,FALSE,FALSE,FALSE,FALSE,FALSE,3,0
quake,TRUE,FALSE,FALSE,,FALSE,,None,"CircleCI, Travis CI",,FALSE,FALSE,FALSE,FALSE,FALSE,FALSE,FALSE,FALSE,FALSE,FALSE,FALSE,FALSE,FALSE,FALSE,FALSE,FALSE,FALSE,2,0
quasseldroid-ng,TRUE,FALSE,FALSE,,FALSE,,None,GitLab CI,,FALSE,FALSE,FALSE,FALSE,FALSE,FALSE,FALSE,FALSE,FALSE,FALSE,FALSE,FALSE,FALSE,FALSE,FALSE,FALSE,FALSE,1,0
quick-calculation,TRUE,FALSE,FALSE,,FALSE,,None,GitHub Actions,,FALSE,FALSE,FALSE,FALSE,FALSE,FALSE,FALSE,FALSE,FALSE,FALSE,FALSE,FALSE,FALSE,FALSE,FALSE,FALSE,FALSE,1,0
quoteiko,TRUE,FALSE,FALSE,,FALSE,,None,GitHub Actions,,FALSE,FALSE,FALSE,FALSE,FALSE,FALSE,FALSE,FALSE,FALSE,FALSE,FALSE,FALSE,FALSE,FALSE,FALSE,FALSE,FALSE,1,0
quotes,TRUE,TRUE,FALSE,,TRUE,Travis CI_emulator_manual,"Manual_ThirdParty, None","GitHub Actions, Travis CI",Travis CI,FALSE,FALSE,FALSE,FALSE,FALSE,FALSE,FALSE,FALSE,FALSE,FALSE,FALSE,FALSE,FALSE,FALSE,FALSE,FALSE,FALSE,3,0
quotesapp,TRUE,FALSE,FALSE,,FALSE,,None,GitHub Actions,,FALSE,FALSE,FALSE,FALSE,FALSE,FALSE,FALSE,FALSE,FALSE,FALSE,FALSE,FALSE,FALSE,FALSE,FALSE,FALSE,FALSE,1,0
quotey,TRUE,FALSE,FALSE,,FALSE,,None,GitHub Actions,,FALSE,FALSE,FALSE,FALSE,FALSE,FALSE,FALSE,FALSE,FALSE,FALSE,FALSE,FALSE,FALSE,FALSE,FALSE,FALSE,FALSE,1,0
quria,TRUE,FALSE,FALSE,,FALSE,,None,GitHub Actions,,FALSE,FALSE,FALSE,FALSE,FALSE,FALSE,FALSE,FALSE,FALSE,FALSE,FALSE,FALSE,FALSE,FALSE,FALSE,FALSE,FALSE,4,0
raag,TRUE,FALSE,FALSE,,FALSE,,None,GitHub Actions,,FALSE,FALSE,FALSE,FALSE,FALSE,FALSE,FALSE,FALSE,FALSE,FALSE,FALSE,FALSE,FALSE,FALSE,FALSE,FALSE,FALSE,1,0
rabbitmq-management-android,TRUE,FALSE,FALSE,,FALSE,,None,Travis CI,,FALSE,FALSE,FALSE,FALSE,FALSE,FALSE,FALSE,FALSE,FALSE,FALSE,FALSE,FALSE,FALSE,FALSE,FALSE,FALSE,FALSE,1,0
rabbitremotecontrol,TRUE,FALSE,FALSE,,FALSE,,None,"GitHub Actions, GitLab CI, Unknown",,FALSE,FALSE,FALSE,FALSE,FALSE,FALSE,FALSE,FALSE,FALSE,FALSE,FALSE,FALSE,FALSE,FALSE,FALSE,FALSE,FALSE,10,0
rachma-android,TRUE,TRUE,FALSE,,TRUE,Travis CI_emulator_manual,Manual_ThirdParty,Travis CI,Travis CI,FALSE,FALSE,FALSE,FALSE,FALSE,FALSE,FALSE,FALSE,FALSE,FALSE,FALSE,FALSE,FALSE,FALSE,FALSE,FALSE,FALSE,1,0
racoandroid,TRUE,FALSE,FALSE,,FALSE,,None,GitHub Actions,,FALSE,FALSE,FALSE,FALSE,FALSE,FALSE,FALSE,FALSE,FALSE,FALSE,FALSE,FALSE,FALSE,FALSE,FALSE,FALSE,FALSE,1,0
radar-covid-android,TRUE,FALSE,FALSE,,FALSE,,None,GitHub Actions,,FALSE,FALSE,FALSE,FALSE,FALSE,FALSE,FALSE,FALSE,FALSE,FALSE,FALSE,FALSE,FALSE,FALSE,FALSE,FALSE,FALSE,1,0
radiocontrol,TRUE,FALSE,FALSE,,FALSE,,None,"GitHub Actions, Travis CI",,FALSE,FALSE,FALSE,FALSE,FALSE,FALSE,FALSE,FALSE,FALSE,FALSE,FALSE,FALSE,FALSE,FALSE,FALSE,FALSE,FALSE,3,0
radiodroid,TRUE,TRUE,TRUE,GitHub_emulator_compact,TRUE,CircleCI_emulator_manual,"GitHub_Hosted, Manual_ThirdParty, None","CircleCI, GitHub Actions","CircleCI, GitHub Actions",TRUE,FALSE,TRUE,FALSE,FALSE,FALSE,FALSE,FALSE,TRUE,FALSE,TRUE,FALSE,FALSE,FALSE,FALSE,FALSE,4,4,0
radiotok,TRUE,FALSE,FALSE,,FALSE,,None,GitHub Actions,,FALSE,FALSE,FALSE,FALSE,FALSE,FALSE,FALSE,FALSE,FALSE,FALSE,FALSE,FALSE,FALSE,FALSE,FALSE,FALSE,FALSE,1,0
rally,TRUE,FALSE,FALSE,,FALSE,,None,GitHub Actions,,FALSE,FALSE,FALSE,FALSE,FALSE,FALSE,FALSE,FALSE,FALSE,FALSE,FALSE,FALSE,FALSE,FALSE,FALSE,FALSE,FALSE,1,0
random_facts_generator,TRUE,FALSE,FALSE,,FALSE,,None,GitHub Actions,,FALSE,FALSE,FALSE,FALSE,FALSE,FALSE,FALSE,FALSE,FALSE,FALSE,FALSE,FALSE,FALSE,FALSE,FALSE,FALSE,FALSE,1,0
randomizer,TRUE,FALSE,FALSE,,FALSE,,None,GitHub Actions,,FALSE,FALSE,FALSE,FALSE,FALSE,FALSE,FALSE,FALSE,FALSE,FALSE,FALSE,FALSE,FALSE,FALSE,FALSE,FALSE,FALSE,1,0
randomwordgenerator,FALSE,FALSE,FALSE,,FALSE,,None,Travis CI,,FALSE,FALSE,FALSE,FALSE,FALSE,FALSE,FALSE,FALSE,FALSE,FALSE,FALSE,FALSE,FALSE,FALSE,FALSE,FALSE,FALSE,1,0
rapidocrandroidonnxcompose,TRUE,FALSE,FALSE,,FALSE,,None,GitHub Actions,,FALSE,FALSE,FALSE,FALSE,FALSE,FALSE,FALSE,FALSE,FALSE,FALSE,FALSE,FALSE,FALSE,FALSE,FALSE,FALSE,FALSE,1,0
rapidooo,TRUE,FALSE,FALSE,,FALSE,,None,Travis CI,,FALSE,FALSE,FALSE,FALSE,FALSE,FALSE,FALSE,FALSE,FALSE,FALSE,FALSE,FALSE,FALSE,FALSE,FALSE,FALSE,FALSE,1,0
ratatosk,TRUE,FALSE,FALSE,,FALSE,,None,CircleCI,,FALSE,FALSE,FALSE,FALSE,FALSE,FALSE,FALSE,FALSE,FALSE,FALSE,FALSE,FALSE,FALSE,FALSE,FALSE,FALSE,FALSE,1,0
ratingdialok,TRUE,TRUE,FALSE,,TRUE,Travis CI_emulator_manual,Manual_ThirdParty,Travis CI,Travis CI,FALSE,FALSE,FALSE,FALSE,FALSE,FALSE,FALSE,FALSE,FALSE,FALSE,FALSE,FALSE,FALSE,FALSE,FALSE,FALSE,FALSE,1,0
raven-messenger,TRUE,FALSE,FALSE,,FALSE,,None,Travis CI,,FALSE,FALSE,FALSE,FALSE,FALSE,FALSE,FALSE,FALSE,FALSE,FALSE,FALSE,FALSE,FALSE,FALSE,FALSE,FALSE,FALSE,1,0
react-native-starter-kit,TRUE,FALSE,FALSE,,FALSE,,None,GitHub Actions,,FALSE,FALSE,FALSE,FALSE,FALSE,FALSE,FALSE,FALSE,FALSE,FALSE,FALSE,FALSE,FALSE,FALSE,FALSE,FALSE,FALSE,1,0
reader,TRUE,FALSE,FALSE,,FALSE,,None,Travis CI,,FALSE,FALSE,FALSE,FALSE,FALSE,FALSE,FALSE,FALSE,FALSE,FALSE,FALSE,FALSE,FALSE,FALSE,FALSE,FALSE,FALSE,1,0
readhub-android,TRUE,FALSE,FALSE,,FALSE,,None,GitHub Actions,,FALSE,FALSE,FALSE,FALSE,FALSE,FALSE,FALSE,FALSE,FALSE,FALSE,FALSE,FALSE,FALSE,FALSE,FALSE,FALSE,FALSE,1,0
readhub-rn,TRUE,FALSE,FALSE,,FALSE,,None,GitHub Actions,,FALSE,FALSE,FALSE,FALSE,FALSE,FALSE,FALSE,FALSE,FALSE,FALSE,FALSE,FALSE,FALSE,FALSE,FALSE,FALSE,FALSE,3,0
readlax,TRUE,FALSE,FALSE,,FALSE,,None,GitHub Actions,,FALSE,FALSE,FALSE,FALSE,FALSE,FALSE,FALSE,FALSE,FALSE,FALSE,FALSE,FALSE,FALSE,FALSE,FALSE,FALSE,FALSE,1,0
readmoretextview,FALSE,FALSE,FALSE,,FALSE,,None,Travis CI,,FALSE,FALSE,FALSE,FALSE,FALSE,FALSE,FALSE,FALSE,FALSE,FALSE,FALSE,FALSE,FALSE,FALSE,FALSE,FALSE,FALSE,1,0
readyou,TRUE,FALSE,FALSE,,FALSE,,None,GitHub Actions,,FALSE,FALSE,FALSE,FALSE,FALSE,FALSE,FALSE,FALSE,FALSE,FALSE,FALSE,FALSE,FALSE,FALSE,FALSE,FALSE,FALSE,2,0
realtime-android,FALSE,FALSE,FALSE,,FALSE,,None,Travis CI,,FALSE,FALSE,FALSE,FALSE,FALSE,FALSE,FALSE,FALSE,FALSE,FALSE,FALSE,FALSE,FALSE,FALSE,FALSE,FALSE,FALSE,1,0
rebble-sideloader,TRUE,FALSE,FALSE,,FALSE,,None,GitHub Actions,,FALSE,FALSE,FALSE,FALSE,FALSE,FALSE,FALSE,FALSE,FALSE,FALSE,FALSE,FALSE,FALSE,FALSE,FALSE,FALSE,FALSE,1,0
rebootmenu,TRUE,FALSE,FALSE,,FALSE,,None,GitHub Actions,,FALSE,FALSE,FALSE,FALSE,FALSE,FALSE,FALSE,FALSE,FALSE,FALSE,FALSE,FALSE,FALSE,FALSE,FALSE,FALSE,FALSE,1,0
reclaim,TRUE,FALSE,FALSE,,FALSE,,None,Travis CI,,FALSE,FALSE,FALSE,FALSE,FALSE,FALSE,FALSE,FALSE,FALSE,FALSE,FALSE,FALSE,FALSE,FALSE,FALSE,FALSE,FALSE,1,0
recyclerkit,TRUE,FALSE,FALSE,,FALSE,,None,GitHub Actions,,FALSE,FALSE,FALSE,FALSE,FALSE,FALSE,FALSE,FALSE,FALSE,FALSE,FALSE,FALSE,FALSE,FALSE,FALSE,FALSE,FALSE,5,0
recyclerviewlisteners,TRUE,FALSE,FALSE,,FALSE,,None,"CircleCI, GitHub Actions",,FALSE,FALSE,FALSE,FALSE,FALSE,FALSE,FALSE,FALSE,FALSE,FALSE,FALSE,FALSE,FALSE,FALSE,FALSE,FALSE,FALSE,2,0
red-calorie,FALSE,FALSE,FALSE,,FALSE,,None,Travis CI,,FALSE,FALSE,FALSE,FALSE,FALSE,FALSE,FALSE,FALSE,FALSE,FALSE,FALSE,FALSE,FALSE,FALSE,FALSE,FALSE,FALSE,1,0
reddit-android-appstore,TRUE,FALSE,FALSE,,FALSE,,None,Travis CI,,FALSE,FALSE,FALSE,FALSE,FALSE,FALSE,FALSE,FALSE,FALSE,FALSE,FALSE,FALSE,FALSE,FALSE,FALSE,FALSE,FALSE,1,0
reddit-viewer,TRUE,FALSE,FALSE,,FALSE,,None,GitHub Actions,,FALSE,FALSE,FALSE,FALSE,FALSE,FALSE,FALSE,FALSE,FALSE,FALSE,FALSE,FALSE,FALSE,FALSE,FALSE,FALSE,FALSE,1,0
redgram-for-reddit,TRUE,TRUE,FALSE,,TRUE,Travis CI_emulator_manual,Manual_ThirdParty,Travis CI,Travis CI,FALSE,FALSE,FALSE,FALSE,FALSE,FALSE,FALSE,FALSE,FALSE,FALSE,FALSE,FALSE,FALSE,FALSE,FALSE,FALSE,FALSE,1,0
redreader,TRUE,FALSE,FALSE,,FALSE,,None,GitHub Actions,,FALSE,FALSE,FALSE,FALSE,FALSE,FALSE,FALSE,FALSE,FALSE,FALSE,FALSE,FALSE,FALSE,FALSE,FALSE,FALSE,FALSE,1,0
referandumproject,TRUE,TRUE,FALSE,,TRUE,Travis CI_emulator_manual,Manual_ThirdParty,Travis CI,Travis CI,FALSE,FALSE,FALSE,FALSE,FALSE,FALSE,FALSE,FALSE,FALSE,FALSE,FALSE,FALSE,FALSE,FALSE,FALSE,FALSE,FALSE,1,0
reference-browser,FALSE,FALSE,FALSE,,FALSE,,None,GitHub Actions,,FALSE,FALSE,FALSE,FALSE,FALSE,FALSE,FALSE,FALSE,FALSE,FALSE,FALSE,FALSE,FALSE,FALSE,FALSE,FALSE,FALSE,1,0
regalandroid,FALSE,FALSE,FALSE,,FALSE,,None,Travis CI,,FALSE,FALSE,FALSE,FALSE,FALSE,FALSE,FALSE,FALSE,FALSE,FALSE,FALSE,FALSE,FALSE,FALSE,FALSE,FALSE,FALSE,1,0
regobs4,TRUE,FALSE,FALSE,,FALSE,,None,"GitHub Actions, Unknown",,FALSE,FALSE,FALSE,FALSE,FALSE,FALSE,FALSE,FALSE,FALSE,FALSE,FALSE,FALSE,FALSE,FALSE,FALSE,FALSE,FALSE,2,0
relaxfinger,FALSE,FALSE,FALSE,,FALSE,,None,Travis CI,,FALSE,FALSE,FALSE,FALSE,FALSE,FALSE,FALSE,FALSE,FALSE,FALSE,FALSE,FALSE,FALSE,FALSE,FALSE,FALSE,FALSE,1,0
relay,TRUE,FALSE,FALSE,,FALSE,,None,"CircleCI, Travis CI",,FALSE,FALSE,FALSE,FALSE,FALSE,FALSE,FALSE,FALSE,FALSE,FALSE,FALSE,FALSE,FALSE,FALSE,FALSE,FALSE,FALSE,2,0
relayapp,TRUE,FALSE,FALSE,,FALSE,,None,Unknown,,FALSE,FALSE,FALSE,FALSE,FALSE,FALSE,FALSE,FALSE,FALSE,FALSE,FALSE,FALSE,FALSE,FALSE,FALSE,FALSE,FALSE,1,0
relaynet-gateway-android,TRUE,TRUE,FALSE,,TRUE,Firebase_Compact,"None, ThirdParty_Service",GitHub Actions,GitHub Actions,FALSE,FALSE,FALSE,FALSE,FALSE,FALSE,FALSE,FALSE,FALSE,FALSE,FALSE,FALSE,FALSE,FALSE,FALSE,FALSE,FALSE,2,0
release-probe,TRUE,TRUE,TRUE,GitHub_emulator_full,FALSE,,"GitHub_Hosted, None","CircleCI, GitHub Actions",GitHub Actions,FALSE,FALSE,FALSE,FALSE,FALSE,FALSE,FALSE,FALSE,FALSE,TRUE,FALSE,FALSE,FALSE,FALSE,FALSE,FALSE,1,2,0
reminderpro,TRUE,FALSE,FALSE,,FALSE,,None,CircleCI,,FALSE,FALSE,FALSE,FALSE,FALSE,FALSE,FALSE,FALSE,FALSE,FALSE,FALSE,FALSE,FALSE,FALSE,FALSE,FALSE,FALSE,1,0
remote_pair_pomodoro,TRUE,FALSE,FALSE,,FALSE,,None,GitHub Actions,,FALSE,FALSE,FALSE,FALSE,FALSE,FALSE,FALSE,FALSE,FALSE,FALSE,FALSE,FALSE,FALSE,FALSE,FALSE,FALSE,FALSE,1,0
remotedroid,FALSE,FALSE,FALSE,,FALSE,,None,Travis CI,,FALSE,FALSE,FALSE,FALSE,FALSE,FALSE,FALSE,FALSE,FALSE,FALSE,FALSE,FALSE,FALSE,FALSE,FALSE,FALSE,FALSE,1,0
rental-calc,TRUE,FALSE,FALSE,,FALSE,,None,Travis CI,,FALSE,FALSE,FALSE,FALSE,FALSE,FALSE,FALSE,FALSE,FALSE,FALSE,FALSE,FALSE,FALSE,FALSE,FALSE,FALSE,FALSE,1,0
repadclient,TRUE,FALSE,FALSE,,FALSE,,None,"CircleCI, GitHub Actions",,FALSE,FALSE,FALSE,FALSE,FALSE,FALSE,FALSE,FALSE,FALSE,FALSE,FALSE,FALSE,FALSE,FALSE,FALSE,FALSE,FALSE,2,0
repeatcard,TRUE,FALSE,FALSE,,FALSE,,None,GitHub Actions,,FALSE,FALSE,FALSE,FALSE,FALSE,FALSE,FALSE,FALSE,FALSE,FALSE,FALSE,FALSE,FALSE,FALSE,FALSE,FALSE,FALSE,1,0
reptar,FALSE,FALSE,FALSE,,FALSE,,None,Travis CI,,FALSE,FALSE,FALSE,FALSE,FALSE,FALSE,FALSE,FALSE,FALSE,FALSE,FALSE,FALSE,FALSE,FALSE,FALSE,FALSE,FALSE,1,0
resync,TRUE,FALSE,FALSE,,FALSE,,None,GitHub Actions,,FALSE,FALSE,FALSE,FALSE,FALSE,FALSE,FALSE,FALSE,FALSE,FALSE,FALSE,FALSE,FALSE,FALSE,FALSE,FALSE,FALSE,1,0
rethink-app,TRUE,FALSE,FALSE,,FALSE,,None,GitHub Actions,,FALSE,FALSE,FALSE,FALSE,FALSE,FALSE,FALSE,FALSE,FALSE,FALSE,FALSE,FALSE,FALSE,FALSE,FALSE,FALSE,FALSE,3,0
retroboy,FALSE,FALSE,FALSE,,FALSE,,None,Travis CI,,FALSE,FALSE,FALSE,FALSE,FALSE,FALSE,FALSE,FALSE,FALSE,FALSE,FALSE,FALSE,FALSE,FALSE,FALSE,FALSE,FALSE,1,0
retrofit-lite,TRUE,TRUE,FALSE,,TRUE,Travis CI_emulator_manual,"Manual_ThirdParty, None","GitHub Actions, Travis CI",Travis CI,FALSE,FALSE,FALSE,FALSE,FALSE,FALSE,FALSE,FALSE,FALSE,FALSE,FALSE,FALSE,FALSE,FALSE,FALSE,FALSE,FALSE,2,0
retrograde-android,FALSE,FALSE,FALSE,,FALSE,,None,Travis CI,,FALSE,FALSE,FALSE,FALSE,FALSE,FALSE,FALSE,FALSE,FALSE,FALSE,FALSE,FALSE,FALSE,FALSE,FALSE,FALSE,FALSE,1,0
retromusicplayer,TRUE,FALSE,FALSE,,FALSE,,None,GitHub Actions,,FALSE,FALSE,FALSE,FALSE,FALSE,FALSE,FALSE,FALSE,FALSE,FALSE,FALSE,FALSE,FALSE,FALSE,FALSE,FALSE,FALSE,1,0
retroshare,TRUE,FALSE,FALSE,,FALSE,,None,"GitLab CI, Travis CI, Unknown",,FALSE,FALSE,FALSE,FALSE,FALSE,FALSE,FALSE,FALSE,FALSE,FALSE,FALSE,FALSE,FALSE,FALSE,FALSE,FALSE,FALSE,3,0
rfdroid-scanparam,FALSE,FALSE,FALSE,,FALSE,,None,Travis CI,,FALSE,FALSE,FALSE,FALSE,FALSE,FALSE,FALSE,FALSE,FALSE,FALSE,FALSE,FALSE,FALSE,FALSE,FALSE,FALSE,FALSE,1,0
rhvoice,TRUE,FALSE,FALSE,,FALSE,,None,GitHub Actions,,FALSE,FALSE,FALSE,FALSE,FALSE,FALSE,FALSE,FALSE,FALSE,FALSE,FALSE,FALSE,FALSE,FALSE,FALSE,FALSE,FALSE,3,0
rickandmorty,TRUE,TRUE,TRUE,GitHub_emulator_full,FALSE,,"GitHub_Hosted, None",GitHub Actions,GitHub Actions,FALSE,FALSE,FALSE,FALSE,FALSE,FALSE,FALSE,FALSE,FALSE,FALSE,TRUE,FALSE,FALSE,FALSE,FALSE,FALSE,1,6,0
ricknmortycompose,TRUE,FALSE,FALSE,,FALSE,,None,GitHub Actions,,FALSE,FALSE,FALSE,FALSE,FALSE,FALSE,FALSE,FALSE,FALSE,FALSE,FALSE,FALSE,FALSE,FALSE,FALSE,FALSE,FALSE,2,0
rijks-studio,FALSE,FALSE,FALSE,,FALSE,,None,GitHub Actions,,FALSE,FALSE,FALSE,FALSE,FALSE,FALSE,FALSE,FALSE,FALSE,FALSE,FALSE,FALSE,FALSE,FALSE,FALSE,FALSE,FALSE,3,0
ripple,TRUE,FALSE,FALSE,,FALSE,,None,"GitLab CI, Travis CI",,FALSE,FALSE,FALSE,FALSE,FALSE,FALSE,FALSE,FALSE,FALSE,FALSE,FALSE,FALSE,FALSE,FALSE,FALSE,FALSE,FALSE,2,0
rithle,TRUE,FALSE,FALSE,,FALSE,,None,GitHub Actions,,FALSE,FALSE,FALSE,FALSE,FALSE,FALSE,FALSE,FALSE,FALSE,FALSE,FALSE,FALSE,FALSE,FALSE,FALSE,FALSE,FALSE,1,0
rlad,TRUE,TRUE,TRUE,GitHub_emulator_full,FALSE,,GitHub_Hosted,GitHub Actions,GitHub Actions,FALSE,FALSE,FALSE,FALSE,FALSE,FALSE,FALSE,FALSE,FALSE,FALSE,TRUE,FALSE,FALSE,FALSE,FALSE,FALSE,1,1,0
robinhood-options-mobile,TRUE,FALSE,FALSE,,FALSE,,None,GitHub Actions,,FALSE,FALSE,FALSE,FALSE,FALSE,FALSE,FALSE,FALSE,FALSE,FALSE,FALSE,FALSE,FALSE,FALSE,FALSE,FALSE,FALSE,2,0
roboclub-flutter,TRUE,FALSE,FALSE,,FALSE,,None,GitHub Actions,,FALSE,FALSE,FALSE,FALSE,FALSE,FALSE,FALSE,FALSE,FALSE,FALSE,FALSE,FALSE,FALSE,FALSE,FALSE,FALSE,FALSE,1,0
robot-recharge,TRUE,FALSE,FALSE,,FALSE,,None,GitHub Actions,,FALSE,FALSE,FALSE,FALSE,FALSE,FALSE,FALSE,FALSE,FALSE,FALSE,FALSE,FALSE,FALSE,FALSE,FALSE,FALSE,FALSE,1,0
robot-scouter,TRUE,FALSE,FALSE,,FALSE,,None,GitHub Actions,,FALSE,FALSE,FALSE,FALSE,FALSE,FALSE,FALSE,FALSE,FALSE,FALSE,FALSE,FALSE,FALSE,FALSE,FALSE,FALSE,FALSE,1,0
robotv,TRUE,FALSE,FALSE,,FALSE,,None,GitHub Actions,,FALSE,FALSE,FALSE,FALSE,FALSE,FALSE,FALSE,FALSE,FALSE,FALSE,FALSE,FALSE,FALSE,FALSE,FALSE,FALSE,FALSE,2,0
roc-droid,TRUE,FALSE,FALSE,,FALSE,,None,GitHub Actions,,FALSE,FALSE,FALSE,FALSE,FALSE,FALSE,FALSE,FALSE,FALSE,FALSE,FALSE,FALSE,FALSE,FALSE,FALSE,FALSE,FALSE,1,0
rocket,TRUE,FALSE,FALSE,,FALSE,,None,CircleCI,,FALSE,FALSE,FALSE,FALSE,FALSE,FALSE,FALSE,FALSE,FALSE,FALSE,FALSE,FALSE,FALSE,FALSE,FALSE,FALSE,FALSE,1,0
rootlessjamesdsp,TRUE,FALSE,FALSE,,FALSE,,None,GitHub Actions,,FALSE,FALSE,FALSE,FALSE,FALSE,FALSE,FALSE,FALSE,FALSE,FALSE,FALSE,FALSE,FALSE,FALSE,FALSE,FALSE,FALSE,2,0
router-companion-android,TRUE,FALSE,FALSE,,FALSE,,None,"GitHub Actions, GitLab CI",,FALSE,FALSE,FALSE,FALSE,FALSE,FALSE,FALSE,FALSE,FALSE,FALSE,FALSE,FALSE,FALSE,FALSE,FALSE,FALSE,FALSE,3,0
router_remote2,TRUE,FALSE,FALSE,,FALSE,,None,GitHub Actions,,FALSE,FALSE,FALSE,FALSE,FALSE,FALSE,FALSE,FALSE,FALSE,FALSE,FALSE,FALSE,FALSE,FALSE,FALSE,FALSE,FALSE,1,0
rpicheck,TRUE,TRUE,FALSE,,TRUE,Travis CI_emulator_manual,Manual_ThirdParty,Travis CI,Travis CI,FALSE,FALSE,FALSE,FALSE,FALSE,FALSE,FALSE,FALSE,FALSE,FALSE,FALSE,FALSE,FALSE,FALSE,FALSE,FALSE,FALSE,1,0
rpncalc,TRUE,FALSE,FALSE,,FALSE,,None,GitHub Actions,,FALSE,FALSE,FALSE,FALSE,FALSE,FALSE,FALSE,FALSE,FALSE,FALSE,FALSE,FALSE,FALSE,FALSE,FALSE,FALSE,FALSE,1,0
rsandroidapp,TRUE,FALSE,FALSE,,FALSE,,None,GitHub Actions,,FALSE,FALSE,FALSE,FALSE,FALSE,FALSE,FALSE,FALSE,FALSE,FALSE,FALSE,FALSE,FALSE,FALSE,FALSE,FALSE,FALSE,2,0
rssaid,TRUE,FALSE,FALSE,,FALSE,,None,GitHub Actions,,FALSE,FALSE,FALSE,FALSE,FALSE,FALSE,FALSE,FALSE,FALSE,FALSE,FALSE,FALSE,FALSE,FALSE,FALSE,FALSE,FALSE,1,0
rtchat,TRUE,FALSE,FALSE,,FALSE,,None,GitHub Actions,,FALSE,FALSE,FALSE,FALSE,FALSE,FALSE,FALSE,FALSE,FALSE,FALSE,FALSE,FALSE,FALSE,FALSE,FALSE,FALSE,FALSE,13,0
rugby-ranker,TRUE,FALSE,FALSE,,FALSE,,None,GitHub Actions,,FALSE,FALSE,FALSE,FALSE,FALSE,FALSE,FALSE,FALSE,FALSE,FALSE,FALSE,FALSE,FALSE,FALSE,FALSE,FALSE,FALSE,1,0
runbhumi,TRUE,FALSE,FALSE,,FALSE,,None,GitHub Actions,,FALSE,FALSE,FALSE,FALSE,FALSE,FALSE,FALSE,FALSE,FALSE,FALSE,FALSE,FALSE,FALSE,FALSE,FALSE,FALSE,FALSE,1,0
runlog-kmm,TRUE,FALSE,FALSE,,FALSE,,None,GitHub Actions,,FALSE,FALSE,FALSE,FALSE,FALSE,FALSE,FALSE,FALSE,FALSE,FALSE,FALSE,FALSE,FALSE,FALSE,FALSE,FALSE,FALSE,1,0
runnerup,TRUE,FALSE,FALSE,,FALSE,,None,Travis CI,,FALSE,FALSE,FALSE,FALSE,FALSE,FALSE,FALSE,FALSE,FALSE,FALSE,FALSE,FALSE,FALSE,FALSE,FALSE,FALSE,FALSE,1,0
runstone,FALSE,FALSE,FALSE,,FALSE,,None,Travis CI,,FALSE,FALSE,FALSE,FALSE,FALSE,FALSE,FALSE,FALSE,FALSE,FALSE,FALSE,FALSE,FALSE,FALSE,FALSE,FALSE,FALSE,1,0
ruslin-android,TRUE,FALSE,FALSE,,FALSE,,None,GitHub Actions,,FALSE,FALSE,FALSE,FALSE,FALSE,FALSE,FALSE,FALSE,FALSE,FALSE,FALSE,FALSE,FALSE,FALSE,FALSE,FALSE,FALSE,2,0
rust-keylock-android,FALSE,FALSE,FALSE,,FALSE,,None,Travis CI,,FALSE,FALSE,FALSE,FALSE,FALSE,FALSE,FALSE,FALSE,FALSE,FALSE,FALSE,FALSE,FALSE,FALSE,FALSE,FALSE,FALSE,1,0
rutmath,TRUE,FALSE,FALSE,,FALSE,,None,GitHub Actions,,FALSE,FALSE,FALSE,FALSE,FALSE,FALSE,FALSE,FALSE,FALSE,FALSE,FALSE,FALSE,FALSE,FALSE,FALSE,FALSE,FALSE,2,0
ruumusic,TRUE,FALSE,FALSE,,FALSE,,None,GitHub Actions,,FALSE,FALSE,FALSE,FALSE,FALSE,FALSE,FALSE,FALSE,FALSE,FALSE,FALSE,FALSE,FALSE,FALSE,FALSE,FALSE,FALSE,1,0
rview,TRUE,FALSE,FALSE,,FALSE,,None,GitHub Actions,,FALSE,FALSE,FALSE,FALSE,FALSE,FALSE,FALSE,FALSE,FALSE,FALSE,FALSE,FALSE,FALSE,FALSE,FALSE,FALSE,FALSE,1,0
rxbluetooth,FALSE,FALSE,FALSE,,FALSE,,None,Travis CI,,FALSE,FALSE,FALSE,FALSE,FALSE,FALSE,FALSE,FALSE,FALSE,FALSE,FALSE,FALSE,FALSE,FALSE,FALSE,FALSE,FALSE,1,0
rxwebview,TRUE,FALSE,FALSE,,FALSE,,None,CircleCI,,FALSE,FALSE,FALSE,FALSE,FALSE,FALSE,FALSE,FALSE,FALSE,FALSE,FALSE,FALSE,FALSE,FALSE,FALSE,FALSE,FALSE,1,0
s-launcher,FALSE,FALSE,FALSE,,FALSE,,None,Travis CI,,FALSE,FALSE,FALSE,FALSE,FALSE,FALSE,FALSE,FALSE,FALSE,FALSE,FALSE,FALSE,FALSE,FALSE,FALSE,FALSE,FALSE,1,0
sa-android,FALSE,FALSE,FALSE,,FALSE,,None,Travis CI,,FALSE,FALSE,FALSE,FALSE,FALSE,FALSE,FALSE,FALSE,FALSE,FALSE,FALSE,FALSE,FALSE,FALSE,FALSE,FALSE,FALSE,1,0
safe,FALSE,FALSE,FALSE,,FALSE,,None,Travis CI,,FALSE,FALSE,FALSE,FALSE,FALSE,FALSE,FALSE,FALSE,FALSE,FALSE,FALSE,FALSE,FALSE,FALSE,FALSE,FALSE,FALSE,1,0
safe-dot-android,TRUE,FALSE,FALSE,,FALSE,,None,GitHub Actions,,FALSE,FALSE,FALSE,FALSE,FALSE,FALSE,FALSE,FALSE,FALSE,FALSE,FALSE,FALSE,FALSE,FALSE,FALSE,FALSE,FALSE,1,0
safenotes,TRUE,FALSE,FALSE,,FALSE,,None,GitHub Actions,,FALSE,FALSE,FALSE,FALSE,FALSE,FALSE,FALSE,FALSE,FALSE,FALSE,FALSE,FALSE,FALSE,FALSE,FALSE,FALSE,FALSE,1,0
sagernet,TRUE,FALSE,FALSE,,FALSE,,None,GitHub Actions,,FALSE,FALSE,FALSE,FALSE,FALSE,FALSE,FALSE,FALSE,FALSE,FALSE,FALSE,FALSE,FALSE,FALSE,FALSE,FALSE,FALSE,11,0
sai,TRUE,FALSE,FALSE,,FALSE,,None,GitHub Actions,,FALSE,FALSE,FALSE,FALSE,FALSE,FALSE,FALSE,FALSE,FALSE,FALSE,FALSE,FALSE,FALSE,FALSE,FALSE,FALSE,FALSE,1,0
sakura-android,TRUE,FALSE,FALSE,,FALSE,,None,GitHub Actions,,FALSE,FALSE,FALSE,FALSE,FALSE,FALSE,FALSE,FALSE,FALSE,FALSE,FALSE,FALSE,FALSE,FALSE,FALSE,FALSE,FALSE,2,0
sallefy,TRUE,FALSE,FALSE,,FALSE,,None,GitHub Actions,,FALSE,FALSE,FALSE,FALSE,FALSE,FALSE,FALSE,FALSE,FALSE,FALSE,FALSE,FALSE,FALSE,FALSE,FALSE,FALSE,FALSE,1,0
samourai-wallet-android,FALSE,FALSE,FALSE,,FALSE,,None,Travis CI,,FALSE,FALSE,FALSE,FALSE,FALSE,FALSE,FALSE,FALSE,FALSE,FALSE,FALSE,FALSE,FALSE,FALSE,FALSE,FALSE,FALSE,1,0
samremote,FALSE,FALSE,FALSE,,FALSE,,None,Travis CI,,FALSE,FALSE,FALSE,FALSE,FALSE,FALSE,FALSE,FALSE,FALSE,FALSE,FALSE,FALSE,FALSE,FALSE,FALSE,FALSE,FALSE,1,0
sanmill,TRUE,FALSE,FALSE,,FALSE,,None,GitHub Actions,,FALSE,FALSE,FALSE,FALSE,FALSE,FALSE,FALSE,FALSE,FALSE,FALSE,FALSE,FALSE,FALSE,FALSE,FALSE,FALSE,FALSE,11,0
sasycakeawayapp,TRUE,FALSE,FALSE,,FALSE,,None,GitHub Actions,,FALSE,FALSE,FALSE,FALSE,FALSE,FALSE,FALSE,FALSE,FALSE,FALSE,FALSE,FALSE,FALSE,FALSE,FALSE,FALSE,FALSE,2,0
satoshiproof,FALSE,FALSE,FALSE,,FALSE,,None,Travis CI,,FALSE,FALSE,FALSE,FALSE,FALSE,FALSE,FALSE,FALSE,FALSE,FALSE,FALSE,FALSE,FALSE,FALSE,FALSE,FALSE,FALSE,1,0
saucenao,TRUE,FALSE,FALSE,,FALSE,,None,GitHub Actions,,FALSE,FALSE,FALSE,FALSE,FALSE,FALSE,FALSE,FALSE,FALSE,FALSE,FALSE,FALSE,FALSE,FALSE,FALSE,FALSE,FALSE,2,0
scala-android,TRUE,FALSE,FALSE,,FALSE,,None,Travis CI,,FALSE,FALSE,FALSE,FALSE,FALSE,FALSE,FALSE,FALSE,FALSE,FALSE,FALSE,FALSE,FALSE,FALSE,FALSE,FALSE,FALSE,1,0
scalepractice,TRUE,FALSE,FALSE,,FALSE,,None,GitHub Actions,,FALSE,FALSE,FALSE,FALSE,FALSE,FALSE,FALSE,FALSE,FALSE,FALSE,FALSE,FALSE,FALSE,FALSE,FALSE,FALSE,FALSE,1,0
scaleway-manager,FALSE,FALSE,FALSE,,FALSE,,None,GitHub Actions,,FALSE,FALSE,FALSE,FALSE,FALSE,FALSE,FALSE,FALSE,FALSE,FALSE,FALSE,FALSE,FALSE,FALSE,FALSE,FALSE,FALSE,1,0
scanit,TRUE,FALSE,FALSE,,FALSE,,None,GitHub Actions,,FALSE,FALSE,FALSE,FALSE,FALSE,FALSE,FALSE,FALSE,FALSE,FALSE,FALSE,FALSE,FALSE,FALSE,FALSE,FALSE,FALSE,2,0
scheduler,TRUE,FALSE,FALSE,,FALSE,,None,GitHub Actions,,FALSE,FALSE,FALSE,FALSE,FALSE,FALSE,FALSE,FALSE,FALSE,FALSE,FALSE,FALSE,FALSE,FALSE,FALSE,FALSE,FALSE,1,0
schlachtensee,TRUE,FALSE,FALSE,,FALSE,,None,GitHub Actions,,FALSE,FALSE,FALSE,FALSE,FALSE,FALSE,FALSE,FALSE,FALSE,FALSE,FALSE,FALSE,FALSE,FALSE,FALSE,FALSE,FALSE,1,0
scope,TRUE,FALSE,FALSE,,FALSE,,None,GitHub Actions,,FALSE,FALSE,FALSE,FALSE,FALSE,FALSE,FALSE,FALSE,FALSE,FALSE,FALSE,FALSE,FALSE,FALSE,FALSE,FALSE,FALSE,2,0
scoreboard,TRUE,FALSE,FALSE,,FALSE,,None,Travis CI,,FALSE,FALSE,FALSE,FALSE,FALSE,FALSE,FALSE,FALSE,FALSE,FALSE,FALSE,FALSE,FALSE,FALSE,FALSE,FALSE,FALSE,1,0
scoutingapp,TRUE,FALSE,FALSE,,FALSE,,None,GitHub Actions,,FALSE,FALSE,FALSE,FALSE,FALSE,FALSE,FALSE,FALSE,FALSE,FALSE,FALSE,FALSE,FALSE,FALSE,FALSE,FALSE,FALSE,1,0
scrabble,TRUE,FALSE,FALSE,,FALSE,,None,GitHub Actions,,FALSE,FALSE,FALSE,FALSE,FALSE,FALSE,FALSE,FALSE,FALSE,FALSE,FALSE,FALSE,FALSE,FALSE,FALSE,FALSE,FALSE,1,0
scriptmanager,TRUE,FALSE,FALSE,,FALSE,,None,GitHub Actions,,FALSE,FALSE,FALSE,FALSE,FALSE,FALSE,FALSE,FALSE,FALSE,FALSE,FALSE,FALSE,FALSE,FALSE,FALSE,FALSE,FALSE,1,0
scummvm,TRUE,FALSE,FALSE,,FALSE,,None,"GitHub Actions, GitLab CI",,FALSE,FALSE,FALSE,FALSE,FALSE,FALSE,FALSE,FALSE,FALSE,FALSE,FALSE,FALSE,FALSE,FALSE,FALSE,FALSE,FALSE,2,0
sdbviewer,FALSE,FALSE,FALSE,,FALSE,,None,GitHub Actions,,FALSE,FALSE,FALSE,FALSE,FALSE,FALSE,FALSE,FALSE,FALSE,FALSE,FALSE,FALSE,FALSE,FALSE,FALSE,FALSE,FALSE,1,0
sdp-project,TRUE,TRUE,TRUE,GitHub_emulator_full,FALSE,,GitHub_Hosted,GitHub Actions,GitHub Actions,FALSE,FALSE,FALSE,FALSE,FALSE,TRUE,FALSE,FALSE,FALSE,FALSE,FALSE,FALSE,FALSE,FALSE,FALSE,FALSE,1,1,0
seadroid,TRUE,FALSE,FALSE,,FALSE,,None,Travis CI,,FALSE,FALSE,FALSE,FALSE,FALSE,FALSE,FALSE,FALSE,FALSE,FALSE,FALSE,FALSE,FALSE,FALSE,FALSE,FALSE,FALSE,1,0
seal,TRUE,FALSE,FALSE,,FALSE,,None,GitHub Actions,,FALSE,FALSE,FALSE,FALSE,FALSE,FALSE,FALSE,FALSE,FALSE,FALSE,FALSE,FALSE,FALSE,FALSE,FALSE,FALSE,FALSE,4,0
sealedx,TRUE,FALSE,FALSE,,FALSE,,None,GitHub Actions,,FALSE,FALSE,FALSE,FALSE,FALSE,FALSE,FALSE,FALSE,FALSE,FALSE,FALSE,FALSE,FALSE,FALSE,FALSE,FALSE,FALSE,3,0
searchlight,TRUE,FALSE,FALSE,,FALSE,,None,GitHub Actions,,FALSE,FALSE,FALSE,FALSE,FALSE,FALSE,FALSE,FALSE,FALSE,FALSE,FALSE,FALSE,FALSE,FALSE,FALSE,FALSE,FALSE,1,0
searchtwitter,FALSE,FALSE,FALSE,,FALSE,,None,Travis CI,,FALSE,FALSE,FALSE,FALSE,FALSE,FALSE,FALSE,FALSE,FALSE,FALSE,FALSE,FALSE,FALSE,FALSE,FALSE,FALSE,FALSE,1,0
secure-image-app,TRUE,FALSE,FALSE,,FALSE,,None,GitHub Actions,,FALSE,FALSE,FALSE,FALSE,FALSE,FALSE,FALSE,FALSE,FALSE,FALSE,FALSE,FALSE,FALSE,FALSE,FALSE,FALSE,FALSE,4,0
secure-quick-reliable-login,TRUE,TRUE,FALSE,,TRUE,Travis CI_emulator_manual,Manual_ThirdParty,Travis CI,Travis CI,FALSE,FALSE,FALSE,FALSE,FALSE,FALSE,FALSE,FALSE,FALSE,FALSE,FALSE,FALSE,FALSE,FALSE,FALSE,FALSE,FALSE,1,0
secure-shared-preferences,TRUE,FALSE,FALSE,,FALSE,,None,GitHub Actions,,FALSE,FALSE,FALSE,FALSE,FALSE,FALSE,FALSE,FALSE,FALSE,FALSE,FALSE,FALSE,FALSE,FALSE,FALSE,FALSE,FALSE,3,0
secure-sms-proxy,TRUE,FALSE,FALSE,,FALSE,,None,GitHub Actions,,FALSE,FALSE,FALSE,FALSE,FALSE,FALSE,FALSE,FALSE,FALSE,FALSE,FALSE,FALSE,FALSE,FALSE,FALSE,FALSE,FALSE,4,0
secure-storage-android,TRUE,TRUE,TRUE,GitHub_emulator_full,FALSE,,"GitHub_Hosted, None",GitHub Actions,GitHub Actions,FALSE,FALSE,TRUE,TRUE,TRUE,FALSE,TRUE,FALSE,FALSE,FALSE,TRUE,FALSE,FALSE,FALSE,FALSE,FALSE,5,3,0
secured-app-android,TRUE,FALSE,FALSE,,FALSE,,None,Travis CI,,FALSE,FALSE,FALSE,FALSE,FALSE,FALSE,FALSE,FALSE,FALSE,FALSE,FALSE,FALSE,FALSE,FALSE,FALSE,FALSE,FALSE,1,0
seed-android-design-system,TRUE,FALSE,FALSE,,FALSE,,None,GitHub Actions,,FALSE,FALSE,FALSE,FALSE,FALSE,FALSE,FALSE,FALSE,FALSE,FALSE,FALSE,FALSE,FALSE,FALSE,FALSE,FALSE,FALSE,1,0
seeneva-reader-android,TRUE,FALSE,FALSE,,FALSE,,None,GitHub Actions,,FALSE,FALSE,FALSE,FALSE,FALSE,FALSE,FALSE,FALSE,FALSE,FALSE,FALSE,FALSE,FALSE,FALSE,FALSE,FALSE,FALSE,2,0
segmentedarcview,TRUE,FALSE,FALSE,,FALSE,,None,GitHub Actions,,FALSE,FALSE,FALSE,FALSE,FALSE,FALSE,FALSE,FALSE,FALSE,FALSE,FALSE,FALSE,FALSE,FALSE,FALSE,FALSE,FALSE,1,0
seiun,TRUE,FALSE,FALSE,,FALSE,,None,GitHub Actions,,FALSE,FALSE,FALSE,FALSE,FALSE,FALSE,FALSE,FALSE,FALSE,FALSE,FALSE,FALSE,FALSE,FALSE,FALSE,FALSE,FALSE,2,0
semantic,TRUE,FALSE,FALSE,,FALSE,,None,GitHub Actions,,FALSE,FALSE,FALSE,FALSE,FALSE,FALSE,FALSE,FALSE,FALSE,FALSE,FALSE,FALSE,FALSE,FALSE,FALSE,FALSE,FALSE,2,0
seniordialerapp,TRUE,FALSE,FALSE,,FALSE,,None,GitHub Actions,,FALSE,FALSE,FALSE,FALSE,FALSE,FALSE,FALSE,FALSE,FALSE,FALSE,FALSE,FALSE,FALSE,FALSE,FALSE,FALSE,FALSE,1,0
sensify-android,TRUE,FALSE,FALSE,,FALSE,,None,GitHub Actions,,FALSE,FALSE,FALSE,FALSE,FALSE,FALSE,FALSE,FALSE,FALSE,FALSE,FALSE,FALSE,FALSE,FALSE,FALSE,FALSE,FALSE,4,0
sensorssandbox,FALSE,FALSE,FALSE,,FALSE,,None,Travis CI,,FALSE,FALSE,FALSE,FALSE,FALSE,FALSE,FALSE,FALSE,FALSE,FALSE,FALSE,FALSE,FALSE,FALSE,FALSE,FALSE,FALSE,1,1
sentry,TRUE,FALSE,FALSE,,FALSE,,None,GitHub Actions,,FALSE,FALSE,FALSE,FALSE,FALSE,FALSE,FALSE,FALSE,FALSE,FALSE,FALSE,FALSE,FALSE,FALSE,FALSE,FALSE,FALSE,2,0
sentry-mobile-release-health-app,TRUE,FALSE,FALSE,,FALSE,,None,GitHub Actions,,FALSE,FALSE,FALSE,FALSE,FALSE,FALSE,FALSE,FALSE,FALSE,FALSE,FALSE,FALSE,FALSE,FALSE,FALSE,FALSE,FALSE,1,0
sercommh300svoipcredentialsrecovery,TRUE,FALSE,FALSE,,FALSE,,None,GitHub Actions,,FALSE,FALSE,FALSE,FALSE,FALSE,FALSE,FALSE,FALSE,FALSE,FALSE,FALSE,FALSE,FALSE,FALSE,FALSE,FALSE,FALSE,3,0
serialportassistant,TRUE,FALSE,FALSE,,FALSE,,None,"GitHub Actions, Unknown",,FALSE,FALSE,FALSE,FALSE,FALSE,FALSE,FALSE,FALSE,FALSE,FALSE,FALSE,FALSE,FALSE,FALSE,FALSE,FALSE,FALSE,8,0
serious-sam-android,FALSE,FALSE,FALSE,,FALSE,,None,Unknown,,FALSE,FALSE,FALSE,FALSE,FALSE,FALSE,FALSE,FALSE,FALSE,FALSE,FALSE,FALSE,FALSE,FALSE,FALSE,FALSE,FALSE,1,0
serverless-followupapp-android,FALSE,FALSE,FALSE,,FALSE,,None,Travis CI,,FALSE,FALSE,FALSE,FALSE,FALSE,FALSE,FALSE,FALSE,FALSE,FALSE,FALSE,FALSE,FALSE,FALSE,FALSE,FALSE,FALSE,1,0
seven_minute_workout_android,FALSE,FALSE,FALSE,,FALSE,,None,Travis CI,,FALSE,FALSE,FALSE,FALSE,FALSE,FALSE,FALSE,FALSE,FALSE,FALSE,FALSE,FALSE,FALSE,FALSE,FALSE,FALSE,FALSE,1,0
sevibus,FALSE,FALSE,FALSE,,FALSE,,None,Travis CI,,FALSE,FALSE,FALSE,FALSE,FALSE,FALSE,FALSE,FALSE,FALSE,FALSE,FALSE,FALSE,FALSE,FALSE,FALSE,FALSE,FALSE,1,0
shabda,TRUE,FALSE,FALSE,,FALSE,,None,Travis CI,,FALSE,FALSE,FALSE,FALSE,FALSE,FALSE,FALSE,FALSE,FALSE,FALSE,FALSE,FALSE,FALSE,FALSE,FALSE,FALSE,FALSE,1,0
shachi,TRUE,TRUE,TRUE,GitHub_emulator_full,FALSE,,"GitHub_Hosted, None",GitHub Actions,GitHub Actions,FALSE,FALSE,FALSE,FALSE,FALSE,FALSE,FALSE,FALSE,FALSE,FALSE,FALSE,FALSE,TRUE,FALSE,FALSE,FALSE,1,2,0
shadowsocks-android,TRUE,FALSE,FALSE,,FALSE,,None,"CircleCI, Travis CI",,FALSE,FALSE,FALSE,FALSE,FALSE,FALSE,FALSE,FALSE,FALSE,FALSE,FALSE,FALSE,FALSE,FALSE,FALSE,FALSE,FALSE,2,0
shadowsocksr-v2ray-trojan-android,TRUE,FALSE,FALSE,,FALSE,,None,"GitHub Actions, Travis CI",,FALSE,FALSE,FALSE,FALSE,FALSE,FALSE,FALSE,FALSE,FALSE,FALSE,FALSE,FALSE,FALSE,FALSE,FALSE,FALSE,FALSE,2,0
shake-it-android,TRUE,FALSE,FALSE,,FALSE,,None,GitHub Actions,,FALSE,FALSE,FALSE,FALSE,FALSE,FALSE,FALSE,FALSE,FALSE,FALSE,FALSE,FALSE,FALSE,FALSE,FALSE,FALSE,FALSE,1,0
shaky-android,TRUE,FALSE,FALSE,,FALSE,,None,GitHub Actions,,FALSE,FALSE,FALSE,FALSE,FALSE,FALSE,FALSE,FALSE,FALSE,FALSE,FALSE,FALSE,FALSE,FALSE,FALSE,FALSE,FALSE,4,0
shape-detection-android,TRUE,FALSE,FALSE,,FALSE,,None,GitHub Actions,,FALSE,FALSE,FALSE,FALSE,FALSE,FALSE,FALSE,FALSE,FALSE,FALSE,FALSE,FALSE,FALSE,FALSE,FALSE,FALSE,FALSE,2,0
shapeofview,TRUE,FALSE,FALSE,,FALSE,,None,CircleCI,,FALSE,FALSE,FALSE,FALSE,FALSE,FALSE,FALSE,FALSE,FALSE,FALSE,FALSE,FALSE,FALSE,FALSE,FALSE,FALSE,FALSE,1,0
share-my-number,TRUE,FALSE,FALSE,,FALSE,,None,GitHub Actions,,FALSE,FALSE,FALSE,FALSE,FALSE,FALSE,FALSE,FALSE,FALSE,FALSE,FALSE,FALSE,FALSE,FALSE,FALSE,FALSE,FALSE,1,0
sharetobrowser,FALSE,FALSE,FALSE,,FALSE,,None,Travis CI,,FALSE,FALSE,FALSE,FALSE,FALSE,FALSE,FALSE,FALSE,FALSE,FALSE,FALSE,FALSE,FALSE,FALSE,FALSE,FALSE,FALSE,1,0
sharetocomputer,TRUE,TRUE,FALSE,,TRUE,Travis CI_emulator_manual,Manual_ThirdParty,Travis CI,Travis CI,FALSE,FALSE,FALSE,FALSE,FALSE,FALSE,FALSE,FALSE,FALSE,FALSE,FALSE,FALSE,FALSE,FALSE,FALSE,FALSE,FALSE,1,0
sheep,TRUE,FALSE,FALSE,,FALSE,,None,"CircleCI, GitHub Actions, Travis CI",,FALSE,FALSE,FALSE,FALSE,FALSE,FALSE,FALSE,FALSE,FALSE,FALSE,FALSE,FALSE,FALSE,FALSE,FALSE,FALSE,FALSE,3,0
sherlock,TRUE,FALSE,FALSE,,FALSE,,None,Travis CI,,FALSE,FALSE,FALSE,FALSE,FALSE,FALSE,FALSE,FALSE,FALSE,FALSE,FALSE,FALSE,FALSE,FALSE,FALSE,FALSE,FALSE,1,0
sherpa-onnx,TRUE,FALSE,FALSE,,FALSE,,None,GitHub Actions,,FALSE,FALSE,FALSE,FALSE,FALSE,FALSE,FALSE,FALSE,FALSE,FALSE,FALSE,FALSE,FALSE,FALSE,FALSE,FALSE,FALSE,24,0
shimmer-recyclerview-x,FALSE,FALSE,FALSE,,FALSE,,None,Travis CI,,FALSE,FALSE,FALSE,FALSE,FALSE,FALSE,FALSE,FALSE,FALSE,FALSE,FALSE,FALSE,FALSE,FALSE,FALSE,FALSE,FALSE,1,0
shipr-community-android,TRUE,FALSE,FALSE,,FALSE,,None,"CircleCI, GitHub Actions, Travis CI",,FALSE,FALSE,FALSE,FALSE,FALSE,FALSE,FALSE,FALSE,FALSE,FALSE,FALSE,FALSE,FALSE,FALSE,FALSE,FALSE,FALSE,3,0
shop-with-mom,TRUE,FALSE,FALSE,,FALSE,,None,GitHub Actions,,FALSE,FALSE,FALSE,FALSE,FALSE,FALSE,FALSE,FALSE,FALSE,FALSE,FALSE,FALSE,FALSE,FALSE,FALSE,FALSE,FALSE,1,0
shopapp-android,TRUE,FALSE,FALSE,,FALSE,,None,Travis CI,,FALSE,FALSE,FALSE,FALSE,FALSE,FALSE,FALSE,FALSE,FALSE,FALSE,FALSE,FALSE,FALSE,FALSE,FALSE,FALSE,FALSE,1,0
shopkart,TRUE,FALSE,FALSE,,FALSE,,None,GitHub Actions,,FALSE,FALSE,FALSE,FALSE,FALSE,FALSE,FALSE,FALSE,FALSE,FALSE,FALSE,FALSE,FALSE,FALSE,FALSE,FALSE,FALSE,1,0
shoppinglist,TRUE,TRUE,FALSE,,TRUE,Travis CI_emulator_manual,"Manual_ThirdParty, None","GitHub Actions, Travis CI",Travis CI,FALSE,FALSE,FALSE,FALSE,FALSE,FALSE,FALSE,FALSE,FALSE,FALSE,FALSE,FALSE,FALSE,FALSE,FALSE,FALSE,FALSE,4,0
shorty,TRUE,FALSE,FALSE,,FALSE,,None,GitHub Actions,,FALSE,FALSE,FALSE,FALSE,FALSE,FALSE,FALSE,FALSE,FALSE,FALSE,FALSE,FALSE,FALSE,FALSE,FALSE,FALSE,FALSE,2,0
shortyz,TRUE,TRUE,FALSE,,TRUE,Travis CI_emulator_manual,"Manual_ThirdParty, None","Travis CI, Unknown",Travis CI,FALSE,FALSE,FALSE,FALSE,FALSE,FALSE,FALSE,FALSE,FALSE,FALSE,FALSE,FALSE,FALSE,FALSE,FALSE,FALSE,FALSE,2,0
shouko,TRUE,FALSE,FALSE,,FALSE,,None,GitHub Actions,,FALSE,FALSE,FALSE,FALSE,FALSE,FALSE,FALSE,FALSE,FALSE,FALSE,FALSE,FALSE,FALSE,FALSE,FALSE,FALSE,FALSE,1,0
show-java,FALSE,FALSE,FALSE,,FALSE,,None,Travis CI,,FALSE,FALSE,FALSE,FALSE,FALSE,FALSE,FALSE,FALSE,FALSE,FALSE,FALSE,FALSE,FALSE,FALSE,FALSE,FALSE,FALSE,1,0
siesgstarena-android-app,TRUE,FALSE,FALSE,,FALSE,,None,GitHub Actions,,FALSE,FALSE,FALSE,FALSE,FALSE,FALSE,FALSE,FALSE,FALSE,FALSE,FALSE,FALSE,FALSE,FALSE,FALSE,FALSE,FALSE,1,0
sig-gen,TRUE,FALSE,FALSE,,FALSE,,None,GitHub Actions,,FALSE,FALSE,FALSE,FALSE,FALSE,FALSE,FALSE,FALSE,FALSE,FALSE,FALSE,FALSE,FALSE,FALSE,FALSE,FALSE,FALSE,2,0
sigblock-code-poc,FALSE,FALSE,FALSE,,FALSE,,None,GitHub Actions,,FALSE,FALSE,FALSE,FALSE,FALSE,FALSE,FALSE,FALSE,FALSE,FALSE,FALSE,FALSE,FALSE,FALSE,FALSE,FALSE,FALSE,1,0
signalr-chatroom,TRUE,FALSE,FALSE,,FALSE,,None,GitHub Actions,,FALSE,FALSE,FALSE,FALSE,FALSE,FALSE,FALSE,FALSE,FALSE,FALSE,FALSE,FALSE,FALSE,FALSE,FALSE,FALSE,FALSE,1,0
silence,TRUE,TRUE,FALSE,,TRUE,GitLab CI_emulator_manual,"Manual_ThirdParty, None","GitHub Actions, GitLab CI",GitLab CI,FALSE,FALSE,FALSE,FALSE,FALSE,FALSE,FALSE,FALSE,FALSE,FALSE,FALSE,FALSE,FALSE,FALSE,FALSE,FALSE,FALSE,3,0
sim-password-wallet,TRUE,FALSE,FALSE,,FALSE,,None,CircleCI,,FALSE,FALSE,FALSE,FALSE,FALSE,FALSE,FALSE,FALSE,FALSE,FALSE,FALSE,FALSE,FALSE,FALSE,FALSE,FALSE,FALSE,1,0
simacorrect,TRUE,FALSE,FALSE,,FALSE,,None,GitHub Actions,,FALSE,FALSE,FALSE,FALSE,FALSE,FALSE,FALSE,FALSE,FALSE,FALSE,FALSE,FALSE,FALSE,FALSE,FALSE,FALSE,FALSE,1,0
simaromur,TRUE,FALSE,FALSE,,FALSE,,None,GitHub Actions,,FALSE,FALSE,FALSE,FALSE,FALSE,FALSE,FALSE,FALSE,FALSE,FALSE,FALSE,FALSE,FALSE,FALSE,FALSE,FALSE,FALSE,1,0
simlar-android,FALSE,FALSE,FALSE,,FALSE,,None,GitHub Actions,,FALSE,FALSE,FALSE,FALSE,FALSE,FALSE,FALSE,FALSE,FALSE,FALSE,FALSE,FALSE,FALSE,FALSE,FALSE,FALSE,FALSE,1,0
simple,TRUE,FALSE,FALSE,,FALSE,,None,GitHub Actions,,FALSE,FALSE,FALSE,FALSE,FALSE,FALSE,FALSE,FALSE,FALSE,FALSE,FALSE,FALSE,FALSE,FALSE,FALSE,FALSE,FALSE,2,0
simple-accounting,FALSE,FALSE,FALSE,,FALSE,,None,Travis CI,,FALSE,FALSE,FALSE,FALSE,FALSE,FALSE,FALSE,FALSE,FALSE,FALSE,FALSE,FALSE,FALSE,FALSE,FALSE,FALSE,FALSE,1,0
simple-calculator,TRUE,FALSE,FALSE,,FALSE,,None,Travis CI,,FALSE,FALSE,FALSE,FALSE,FALSE,FALSE,FALSE,FALSE,FALSE,FALSE,FALSE,FALSE,FALSE,FALSE,FALSE,FALSE,FALSE,1,0
simple-counter,FALSE,FALSE,FALSE,,FALSE,,None,"GitHub Actions, Travis CI",,FALSE,FALSE,FALSE,FALSE,FALSE,FALSE,FALSE,FALSE,FALSE,FALSE,FALSE,FALSE,FALSE,FALSE,FALSE,FALSE,FALSE,2,0
simple-dilbert,FALSE,FALSE,FALSE,,FALSE,,None,Travis CI,,FALSE,FALSE,FALSE,FALSE,FALSE,FALSE,FALSE,FALSE,FALSE,FALSE,FALSE,FALSE,FALSE,FALSE,FALSE,FALSE,FALSE,1,0
simple-dimple-draw,TRUE,FALSE,FALSE,,FALSE,,None,GitHub Actions,,FALSE,FALSE,FALSE,FALSE,FALSE,FALSE,FALSE,FALSE,FALSE,FALSE,FALSE,FALSE,FALSE,FALSE,FALSE,FALSE,FALSE,1,0
simple-login-android,TRUE,FALSE,FALSE,,FALSE,,None,GitHub Actions,,FALSE,FALSE,FALSE,FALSE,FALSE,FALSE,FALSE,FALSE,FALSE,FALSE,FALSE,FALSE,FALSE,FALSE,FALSE,FALSE,FALSE,2,0
simple-note-application,TRUE,FALSE,FALSE,,FALSE,,None,GitHub Actions,,FALSE,FALSE,FALSE,FALSE,FALSE,FALSE,FALSE,FALSE,FALSE,FALSE,FALSE,FALSE,FALSE,FALSE,FALSE,FALSE,FALSE,1,0
simple-notes,TRUE,FALSE,FALSE,,FALSE,,None,GitHub Actions,,FALSE,FALSE,FALSE,FALSE,FALSE,FALSE,FALSE,FALSE,FALSE,FALSE,FALSE,FALSE,FALSE,FALSE,FALSE,FALSE,FALSE,1,0
simple-paint,TRUE,FALSE,FALSE,,FALSE,,None,GitHub Actions,,FALSE,FALSE,FALSE,FALSE,FALSE,FALSE,FALSE,FALSE,FALSE,FALSE,FALSE,FALSE,FALSE,FALSE,FALSE,FALSE,FALSE,2,0
simple_app_blocker,TRUE,FALSE,FALSE,,FALSE,,None,GitHub Actions,,FALSE,FALSE,FALSE,FALSE,FALSE,FALSE,FALSE,FALSE,FALSE,FALSE,FALSE,FALSE,FALSE,FALSE,FALSE,FALSE,FALSE,1,0
simple_document_scanner_android,TRUE,FALSE,FALSE,,FALSE,,None,GitHub Actions,,FALSE,FALSE,FALSE,FALSE,FALSE,FALSE,FALSE,FALSE,FALSE,FALSE,FALSE,FALSE,FALSE,FALSE,FALSE,FALSE,FALSE,1,0
simpleaccounting,FALSE,FALSE,FALSE,,FALSE,,None,Travis CI,,FALSE,FALSE,FALSE,FALSE,FALSE,FALSE,FALSE,FALSE,FALSE,FALSE,FALSE,FALSE,FALSE,FALSE,FALSE,FALSE,FALSE,1,0
simpleandroidmvvm,TRUE,FALSE,FALSE,,FALSE,,None,GitHub Actions,,FALSE,FALSE,FALSE,FALSE,FALSE,FALSE,FALSE,FALSE,FALSE,FALSE,FALSE,FALSE,FALSE,FALSE,FALSE,FALSE,FALSE,2,0
simplebible,TRUE,FALSE,FALSE,,FALSE,,None,GitHub Actions,,FALSE,FALSE,FALSE,FALSE,FALSE,FALSE,FALSE,FALSE,FALSE,FALSE,FALSE,FALSE,FALSE,FALSE,FALSE,FALSE,FALSE,1,0
simplemarkdown,TRUE,FALSE,FALSE,,FALSE,,None,"GitHub Actions, GitLab CI",,FALSE,FALSE,FALSE,FALSE,FALSE,FALSE,FALSE,FALSE,FALSE,FALSE,FALSE,FALSE,FALSE,FALSE,FALSE,FALSE,FALSE,2,0
simplenews,FALSE,FALSE,FALSE,,FALSE,,None,Travis CI,,FALSE,FALSE,FALSE,FALSE,FALSE,FALSE,FALSE,FALSE,FALSE,FALSE,FALSE,FALSE,FALSE,FALSE,FALSE,FALSE,FALSE,1,0
simpletask-android,TRUE,FALSE,FALSE,,FALSE,,None,"CircleCI, GitHub Actions",,FALSE,FALSE,FALSE,FALSE,FALSE,FALSE,FALSE,FALSE,FALSE,FALSE,FALSE,FALSE,FALSE,FALSE,FALSE,FALSE,FALSE,2,0
simpletweet,FALSE,FALSE,FALSE,,FALSE,,None,Travis CI,,FALSE,FALSE,FALSE,FALSE,FALSE,FALSE,FALSE,FALSE,FALSE,FALSE,FALSE,FALSE,FALSE,FALSE,FALSE,FALSE,FALSE,1,0
simplex-chat,TRUE,FALSE,FALSE,,FALSE,,None,GitHub Actions,,FALSE,FALSE,FALSE,FALSE,FALSE,FALSE,FALSE,FALSE,FALSE,FALSE,FALSE,FALSE,FALSE,FALSE,FALSE,FALSE,FALSE,3,0
simplytranslate_mobile,TRUE,FALSE,FALSE,,FALSE,,None,GitHub Actions,,FALSE,FALSE,FALSE,FALSE,FALSE,FALSE,FALSE,FALSE,FALSE,FALSE,FALSE,FALSE,FALSE,FALSE,FALSE,FALSE,FALSE,1,0
simtong-android,TRUE,FALSE,FALSE,,FALSE,,None,GitHub Actions,,FALSE,FALSE,FALSE,FALSE,FALSE,FALSE,FALSE,FALSE,FALSE,FALSE,FALSE,FALSE,FALSE,FALSE,FALSE,FALSE,FALSE,1,0
singlefilescalablelasagnaapplication,TRUE,FALSE,FALSE,,FALSE,,None,GitHub Actions,,FALSE,FALSE,FALSE,FALSE,FALSE,FALSE,FALSE,FALSE,FALSE,FALSE,FALSE,FALSE,FALSE,FALSE,FALSE,FALSE,FALSE,1,0
sk-collab,TRUE,FALSE,FALSE,,FALSE,,None,GitHub Actions,,FALSE,FALSE,FALSE,FALSE,FALSE,FALSE,FALSE,FALSE,FALSE,FALSE,FALSE,FALSE,FALSE,FALSE,FALSE,FALSE,FALSE,1,0
skytube,TRUE,FALSE,FALSE,,FALSE,,None,"GitHub Actions, Travis CI",,FALSE,FALSE,FALSE,FALSE,FALSE,FALSE,FALSE,FALSE,FALSE,FALSE,FALSE,FALSE,FALSE,FALSE,FALSE,FALSE,FALSE,2,0
skytubelegacy,TRUE,FALSE,FALSE,,FALSE,,None,"GitHub Actions, Travis CI",,FALSE,FALSE,FALSE,FALSE,FALSE,FALSE,FALSE,FALSE,FALSE,FALSE,FALSE,FALSE,FALSE,FALSE,FALSE,FALSE,FALSE,2,0
skywayclient,TRUE,FALSE,FALSE,,FALSE,,None,GitHub Actions,,FALSE,FALSE,FALSE,FALSE,FALSE,FALSE,FALSE,FALSE,FALSE,FALSE,FALSE,FALSE,FALSE,FALSE,FALSE,FALSE,FALSE,1,0
sleep-cycle-alarm,TRUE,TRUE,FALSE,,TRUE,Travis CI_emulator_manual,Manual_ThirdParty,Travis CI,Travis CI,FALSE,FALSE,FALSE,FALSE,FALSE,FALSE,FALSE,FALSE,FALSE,FALSE,FALSE,FALSE,FALSE,FALSE,FALSE,FALSE,FALSE,1,0
slideanddraglistview,FALSE,FALSE,FALSE,,FALSE,,None,Travis CI,,FALSE,FALSE,FALSE,FALSE,FALSE,FALSE,FALSE,FALSE,FALSE,FALSE,FALSE,FALSE,FALSE,FALSE,FALSE,FALSE,FALSE,1,0
slider,FALSE,FALSE,FALSE,,FALSE,,None,Travis CI,,FALSE,FALSE,FALSE,FALSE,FALSE,FALSE,FALSE,FALSE,FALSE,FALSE,FALSE,FALSE,FALSE,FALSE,FALSE,FALSE,FALSE,1,0
sliding-puzzle,TRUE,FALSE,FALSE,,FALSE,,None,GitHub Actions,,FALSE,FALSE,FALSE,FALSE,FALSE,FALSE,FALSE,FALSE,FALSE,FALSE,FALSE,FALSE,FALSE,FALSE,FALSE,FALSE,FALSE,2,0
slim-launcher,TRUE,FALSE,FALSE,,FALSE,,None,CircleCI,,FALSE,FALSE,FALSE,FALSE,FALSE,FALSE,FALSE,FALSE,FALSE,FALSE,FALSE,FALSE,FALSE,FALSE,FALSE,FALSE,FALSE,1,0
slipview,FALSE,FALSE,FALSE,,FALSE,,None,Travis CI,,FALSE,FALSE,FALSE,FALSE,FALSE,FALSE,FALSE,FALSE,FALSE,FALSE,FALSE,FALSE,FALSE,FALSE,FALSE,FALSE,FALSE,1,0
small-talk,TRUE,FALSE,FALSE,,FALSE,,None,GitHub Actions,,FALSE,FALSE,FALSE,FALSE,FALSE,FALSE,FALSE,FALSE,FALSE,FALSE,FALSE,FALSE,FALSE,FALSE,FALSE,FALSE,FALSE,6,0
smart-autoclicker,TRUE,FALSE,FALSE,,FALSE,,None,GitHub Actions,,FALSE,FALSE,FALSE,FALSE,FALSE,FALSE,FALSE,FALSE,FALSE,FALSE,FALSE,FALSE,FALSE,FALSE,FALSE,FALSE,FALSE,4,0
smartcookieweb,TRUE,FALSE,FALSE,,FALSE,,None,GitHub Actions,,FALSE,FALSE,FALSE,FALSE,FALSE,FALSE,FALSE,FALSE,FALSE,FALSE,FALSE,FALSE,FALSE,FALSE,FALSE,FALSE,FALSE,1,0
smartdock,TRUE,FALSE,FALSE,,FALSE,,None,GitHub Actions,,FALSE,FALSE,FALSE,FALSE,FALSE,FALSE,FALSE,FALSE,FALSE,FALSE,FALSE,FALSE,FALSE,FALSE,FALSE,FALSE,FALSE,3,0
smartexoplayer,TRUE,FALSE,FALSE,,FALSE,,None,GitHub Actions,,FALSE,FALSE,FALSE,FALSE,FALSE,FALSE,FALSE,FALSE,FALSE,FALSE,FALSE,FALSE,FALSE,FALSE,FALSE,FALSE,FALSE,1,0
smartmediapicker,FALSE,FALSE,FALSE,,FALSE,,None,Travis CI,,FALSE,FALSE,FALSE,FALSE,FALSE,FALSE,FALSE,FALSE,FALSE,FALSE,FALSE,FALSE,FALSE,FALSE,FALSE,FALSE,FALSE,1,0
smartproxy,FALSE,FALSE,FALSE,,FALSE,,None,Travis CI,,FALSE,FALSE,FALSE,FALSE,FALSE,FALSE,FALSE,FALSE,FALSE,FALSE,FALSE,FALSE,FALSE,FALSE,FALSE,FALSE,FALSE,1,0
smilodon,TRUE,TRUE,TRUE,GitHub_emulator_full,FALSE,,GitHub_Hosted,GitHub Actions,GitHub Actions,FALSE,FALSE,FALSE,FALSE,FALSE,FALSE,FALSE,FALSE,FALSE,FALSE,TRUE,FALSE,FALSE,FALSE,FALSE,FALSE,1,1,0
smooth-app,TRUE,FALSE,FALSE,,FALSE,,None,GitHub Actions,,FALSE,FALSE,FALSE,FALSE,FALSE,FALSE,FALSE,FALSE,FALSE,FALSE,FALSE,FALSE,FALSE,FALSE,FALSE,FALSE,FALSE,18,0
sms-backup-plus,FALSE,FALSE,FALSE,,FALSE,,None,Travis CI,,FALSE,FALSE,FALSE,FALSE,FALSE,FALSE,FALSE,FALSE,FALSE,FALSE,FALSE,FALSE,FALSE,FALSE,FALSE,FALSE,FALSE,1,0
sms-group-sender,TRUE,FALSE,FALSE,,FALSE,,None,CircleCI,,FALSE,FALSE,FALSE,FALSE,FALSE,FALSE,FALSE,FALSE,FALSE,FALSE,FALSE,FALSE,FALSE,FALSE,FALSE,FALSE,FALSE,1,0
sms_my_gps,TRUE,FALSE,FALSE,,FALSE,,None,GitHub Actions,,FALSE,FALSE,FALSE,FALSE,FALSE,FALSE,FALSE,FALSE,FALSE,FALSE,FALSE,FALSE,FALSE,FALSE,FALSE,FALSE,FALSE,1,0
smsforwarder,TRUE,FALSE,FALSE,,FALSE,,None,GitHub Actions,,FALSE,FALSE,FALSE,FALSE,FALSE,FALSE,FALSE,FALSE,FALSE,FALSE,FALSE,FALSE,FALSE,FALSE,FALSE,FALSE,FALSE,2,0
sn4ke,TRUE,FALSE,FALSE,,FALSE,,None,GitHub Actions,,FALSE,FALSE,FALSE,FALSE,FALSE,FALSE,FALSE,FALSE,FALSE,FALSE,FALSE,FALSE,FALSE,FALSE,FALSE,FALSE,FALSE,2,0
snapdroid,FALSE,FALSE,FALSE,,FALSE,,None,GitHub Actions,,FALSE,FALSE,FALSE,FALSE,FALSE,FALSE,FALSE,FALSE,FALSE,FALSE,FALSE,FALSE,FALSE,FALSE,FALSE,FALSE,FALSE,1,0
snapdrop-android,TRUE,FALSE,FALSE,,FALSE,,None,GitHub Actions,,FALSE,FALSE,FALSE,FALSE,FALSE,FALSE,FALSE,FALSE,FALSE,FALSE,FALSE,FALSE,FALSE,FALSE,FALSE,FALSE,FALSE,2,0
snapstreak-alarm,TRUE,FALSE,FALSE,,FALSE,,None,GitHub Actions,,FALSE,FALSE,FALSE,FALSE,FALSE,FALSE,FALSE,FALSE,FALSE,FALSE,FALSE,FALSE,FALSE,FALSE,FALSE,FALSE,FALSE,1,0
snaptimepicker,TRUE,FALSE,FALSE,,FALSE,,None,GitHub Actions,,FALSE,FALSE,FALSE,FALSE,FALSE,FALSE,FALSE,FALSE,FALSE,FALSE,FALSE,FALSE,FALSE,FALSE,FALSE,FALSE,FALSE,1,0
snikket-android,TRUE,FALSE,FALSE,,FALSE,,None,GitHub Actions,,FALSE,FALSE,FALSE,FALSE,FALSE,FALSE,FALSE,FALSE,FALSE,FALSE,FALSE,FALSE,FALSE,FALSE,FALSE,FALSE,FALSE,1,0
snmp-cockpit,TRUE,TRUE,FALSE,,TRUE,GitLab CI_emulator_manual,Manual_ThirdParty,GitLab CI,GitLab CI,FALSE,FALSE,FALSE,FALSE,FALSE,FALSE,FALSE,FALSE,FALSE,FALSE,FALSE,FALSE,FALSE,FALSE,FALSE,FALSE,FALSE,1,0
snoredetector,TRUE,FALSE,FALSE,,FALSE,,None,Travis CI,,FALSE,FALSE,FALSE,FALSE,FALSE,FALSE,FALSE,FALSE,FALSE,FALSE,FALSE,FALSE,FALSE,FALSE,FALSE,FALSE,FALSE,1,0
snotz,TRUE,FALSE,FALSE,,FALSE,,None,GitHub Actions,,FALSE,FALSE,FALSE,FALSE,FALSE,FALSE,FALSE,FALSE,FALSE,FALSE,FALSE,FALSE,FALSE,FALSE,FALSE,FALSE,FALSE,1,0
snow,TRUE,FALSE,FALSE,,FALSE,,None,GitHub Actions,,FALSE,FALSE,FALSE,FALSE,FALSE,FALSE,FALSE,FALSE,FALSE,FALSE,FALSE,FALSE,FALSE,FALSE,FALSE,FALSE,FALSE,1,0
snu_class_2021_art,TRUE,FALSE,FALSE,,FALSE,,None,GitHub Actions,,FALSE,FALSE,FALSE,FALSE,FALSE,FALSE,FALSE,FALSE,FALSE,FALSE,FALSE,FALSE,FALSE,FALSE,FALSE,FALSE,FALSE,1,0
sobriety,TRUE,FALSE,FALSE,,FALSE,,None,GitHub Actions,,FALSE,FALSE,FALSE,FALSE,FALSE,FALSE,FALSE,FALSE,FALSE,FALSE,FALSE,FALSE,FALSE,FALSE,FALSE,FALSE,FALSE,1,0
social-app,TRUE,FALSE,FALSE,,FALSE,,None,GitHub Actions,,FALSE,FALSE,FALSE,FALSE,FALSE,FALSE,FALSE,FALSE,FALSE,FALSE,FALSE,FALSE,FALSE,FALSE,FALSE,FALSE,FALSE,1,0
socialgist,TRUE,FALSE,FALSE,,FALSE,,None,GitHub Actions,,FALSE,FALSE,FALSE,FALSE,FALSE,FALSE,FALSE,FALSE,FALSE,FALSE,FALSE,FALSE,FALSE,FALSE,FALSE,FALSE,FALSE,1,0
sociofy,TRUE,FALSE,FALSE,,FALSE,,None,GitHub Actions,,FALSE,FALSE,FALSE,FALSE,FALSE,FALSE,FALSE,FALSE,FALSE,FALSE,FALSE,FALSE,FALSE,FALSE,FALSE,FALSE,FALSE,2,0
socketweather,TRUE,FALSE,FALSE,,FALSE,,None,GitHub Actions,,FALSE,FALSE,FALSE,FALSE,FALSE,FALSE,FALSE,FALSE,FALSE,FALSE,FALSE,FALSE,FALSE,FALSE,FALSE,FALSE,FALSE,3,0
softcodec,TRUE,FALSE,FALSE,,FALSE,,None,GitHub Actions,,FALSE,FALSE,FALSE,FALSE,FALSE,FALSE,FALSE,FALSE,FALSE,FALSE,FALSE,FALSE,FALSE,FALSE,FALSE,FALSE,FALSE,1,0
sohappy,TRUE,FALSE,FALSE,,FALSE,,None,GitHub Actions,,FALSE,FALSE,FALSE,FALSE,FALSE,FALSE,FALSE,FALSE,FALSE,FALSE,FALSE,FALSE,FALSE,FALSE,FALSE,FALSE,FALSE,2,0
sojodia-android,TRUE,FALSE,FALSE,,FALSE,,None,GitHub Actions,,FALSE,FALSE,FALSE,FALSE,FALSE,FALSE,FALSE,FALSE,FALSE,FALSE,FALSE,FALSE,FALSE,FALSE,FALSE,FALSE,FALSE,2,0
sona-flutter,TRUE,FALSE,FALSE,,FALSE,,None,GitHub Actions,,FALSE,FALSE,FALSE,FALSE,FALSE,FALSE,FALSE,FALSE,FALSE,FALSE,FALSE,FALSE,FALSE,FALSE,FALSE,FALSE,FALSE,1,0
songs,TRUE,FALSE,FALSE,,FALSE,,None,GitHub Actions,,FALSE,FALSE,FALSE,FALSE,FALSE,FALSE,FALSE,FALSE,FALSE,FALSE,FALSE,FALSE,FALSE,FALSE,FALSE,FALSE,FALSE,4,0
sonicear,TRUE,FALSE,FALSE,,FALSE,,None,GitHub Actions,,FALSE,FALSE,FALSE,FALSE,FALSE,FALSE,FALSE,FALSE,FALSE,FALSE,FALSE,FALSE,FALSE,FALSE,FALSE,FALSE,FALSE,1,0
sonofy,TRUE,FALSE,FALSE,,FALSE,,None,"GitHub Actions, Travis CI",,FALSE,FALSE,FALSE,FALSE,FALSE,FALSE,FALSE,FALSE,FALSE,FALSE,FALSE,FALSE,FALSE,FALSE,FALSE,FALSE,FALSE,2,0
sosaku,TRUE,FALSE,FALSE,,FALSE,,None,GitHub Actions,,FALSE,FALSE,FALSE,FALSE,FALSE,FALSE,FALSE,FALSE,FALSE,FALSE,FALSE,FALSE,FALSE,FALSE,FALSE,FALSE,FALSE,2,0
sotired,TRUE,FALSE,FALSE,,FALSE,,None,GitHub Actions,,FALSE,FALSE,FALSE,FALSE,FALSE,FALSE,FALSE,FALSE,FALSE,FALSE,FALSE,FALSE,FALSE,FALSE,FALSE,FALSE,FALSE,1,0
soundboard,FALSE,FALSE,FALSE,,FALSE,,None,Travis CI,,FALSE,FALSE,FALSE,FALSE,FALSE,FALSE,FALSE,FALSE,FALSE,FALSE,FALSE,FALSE,FALSE,FALSE,FALSE,FALSE,FALSE,1,0
soundcloud_audio_player,TRUE,FALSE,FALSE,,FALSE,,None,GitHub Actions,,FALSE,FALSE,FALSE,FALSE,FALSE,FALSE,FALSE,FALSE,FALSE,FALSE,FALSE,FALSE,FALSE,FALSE,FALSE,FALSE,FALSE,1,0
soundcrowd,TRUE,FALSE,FALSE,,FALSE,,None,"GitHub Actions, Travis CI",,FALSE,FALSE,FALSE,FALSE,FALSE,FALSE,FALSE,FALSE,FALSE,FALSE,FALSE,FALSE,FALSE,FALSE,FALSE,FALSE,FALSE,2,0
soundprofile,FALSE,FALSE,FALSE,,FALSE,,None,Travis CI,,FALSE,FALSE,FALSE,FALSE,FALSE,FALSE,FALSE,FALSE,FALSE,FALSE,FALSE,FALSE,FALSE,FALSE,FALSE,FALSE,FALSE,1,0
souvenirs-android,TRUE,FALSE,FALSE,,FALSE,,None,GitHub Actions,,FALSE,FALSE,FALSE,FALSE,FALSE,FALSE,FALSE,FALSE,FALSE,FALSE,FALSE,FALSE,FALSE,FALSE,FALSE,FALSE,FALSE,1,0
sozlik-android,TRUE,FALSE,FALSE,,FALSE,,None,Travis CI,,FALSE,FALSE,FALSE,FALSE,FALSE,FALSE,FALSE,FALSE,FALSE,FALSE,FALSE,FALSE,FALSE,FALSE,FALSE,FALSE,FALSE,1,0
space-trashman-blues,TRUE,FALSE,FALSE,,FALSE,,None,GitHub Actions,,FALSE,FALSE,FALSE,FALSE,FALSE,FALSE,FALSE,FALSE,FALSE,FALSE,FALSE,FALSE,FALSE,FALSE,FALSE,FALSE,FALSE,3,0
spacelaunchnow-android,TRUE,FALSE,FALSE,,FALSE,,None,GitHub Actions,,FALSE,FALSE,FALSE,FALSE,FALSE,FALSE,FALSE,FALSE,FALSE,FALSE,FALSE,FALSE,FALSE,FALSE,FALSE,FALSE,FALSE,3,0
spaceship,TRUE,FALSE,FALSE,,FALSE,,None,GitHub Actions,,FALSE,FALSE,FALSE,FALSE,FALSE,FALSE,FALSE,FALSE,FALSE,FALSE,FALSE,FALSE,FALSE,FALSE,FALSE,FALSE,FALSE,2,0
spaceteam-timer,TRUE,FALSE,FALSE,,FALSE,,None,Travis CI,,FALSE,FALSE,FALSE,FALSE,FALSE,FALSE,FALSE,FALSE,FALSE,FALSE,FALSE,FALSE,FALSE,FALSE,FALSE,FALSE,FALSE,1,0
spacex-launch-tracker,TRUE,FALSE,FALSE,,FALSE,,None,Travis CI,,FALSE,FALSE,FALSE,FALSE,FALSE,FALSE,FALSE,FALSE,FALSE,FALSE,FALSE,FALSE,FALSE,FALSE,FALSE,FALSE,FALSE,1,0
spacexfollower,TRUE,FALSE,FALSE,,FALSE,,None,GitHub Actions,,FALSE,FALSE,FALSE,FALSE,FALSE,FALSE,FALSE,FALSE,FALSE,FALSE,FALSE,FALSE,FALSE,FALSE,FALSE,FALSE,FALSE,2,0
spanly,FALSE,FALSE,FALSE,,FALSE,,None,Travis CI,,FALSE,FALSE,FALSE,FALSE,FALSE,FALSE,FALSE,FALSE,FALSE,FALSE,FALSE,FALSE,FALSE,FALSE,FALSE,FALSE,FALSE,1,0
spannablex,TRUE,FALSE,FALSE,,FALSE,,None,GitHub Actions,,FALSE,FALSE,FALSE,FALSE,FALSE,FALSE,FALSE,FALSE,FALSE,FALSE,FALSE,FALSE,FALSE,FALSE,FALSE,FALSE,FALSE,2,0
sparta,TRUE,FALSE,FALSE,,FALSE,,None,GitHub Actions,,FALSE,FALSE,FALSE,FALSE,FALSE,FALSE,FALSE,FALSE,FALSE,FALSE,FALSE,FALSE,FALSE,FALSE,FALSE,FALSE,FALSE,5,0
spasic-app,TRUE,FALSE,FALSE,,FALSE,,None,GitHub Actions,,FALSE,FALSE,FALSE,FALSE,FALSE,FALSE,FALSE,FALSE,FALSE,FALSE,FALSE,FALSE,FALSE,FALSE,FALSE,FALSE,FALSE,1,0
speedrun-browser-android,TRUE,FALSE,FALSE,,FALSE,,None,"GitHub Actions, GitLab CI",,FALSE,FALSE,FALSE,FALSE,FALSE,FALSE,FALSE,FALSE,FALSE,FALSE,FALSE,FALSE,FALSE,FALSE,FALSE,FALSE,FALSE,2,0
speld,TRUE,FALSE,FALSE,,FALSE,,None,GitHub Actions,,FALSE,FALSE,FALSE,FALSE,FALSE,FALSE,FALSE,FALSE,FALSE,FALSE,FALSE,FALSE,FALSE,FALSE,FALSE,FALSE,FALSE,1,0
spending_tracker,TRUE,FALSE,FALSE,,FALSE,,None,GitHub Actions,,FALSE,FALSE,FALSE,FALSE,FALSE,FALSE,FALSE,FALSE,FALSE,FALSE,FALSE,FALSE,FALSE,FALSE,FALSE,FALSE,FALSE,1,0
sph-planner,TRUE,FALSE,FALSE,,FALSE,,None,GitHub Actions,,FALSE,FALSE,FALSE,FALSE,FALSE,FALSE,FALSE,FALSE,FALSE,FALSE,FALSE,FALSE,FALSE,FALSE,FALSE,FALSE,FALSE,2,0
spi,FALSE,FALSE,FALSE,,FALSE,,None,Travis CI,,FALSE,FALSE,FALSE,FALSE,FALSE,FALSE,FALSE,FALSE,FALSE,FALSE,FALSE,FALSE,FALSE,FALSE,FALSE,FALSE,FALSE,1,0
splum,TRUE,FALSE,FALSE,,FALSE,,None,GitHub Actions,,FALSE,FALSE,FALSE,FALSE,FALSE,FALSE,FALSE,FALSE,FALSE,FALSE,FALSE,FALSE,FALSE,FALSE,FALSE,FALSE,FALSE,2,0
spoilerblocker,TRUE,FALSE,FALSE,,FALSE,,None,GitHub Actions,,FALSE,FALSE,FALSE,FALSE,FALSE,FALSE,FALSE,FALSE,FALSE,FALSE,FALSE,FALSE,FALSE,FALSE,FALSE,FALSE,FALSE,1,0
spot,TRUE,FALSE,FALSE,,FALSE,,None,"CircleCI, GitHub Actions",,FALSE,FALSE,FALSE,FALSE,FALSE,FALSE,FALSE,FALSE,FALSE,FALSE,FALSE,FALSE,FALSE,FALSE,FALSE,FALSE,FALSE,4,0
spotifykt,TRUE,FALSE,FALSE,,FALSE,,None,GitHub Actions,,FALSE,FALSE,FALSE,FALSE,FALSE,FALSE,FALSE,FALSE,FALSE,FALSE,FALSE,FALSE,FALSE,FALSE,FALSE,FALSE,FALSE,2,0
spwaitkiller,TRUE,FALSE,FALSE,,FALSE,,None,GitHub Actions,,FALSE,FALSE,FALSE,FALSE,FALSE,FALSE,FALSE,FALSE,FALSE,FALSE,FALSE,FALSE,FALSE,FALSE,FALSE,FALSE,FALSE,2,0
squircle-ce,TRUE,FALSE,FALSE,,FALSE,,None,GitHub Actions,,FALSE,FALSE,FALSE,FALSE,FALSE,FALSE,FALSE,FALSE,FALSE,FALSE,FALSE,FALSE,FALSE,FALSE,FALSE,FALSE,FALSE,1,0
src,TRUE,FALSE,FALSE,,FALSE,,None,GitHub Actions,,FALSE,FALSE,FALSE,FALSE,FALSE,FALSE,FALSE,FALSE,FALSE,FALSE,FALSE,FALSE,FALSE,FALSE,FALSE,FALSE,FALSE,2,0
srml,TRUE,FALSE,FALSE,,FALSE,,None,Travis CI,,FALSE,FALSE,FALSE,FALSE,FALSE,FALSE,FALSE,FALSE,FALSE,FALSE,FALSE,FALSE,FALSE,FALSE,FALSE,FALSE,FALSE,1,0
ssh-daemon,TRUE,FALSE,FALSE,,FALSE,,None,GitHub Actions,,FALSE,FALSE,FALSE,FALSE,FALSE,FALSE,FALSE,FALSE,FALSE,FALSE,FALSE,FALSE,FALSE,FALSE,FALSE,FALSE,FALSE,1,0
sslsocks,FALSE,FALSE,FALSE,,FALSE,,None,Travis CI,,FALSE,FALSE,FALSE,FALSE,FALSE,FALSE,FALSE,FALSE,FALSE,FALSE,FALSE,FALSE,FALSE,FALSE,FALSE,FALSE,FALSE,1,0
sstreu2017,TRUE,FALSE,FALSE,,FALSE,,None,Travis CI,,FALSE,FALSE,FALSE,FALSE,FALSE,FALSE,FALSE,FALSE,FALSE,FALSE,FALSE,FALSE,FALSE,FALSE,FALSE,FALSE,FALSE,1,0
ssvmandroid,TRUE,FALSE,FALSE,,FALSE,,None,GitHub Actions,,FALSE,FALSE,FALSE,FALSE,FALSE,FALSE,FALSE,FALSE,FALSE,FALSE,FALSE,FALSE,FALSE,FALSE,FALSE,FALSE,FALSE,1,0
stable-diffusion-android,TRUE,FALSE,FALSE,,FALSE,,None,GitHub Actions,,FALSE,FALSE,FALSE,FALSE,FALSE,FALSE,FALSE,FALSE,FALSE,FALSE,FALSE,FALSE,FALSE,FALSE,FALSE,FALSE,FALSE,1,0
stack,TRUE,FALSE,FALSE,,FALSE,,None,GitHub Actions,,FALSE,FALSE,FALSE,FALSE,FALSE,FALSE,FALSE,FALSE,FALSE,FALSE,FALSE,FALSE,FALSE,FALSE,FALSE,FALSE,FALSE,2,0
stack_wallet,TRUE,FALSE,FALSE,,FALSE,,None,GitHub Actions,,FALSE,FALSE,FALSE,FALSE,FALSE,FALSE,FALSE,FALSE,FALSE,FALSE,FALSE,FALSE,FALSE,FALSE,FALSE,FALSE,FALSE,1,0
stanley,FALSE,FALSE,FALSE,,FALSE,,None,CircleCI,,FALSE,FALSE,FALSE,FALSE,FALSE,FALSE,FALSE,FALSE,FALSE,FALSE,FALSE,FALSE,FALSE,FALSE,FALSE,FALSE,FALSE,1,0
stardroid,TRUE,TRUE,TRUE,GitHub_emulator_full,FALSE,,"GitHub_Hosted, None","GitHub Actions, Travis CI",GitHub Actions,FALSE,FALSE,FALSE,FALSE,FALSE,FALSE,FALSE,FALSE,FALSE,FALSE,TRUE,FALSE,FALSE,FALSE,FALSE,FALSE,1,3,0
starkeverben,FALSE,FALSE,FALSE,,FALSE,,None,Travis CI,,FALSE,FALSE,FALSE,FALSE,FALSE,FALSE,FALSE,FALSE,FALSE,FALSE,FALSE,FALSE,FALSE,FALSE,FALSE,FALSE,FALSE,1,0
starlord,TRUE,FALSE,FALSE,,FALSE,,None,Travis CI,,FALSE,FALSE,FALSE,FALSE,FALSE,FALSE,FALSE,FALSE,FALSE,FALSE,FALSE,FALSE,FALSE,FALSE,FALSE,FALSE,FALSE,1,0
start-guide,TRUE,FALSE,FALSE,,FALSE,,None,GitHub Actions,,FALSE,FALSE,FALSE,FALSE,FALSE,FALSE,FALSE,FALSE,FALSE,FALSE,FALSE,FALSE,FALSE,FALSE,FALSE,FALSE,FALSE,1,0
statex,TRUE,FALSE,FALSE,,FALSE,,None,GitHub Actions,,FALSE,FALSE,FALSE,FALSE,FALSE,FALSE,FALSE,FALSE,FALSE,FALSE,FALSE,FALSE,FALSE,FALSE,FALSE,FALSE,FALSE,1,0
stato_covid19_italia_android,TRUE,FALSE,FALSE,,FALSE,,None,GitHub Actions,,FALSE,FALSE,FALSE,FALSE,FALSE,FALSE,FALSE,FALSE,FALSE,FALSE,FALSE,FALSE,FALSE,FALSE,FALSE,FALSE,FALSE,2,0
status,FALSE,FALSE,FALSE,,FALSE,,None,Travis CI,,FALSE,FALSE,FALSE,FALSE,FALSE,FALSE,FALSE,FALSE,FALSE,FALSE,FALSE,FALSE,FALSE,FALSE,FALSE,FALSE,FALSE,1,0
statusbar,TRUE,FALSE,FALSE,,FALSE,,None,GitHub Actions,,FALSE,FALSE,FALSE,FALSE,FALSE,FALSE,FALSE,FALSE,FALSE,FALSE,FALSE,FALSE,FALSE,FALSE,FALSE,FALSE,FALSE,1,0
stax,TRUE,TRUE,TRUE,GitHub_GMD,FALSE,,"GitHub_Hosted, None",GitHub Actions,GitHub Actions,FALSE,FALSE,FALSE,FALSE,FALSE,FALSE,FALSE,FALSE,FALSE,FALSE,FALSE,FALSE,FALSE,FALSE,FALSE,FALSE,FALSE,4,0
staysafe,TRUE,FALSE,FALSE,,FALSE,,None,GitHub Actions,,FALSE,FALSE,FALSE,FALSE,FALSE,FALSE,FALSE,FALSE,FALSE,FALSE,FALSE,FALSE,FALSE,FALSE,FALSE,FALSE,FALSE,1,0
steamr,TRUE,FALSE,FALSE,,FALSE,,None,GitHub Actions,,FALSE,FALSE,FALSE,FALSE,FALSE,FALSE,FALSE,FALSE,FALSE,FALSE,FALSE,FALSE,FALSE,FALSE,FALSE,FALSE,FALSE,1,0
steedos-notification-center,FALSE,FALSE,FALSE,,FALSE,,None,Travis CI,,FALSE,FALSE,FALSE,FALSE,FALSE,FALSE,FALSE,FALSE,FALSE,FALSE,FALSE,FALSE,FALSE,FALSE,FALSE,FALSE,FALSE,1,0
stepper-touch,TRUE,FALSE,FALSE,,FALSE,,None,CircleCI,,FALSE,FALSE,FALSE,FALSE,FALSE,FALSE,FALSE,FALSE,FALSE,FALSE,FALSE,FALSE,FALSE,FALSE,FALSE,FALSE,FALSE,1,0
stk-code,TRUE,FALSE,FALSE,,FALSE,,None,GitHub Actions,,FALSE,FALSE,FALSE,FALSE,FALSE,FALSE,FALSE,FALSE,FALSE,FALSE,FALSE,FALSE,FALSE,FALSE,FALSE,FALSE,FALSE,4,0
stock-browser,TRUE,FALSE,FALSE,,FALSE,,None,GitHub Actions,,FALSE,FALSE,FALSE,FALSE,FALSE,FALSE,FALSE,FALSE,FALSE,FALSE,FALSE,FALSE,FALSE,FALSE,FALSE,FALSE,FALSE,1,0
stockcontrol,FALSE,FALSE,FALSE,,FALSE,,None,Travis CI,,FALSE,FALSE,FALSE,FALSE,FALSE,FALSE,FALSE,FALSE,FALSE,FALSE,FALSE,FALSE,FALSE,FALSE,FALSE,FALSE,FALSE,1,0
stopstalk-android,TRUE,FALSE,FALSE,,FALSE,,None,GitHub Actions,,FALSE,FALSE,FALSE,FALSE,FALSE,FALSE,FALSE,FALSE,FALSE,FALSE,FALSE,FALSE,FALSE,FALSE,FALSE,FALSE,FALSE,2,0
stormappmaster2020,TRUE,FALSE,FALSE,,FALSE,,None,GitHub Actions,,FALSE,FALSE,FALSE,FALSE,FALSE,FALSE,FALSE,FALSE,FALSE,FALSE,FALSE,FALSE,FALSE,FALSE,FALSE,FALSE,FALSE,1,0
stormappuser2020,TRUE,FALSE,FALSE,,FALSE,,None,GitHub Actions,,FALSE,FALSE,FALSE,FALSE,FALSE,FALSE,FALSE,FALSE,FALSE,FALSE,FALSE,FALSE,FALSE,FALSE,FALSE,FALSE,FALSE,1,0
stream-draw-android,TRUE,FALSE,FALSE,,FALSE,,None,GitHub Actions,,FALSE,FALSE,FALSE,FALSE,FALSE,FALSE,FALSE,FALSE,FALSE,FALSE,FALSE,FALSE,FALSE,FALSE,FALSE,FALSE,FALSE,1,0
streamingandroidlogger,FALSE,FALSE,FALSE,,FALSE,,None,Travis CI,,FALSE,FALSE,FALSE,FALSE,FALSE,FALSE,FALSE,FALSE,FALSE,FALSE,FALSE,FALSE,FALSE,FALSE,FALSE,FALSE,FALSE,1,0
streetguide,TRUE,FALSE,FALSE,,FALSE,,None,GitHub Actions,,FALSE,FALSE,FALSE,FALSE,FALSE,FALSE,FALSE,FALSE,FALSE,FALSE,FALSE,FALSE,FALSE,FALSE,FALSE,FALSE,FALSE,1,0
stroke-input-android,TRUE,FALSE,FALSE,,FALSE,,None,GitHub Actions,,FALSE,FALSE,FALSE,FALSE,FALSE,FALSE,FALSE,FALSE,FALSE,FALSE,FALSE,FALSE,FALSE,FALSE,FALSE,FALSE,FALSE,1,0
stud,TRUE,FALSE,FALSE,,FALSE,,None,GitHub Actions,,FALSE,FALSE,FALSE,FALSE,FALSE,FALSE,FALSE,FALSE,FALSE,FALSE,FALSE,FALSE,FALSE,FALSE,FALSE,FALSE,FALSE,1,0
student-alarm,TRUE,FALSE,FALSE,,FALSE,,None,GitHub Actions,,FALSE,FALSE,FALSE,FALSE,FALSE,FALSE,FALSE,FALSE,FALSE,FALSE,FALSE,FALSE,FALSE,FALSE,FALSE,FALSE,FALSE,1,0
student_app,TRUE,FALSE,FALSE,,FALSE,,None,GitHub Actions,,FALSE,FALSE,FALSE,FALSE,FALSE,FALSE,FALSE,FALSE,FALSE,FALSE,FALSE,FALSE,FALSE,FALSE,FALSE,FALSE,FALSE,2,0
study-buddy-app,TRUE,FALSE,FALSE,,FALSE,,None,GitHub Actions,,FALSE,FALSE,FALSE,FALSE,FALSE,FALSE,FALSE,FALSE,FALSE,FALSE,FALSE,FALSE,FALSE,FALSE,FALSE,FALSE,FALSE,4,0
stylo,TRUE,FALSE,FALSE,,FALSE,,None,GitHub Actions,,FALSE,FALSE,FALSE,FALSE,FALSE,FALSE,FALSE,FALSE,FALSE,FALSE,FALSE,FALSE,FALSE,FALSE,FALSE,FALSE,FALSE,1,0
sublite,TRUE,FALSE,FALSE,,FALSE,,None,GitHub Actions,,FALSE,FALSE,FALSE,FALSE,FALSE,FALSE,FALSE,FALSE,FALSE,FALSE,FALSE,FALSE,FALSE,FALSE,FALSE,FALSE,FALSE,3,0
subscene,TRUE,FALSE,FALSE,,FALSE,,None,GitHub Actions,,FALSE,FALSE,FALSE,FALSE,FALSE,FALSE,FALSE,FALSE,FALSE,FALSE,FALSE,FALSE,FALSE,FALSE,FALSE,FALSE,FALSE,1,0
subtlenews_android_app,FALSE,FALSE,FALSE,,FALSE,,None,Travis CI,,FALSE,FALSE,FALSE,FALSE,FALSE,FALSE,FALSE,FALSE,FALSE,FALSE,FALSE,FALSE,FALSE,FALSE,FALSE,FALSE,FALSE,1,0
subtracks,TRUE,FALSE,FALSE,,FALSE,,None,GitHub Actions,,FALSE,FALSE,FALSE,FALSE,FALSE,FALSE,FALSE,FALSE,FALSE,FALSE,FALSE,FALSE,FALSE,FALSE,FALSE,FALSE,FALSE,2,0
suddenly-wifi,TRUE,FALSE,FALSE,,FALSE,,None,CircleCI,,FALSE,FALSE,FALSE,FALSE,FALSE,FALSE,FALSE,FALSE,FALSE,FALSE,FALSE,FALSE,FALSE,FALSE,FALSE,FALSE,FALSE,1,0
sudoku,TRUE,FALSE,FALSE,,FALSE,,None,GitHub Actions,,FALSE,FALSE,FALSE,FALSE,FALSE,FALSE,FALSE,FALSE,FALSE,FALSE,FALSE,FALSE,FALSE,FALSE,FALSE,FALSE,FALSE,1,0
sunrisesunsetview,FALSE,FALSE,FALSE,,FALSE,,None,Travis CI,,FALSE,FALSE,FALSE,FALSE,FALSE,FALSE,FALSE,FALSE,FALSE,FALSE,FALSE,FALSE,FALSE,FALSE,FALSE,FALSE,FALSE,1,0
sunsetscrob,TRUE,TRUE,TRUE,GitHub_GMD,FALSE,,"GitHub_Hosted, None",GitHub Actions,GitHub Actions,FALSE,FALSE,FALSE,FALSE,FALSE,FALSE,FALSE,FALSE,FALSE,FALSE,FALSE,FALSE,FALSE,FALSE,FALSE,FALSE,FALSE,4,0
suntimescalendars,TRUE,FALSE,FALSE,,FALSE,,None,GitHub Actions,,FALSE,FALSE,FALSE,FALSE,FALSE,FALSE,FALSE,FALSE,FALSE,FALSE,FALSE,FALSE,FALSE,FALSE,FALSE,FALSE,FALSE,1,0
super-pub-android,TRUE,FALSE,FALSE,,FALSE,,None,CircleCI,,FALSE,FALSE,FALSE,FALSE,FALSE,FALSE,FALSE,FALSE,FALSE,FALSE,FALSE,FALSE,FALSE,FALSE,FALSE,FALSE,FALSE,1,0
superheroes,TRUE,FALSE,FALSE,,FALSE,,None,GitHub Actions,,FALSE,FALSE,FALSE,FALSE,FALSE,FALSE,FALSE,FALSE,FALSE,FALSE,FALSE,FALSE,FALSE,FALSE,FALSE,FALSE,FALSE,1,0
superimage,TRUE,FALSE,FALSE,,FALSE,,None,GitHub Actions,,FALSE,FALSE,FALSE,FALSE,FALSE,FALSE,FALSE,FALSE,FALSE,FALSE,FALSE,FALSE,FALSE,FALSE,FALSE,FALSE,FALSE,1,0
superquiz,TRUE,FALSE,FALSE,,FALSE,,None,GitHub Actions,,FALSE,FALSE,FALSE,FALSE,FALSE,FALSE,FALSE,FALSE,FALSE,FALSE,FALSE,FALSE,FALSE,FALSE,FALSE,FALSE,FALSE,1,0
supertttandroid,FALSE,FALSE,FALSE,,FALSE,,None,Travis CI,,FALSE,FALSE,FALSE,FALSE,FALSE,FALSE,FALSE,FALSE,FALSE,FALSE,FALSE,FALSE,FALSE,FALSE,FALSE,FALSE,FALSE,1,0
sushi,TRUE,FALSE,FALSE,,FALSE,,None,GitHub Actions,,FALSE,FALSE,FALSE,FALSE,FALSE,FALSE,FALSE,FALSE,FALSE,FALSE,FALSE,FALSE,FALSE,FALSE,FALSE,FALSE,FALSE,2,0
sustcast-android-app-v1,TRUE,FALSE,FALSE,,FALSE,,None,GitHub Actions,,FALSE,FALSE,FALSE,FALSE,FALSE,FALSE,FALSE,FALSE,FALSE,FALSE,FALSE,FALSE,FALSE,FALSE,FALSE,FALSE,FALSE,1,0
swadeeq,TRUE,FALSE,FALSE,,FALSE,,None,GitHub Actions,,FALSE,FALSE,FALSE,FALSE,FALSE,FALSE,FALSE,FALSE,FALSE,FALSE,FALSE,FALSE,FALSE,FALSE,FALSE,FALSE,FALSE,2,0
sweetloc,TRUE,FALSE,FALSE,,FALSE,,None,GitHub Actions,,FALSE,FALSE,FALSE,FALSE,FALSE,FALSE,FALSE,FALSE,FALSE,FALSE,FALSE,FALSE,FALSE,FALSE,FALSE,FALSE,FALSE,1,0
sweyer,TRUE,FALSE,FALSE,,FALSE,,None,GitHub Actions,,FALSE,FALSE,FALSE,FALSE,FALSE,FALSE,FALSE,FALSE,FALSE,FALSE,FALSE,FALSE,FALSE,FALSE,FALSE,FALSE,FALSE,3,0
swift-weather-app,TRUE,TRUE,TRUE,GitHub Actions_emulator_manual,FALSE,,None,GitHub Actions,GitHub Actions,FALSE,FALSE,FALSE,FALSE,FALSE,FALSE,FALSE,FALSE,FALSE,FALSE,FALSE,FALSE,FALSE,FALSE,FALSE,FALSE,FALSE,3,0
swishticker,TRUE,TRUE,FALSE,,TRUE,Travis CI_emulator_manual,Manual_ThirdParty,Travis CI,Travis CI,FALSE,FALSE,FALSE,FALSE,FALSE,FALSE,FALSE,FALSE,FALSE,FALSE,FALSE,FALSE,FALSE,FALSE,FALSE,FALSE,FALSE,1,0
swisscovid-app-android,TRUE,TRUE,TRUE,GitHub_emulator_full,FALSE,,"GitHub_Hosted, None",GitHub Actions,GitHub Actions,FALSE,FALSE,FALSE,FALSE,FALSE,FALSE,FALSE,FALSE,FALSE,FALSE,TRUE,FALSE,FALSE,FALSE,FALSE,FALSE,1,4,0
switchbutton,FALSE,FALSE,FALSE,,FALSE,,None,Travis CI,,FALSE,FALSE,FALSE,FALSE,FALSE,FALSE,FALSE,FALSE,FALSE,FALSE,FALSE,FALSE,FALSE,FALSE,FALSE,FALSE,FALSE,1,0
switchlanguage,FALSE,FALSE,FALSE,,FALSE,,None,Travis CI,,FALSE,FALSE,FALSE,FALSE,FALSE,FALSE,FALSE,FALSE,FALSE,FALSE,FALSE,FALSE,FALSE,FALSE,FALSE,FALSE,FALSE,1,0
symbol,FALSE,FALSE,FALSE,,FALSE,,None,Travis CI,,FALSE,FALSE,FALSE,FALSE,FALSE,FALSE,FALSE,FALSE,FALSE,FALSE,FALSE,FALSE,FALSE,FALSE,FALSE,FALSE,FALSE,1,0
symphony,TRUE,FALSE,FALSE,,FALSE,,None,GitHub Actions,,FALSE,FALSE,FALSE,FALSE,FALSE,FALSE,FALSE,FALSE,FALSE,FALSE,FALSE,FALSE,FALSE,FALSE,FALSE,FALSE,FALSE,5,0
syncplayer,TRUE,FALSE,FALSE,,FALSE,,None,GitHub Actions,,FALSE,FALSE,FALSE,FALSE,FALSE,FALSE,FALSE,FALSE,FALSE,FALSE,FALSE,FALSE,FALSE,FALSE,FALSE,FALSE,FALSE,1,0
system-bridge-android-companion,TRUE,FALSE,FALSE,,FALSE,,None,GitHub Actions,,FALSE,FALSE,FALSE,FALSE,FALSE,FALSE,FALSE,FALSE,FALSE,FALSE,FALSE,FALSE,FALSE,FALSE,FALSE,FALSE,FALSE,6,0
systemappmover,FALSE,FALSE,FALSE,,FALSE,,None,Travis CI,,FALSE,FALSE,FALSE,FALSE,FALSE,FALSE,FALSE,FALSE,FALSE,FALSE,FALSE,FALSE,FALSE,FALSE,FALSE,FALSE,FALSE,1,0
szkolny-android,TRUE,FALSE,FALSE,,FALSE,,None,GitHub Actions,,FALSE,FALSE,FALSE,FALSE,FALSE,FALSE,FALSE,FALSE,FALSE,FALSE,FALSE,FALSE,FALSE,FALSE,FALSE,FALSE,FALSE,3,0
t-tasks,TRUE,FALSE,FALSE,,FALSE,,None,Travis CI,,FALSE,FALSE,FALSE,FALSE,FALSE,FALSE,FALSE,FALSE,FALSE,FALSE,FALSE,FALSE,FALSE,FALSE,FALSE,FALSE,FALSE,1,0
t4-launcher,TRUE,FALSE,FALSE,,FALSE,,None,CircleCI,,FALSE,FALSE,FALSE,FALSE,FALSE,FALSE,FALSE,FALSE,FALSE,FALSE,FALSE,FALSE,FALSE,FALSE,FALSE,FALSE,FALSE,1,0
tacere,FALSE,FALSE,FALSE,,FALSE,,None,Travis CI,,FALSE,FALSE,FALSE,FALSE,FALSE,FALSE,FALSE,FALSE,FALSE,FALSE,FALSE,FALSE,FALSE,FALSE,FALSE,FALSE,FALSE,1,0
tailor_made,TRUE,FALSE,FALSE,,FALSE,,None,GitHub Actions,,FALSE,FALSE,FALSE,FALSE,FALSE,FALSE,FALSE,FALSE,FALSE,FALSE,FALSE,FALSE,FALSE,FALSE,FALSE,FALSE,FALSE,1,0
tailscale-android,TRUE,FALSE,FALSE,,FALSE,,None,GitHub Actions,,FALSE,FALSE,FALSE,FALSE,FALSE,FALSE,FALSE,FALSE,FALSE,FALSE,FALSE,FALSE,FALSE,FALSE,FALSE,FALSE,FALSE,2,0
tajmahalapp-android,TRUE,FALSE,FALSE,,FALSE,,None,GitHub Actions,,FALSE,FALSE,FALSE,FALSE,FALSE,FALSE,FALSE,FALSE,FALSE,FALSE,FALSE,FALSE,FALSE,FALSE,FALSE,FALSE,FALSE,3,0
talalarmo,FALSE,FALSE,FALSE,,FALSE,,None,Travis CI,,FALSE,FALSE,FALSE,FALSE,FALSE,FALSE,FALSE,FALSE,FALSE,FALSE,FALSE,FALSE,FALSE,FALSE,FALSE,FALSE,FALSE,1,0
talawa,TRUE,FALSE,FALSE,,FALSE,,None,"GitHub Actions, Travis CI",,FALSE,FALSE,FALSE,FALSE,FALSE,FALSE,FALSE,FALSE,FALSE,FALSE,FALSE,FALSE,FALSE,FALSE,FALSE,FALSE,FALSE,7,0
talk-android,TRUE,FALSE,FALSE,,FALSE,,None,GitHub Actions,,FALSE,FALSE,FALSE,FALSE,FALSE,FALSE,FALSE,FALSE,FALSE,FALSE,FALSE,FALSE,FALSE,FALSE,FALSE,FALSE,FALSE,14,0
task-scheduler,TRUE,FALSE,FALSE,,FALSE,,None,GitHub Actions,,FALSE,FALSE,FALSE,FALSE,FALSE,FALSE,FALSE,FALSE,FALSE,FALSE,FALSE,FALSE,FALSE,FALSE,FALSE,FALSE,FALSE,1,0
taskbar,TRUE,FALSE,FALSE,,FALSE,,None,GitHub Actions,,FALSE,FALSE,FALSE,FALSE,FALSE,FALSE,FALSE,FALSE,FALSE,FALSE,FALSE,FALSE,FALSE,FALSE,FALSE,FALSE,FALSE,1,0
taskly,TRUE,FALSE,FALSE,,FALSE,,None,GitHub Actions,,FALSE,FALSE,FALSE,FALSE,FALSE,FALSE,FALSE,FALSE,FALSE,FALSE,FALSE,FALSE,FALSE,FALSE,FALSE,FALSE,FALSE,1,0
tasks,TRUE,TRUE,TRUE,GitHub_emulator_full,FALSE,,"GitHub_Hosted, None",GitHub Actions,GitHub Actions,FALSE,FALSE,FALSE,FALSE,FALSE,FALSE,FALSE,FALSE,FALSE,FALSE,TRUE,FALSE,FALSE,FALSE,FALSE,FALSE,1,2,0
tastytoast,TRUE,FALSE,FALSE,,FALSE,,None,Travis CI,,FALSE,FALSE,FALSE,FALSE,FALSE,FALSE,FALSE,FALSE,FALSE,FALSE,FALSE,FALSE,FALSE,FALSE,FALSE,FALSE,FALSE,1,0
tat,TRUE,FALSE,FALSE,,FALSE,,None,GitHub Actions,,FALSE,FALSE,FALSE,FALSE,FALSE,FALSE,FALSE,FALSE,FALSE,FALSE,FALSE,FALSE,FALSE,FALSE,FALSE,FALSE,FALSE,2,0
tat_flutter,TRUE,FALSE,FALSE,,FALSE,,None,GitHub Actions,,FALSE,FALSE,FALSE,FALSE,FALSE,FALSE,FALSE,FALSE,FALSE,FALSE,FALSE,FALSE,FALSE,FALSE,FALSE,FALSE,FALSE,2,0
tblauncher,TRUE,FALSE,FALSE,,FALSE,,None,GitHub Actions,,FALSE,FALSE,FALSE,FALSE,FALSE,FALSE,FALSE,FALSE,FALSE,FALSE,FALSE,FALSE,FALSE,FALSE,FALSE,FALSE,FALSE,3,0
team2,TRUE,FALSE,FALSE,,FALSE,,None,Travis CI,,FALSE,FALSE,FALSE,FALSE,FALSE,FALSE,FALSE,FALSE,FALSE,FALSE,FALSE,FALSE,FALSE,FALSE,FALSE,FALSE,FALSE,1,0
technical-fest,TRUE,FALSE,FALSE,,FALSE,,None,GitHub Actions,,FALSE,FALSE,FALSE,FALSE,FALSE,FALSE,FALSE,FALSE,FALSE,FALSE,FALSE,FALSE,FALSE,FALSE,FALSE,FALSE,FALSE,1,0
telegram-sms,TRUE,FALSE,FALSE,,FALSE,,None,GitHub Actions,,FALSE,FALSE,FALSE,FALSE,FALSE,FALSE,FALSE,FALSE,FALSE,FALSE,FALSE,FALSE,FALSE,FALSE,FALSE,FALSE,FALSE,1,0
templeapp,TRUE,FALSE,FALSE,,FALSE,,None,"GitLab CI, Travis CI",,FALSE,FALSE,FALSE,FALSE,FALSE,FALSE,FALSE,FALSE,FALSE,FALSE,FALSE,FALSE,FALSE,FALSE,FALSE,FALSE,FALSE,2,0
tensor,FALSE,FALSE,FALSE,,FALSE,,None,Travis CI,,FALSE,FALSE,FALSE,FALSE,FALSE,FALSE,FALSE,FALSE,FALSE,FALSE,FALSE,FALSE,FALSE,FALSE,FALSE,FALSE,FALSE,1,0
tensuu,FALSE,FALSE,FALSE,,FALSE,,None,Travis CI,,FALSE,FALSE,FALSE,FALSE,FALSE,FALSE,FALSE,FALSE,FALSE,FALSE,FALSE,FALSE,FALSE,FALSE,FALSE,FALSE,FALSE,1,0
terminal_flutter,TRUE,FALSE,FALSE,,FALSE,,None,GitHub Actions,,FALSE,FALSE,FALSE,FALSE,FALSE,FALSE,FALSE,FALSE,FALSE,FALSE,FALSE,FALSE,FALSE,FALSE,FALSE,FALSE,FALSE,3,0
termux-api,TRUE,FALSE,FALSE,,FALSE,,None,GitHub Actions,,FALSE,FALSE,FALSE,FALSE,FALSE,FALSE,FALSE,FALSE,FALSE,FALSE,FALSE,FALSE,FALSE,FALSE,FALSE,FALSE,FALSE,2,0
termux-app,TRUE,FALSE,FALSE,,FALSE,,None,GitHub Actions,,FALSE,FALSE,FALSE,FALSE,FALSE,FALSE,FALSE,FALSE,FALSE,FALSE,FALSE,FALSE,FALSE,FALSE,FALSE,FALSE,FALSE,10,0
termux-app-bluetooth,TRUE,FALSE,FALSE,,FALSE,,None,Travis CI,,FALSE,FALSE,FALSE,FALSE,FALSE,FALSE,FALSE,FALSE,FALSE,FALSE,FALSE,FALSE,FALSE,FALSE,FALSE,FALSE,FALSE,1,0
termux-boot,TRUE,FALSE,FALSE,,FALSE,,None,GitHub Actions,,FALSE,FALSE,FALSE,FALSE,FALSE,FALSE,FALSE,FALSE,FALSE,FALSE,FALSE,FALSE,FALSE,FALSE,FALSE,FALSE,FALSE,1,0
termux-float,TRUE,FALSE,FALSE,,FALSE,,None,GitHub Actions,,FALSE,FALSE,FALSE,FALSE,FALSE,FALSE,FALSE,FALSE,FALSE,FALSE,FALSE,FALSE,FALSE,FALSE,FALSE,FALSE,FALSE,2,0
termux-styling,TRUE,FALSE,FALSE,,FALSE,,None,GitHub Actions,,FALSE,FALSE,FALSE,FALSE,FALSE,FALSE,FALSE,FALSE,FALSE,FALSE,FALSE,FALSE,FALSE,FALSE,FALSE,FALSE,FALSE,2,0
tes3mp-android,FALSE,FALSE,FALSE,,FALSE,,None,Travis CI,,FALSE,FALSE,FALSE,FALSE,FALSE,FALSE,FALSE,FALSE,FALSE,FALSE,FALSE,FALSE,FALSE,FALSE,FALSE,FALSE,FALSE,1,0
tesserpg-android,FALSE,FALSE,FALSE,,FALSE,,None,"CircleCI, Travis CI, Unknown",,FALSE,FALSE,FALSE,FALSE,FALSE,FALSE,FALSE,FALSE,FALSE,FALSE,FALSE,FALSE,FALSE,FALSE,FALSE,FALSE,FALSE,3,0
tetris,TRUE,FALSE,FALSE,,FALSE,,None,GitHub Actions,,FALSE,FALSE,FALSE,FALSE,FALSE,FALSE,FALSE,FALSE,FALSE,FALSE,FALSE,FALSE,FALSE,FALSE,FALSE,FALSE,FALSE,1,0
textfairy,FALSE,FALSE,FALSE,,FALSE,,None,Travis CI,,FALSE,FALSE,FALSE,FALSE,FALSE,FALSE,FALSE,FALSE,FALSE,FALSE,FALSE,FALSE,FALSE,FALSE,FALSE,FALSE,FALSE,1,0
textmatcher,FALSE,FALSE,FALSE,,FALSE,,None,Travis CI,,FALSE,FALSE,FALSE,FALSE,FALSE,FALSE,FALSE,FALSE,FALSE,FALSE,FALSE,FALSE,FALSE,FALSE,FALSE,FALSE,FALSE,1,0
textmatic,TRUE,FALSE,FALSE,,FALSE,,None,GitHub Actions,,FALSE,FALSE,FALSE,FALSE,FALSE,FALSE,FALSE,FALSE,FALSE,FALSE,FALSE,FALSE,FALSE,FALSE,FALSE,FALSE,FALSE,2,0
textpad,TRUE,FALSE,FALSE,,FALSE,,None,GitLab CI,,FALSE,FALSE,FALSE,FALSE,FALSE,FALSE,FALSE,FALSE,FALSE,FALSE,FALSE,FALSE,FALSE,FALSE,FALSE,FALSE,FALSE,1,0
textselectionwebsearch,TRUE,FALSE,FALSE,,FALSE,,None,GitHub Actions,,FALSE,FALSE,FALSE,FALSE,FALSE,FALSE,FALSE,FALSE,FALSE,FALSE,FALSE,FALSE,FALSE,FALSE,FALSE,FALSE,FALSE,1,0
tfprofiler,FALSE,FALSE,FALSE,,FALSE,,None,Travis CI,,FALSE,FALSE,FALSE,FALSE,FALSE,FALSE,FALSE,FALSE,FALSE,FALSE,FALSE,FALSE,FALSE,FALSE,FALSE,FALSE,FALSE,1,0
the-blue-alliance-android,TRUE,FALSE,FALSE,,FALSE,,None,GitHub Actions,,FALSE,FALSE,FALSE,FALSE,FALSE,FALSE,FALSE,FALSE,FALSE,FALSE,FALSE,FALSE,FALSE,FALSE,FALSE,FALSE,FALSE,1,0
the-channels,FALSE,FALSE,FALSE,,FALSE,,None,Travis CI,,FALSE,FALSE,FALSE,FALSE,FALSE,FALSE,FALSE,FALSE,FALSE,FALSE,FALSE,FALSE,FALSE,FALSE,FALSE,FALSE,FALSE,1,0
the-movie-db-kotlin,TRUE,FALSE,FALSE,,FALSE,,None,GitHub Actions,,FALSE,FALSE,FALSE,FALSE,FALSE,FALSE,FALSE,FALSE,FALSE,FALSE,FALSE,FALSE,FALSE,FALSE,FALSE,FALSE,FALSE,1,0
the_calculator,TRUE,FALSE,FALSE,,FALSE,,None,GitHub Actions,,FALSE,FALSE,FALSE,FALSE,FALSE,FALSE,FALSE,FALSE,FALSE,FALSE,FALSE,FALSE,FALSE,FALSE,FALSE,FALSE,FALSE,3,0
themoviedb,TRUE,FALSE,FALSE,,FALSE,,None,GitHub Actions,,FALSE,FALSE,FALSE,FALSE,FALSE,FALSE,FALSE,FALSE,FALSE,FALSE,FALSE,FALSE,FALSE,FALSE,FALSE,FALSE,FALSE,1,0
themoviedb_android_app,TRUE,FALSE,FALSE,,FALSE,,None,CircleCI,,FALSE,FALSE,FALSE,FALSE,FALSE,FALSE,FALSE,FALSE,FALSE,FALSE,FALSE,FALSE,FALSE,FALSE,FALSE,FALSE,FALSE,1,0
thenounproject,TRUE,FALSE,FALSE,,FALSE,,None,Travis CI,,FALSE,FALSE,FALSE,FALSE,FALSE,FALSE,FALSE,FALSE,FALSE,FALSE,FALSE,FALSE,FALSE,FALSE,FALSE,FALSE,FALSE,1,0
theprincipleapp,TRUE,FALSE,FALSE,,FALSE,,None,GitHub Actions,,FALSE,FALSE,FALSE,FALSE,FALSE,FALSE,FALSE,FALSE,FALSE,FALSE,FALSE,FALSE,FALSE,FALSE,FALSE,FALSE,FALSE,1,0
three-days-android,TRUE,FALSE,FALSE,,FALSE,,None,GitHub Actions,,FALSE,FALSE,FALSE,FALSE,FALSE,FALSE,FALSE,FALSE,FALSE,FALSE,FALSE,FALSE,FALSE,FALSE,FALSE,FALSE,FALSE,3,0
thu-info-app,TRUE,FALSE,FALSE,,FALSE,,None,GitHub Actions,,FALSE,FALSE,FALSE,FALSE,FALSE,FALSE,FALSE,FALSE,FALSE,FALSE,FALSE,FALSE,FALSE,FALSE,FALSE,FALSE,FALSE,2,0
thunder,TRUE,FALSE,FALSE,,FALSE,,None,GitHub Actions,,FALSE,FALSE,FALSE,FALSE,FALSE,FALSE,FALSE,FALSE,FALSE,FALSE,FALSE,FALSE,FALSE,FALSE,FALSE,FALSE,FALSE,1,0
tic-80,TRUE,FALSE,FALSE,,FALSE,,None,GitHub Actions,,FALSE,FALSE,FALSE,FALSE,FALSE,FALSE,FALSE,FALSE,FALSE,FALSE,FALSE,FALSE,FALSE,FALSE,FALSE,FALSE,FALSE,2,0
tic-tac-toe,TRUE,FALSE,FALSE,,FALSE,,None,Travis CI,,FALSE,FALSE,FALSE,FALSE,FALSE,FALSE,FALSE,FALSE,FALSE,FALSE,FALSE,FALSE,FALSE,FALSE,FALSE,FALSE,FALSE,1,0
tickmarks,TRUE,FALSE,FALSE,,FALSE,,None,CircleCI,,FALSE,FALSE,FALSE,FALSE,FALSE,FALSE,FALSE,FALSE,FALSE,FALSE,FALSE,FALSE,FALSE,FALSE,FALSE,FALSE,FALSE,1,0
tickmate,TRUE,FALSE,FALSE,,FALSE,,None,"GitHub Actions, Travis CI",,FALSE,FALSE,FALSE,FALSE,FALSE,FALSE,FALSE,FALSE,FALSE,FALSE,FALSE,FALSE,FALSE,FALSE,FALSE,FALSE,FALSE,2,0
tictactoe,TRUE,FALSE,FALSE,,FALSE,,None,GitHub Actions,,FALSE,FALSE,FALSE,FALSE,FALSE,FALSE,FALSE,FALSE,FALSE,FALSE,FALSE,FALSE,FALSE,FALSE,FALSE,FALSE,FALSE,1,0
tilegame,TRUE,FALSE,FALSE,,FALSE,,None,GitHub Actions,,FALSE,FALSE,FALSE,FALSE,FALSE,FALSE,FALSE,FALSE,FALSE,FALSE,FALSE,FALSE,FALSE,FALSE,FALSE,FALSE,FALSE,2,0
tiles-for-developers,FALSE,FALSE,FALSE,,FALSE,,None,CircleCI,,FALSE,FALSE,FALSE,FALSE,FALSE,FALSE,FALSE,FALSE,FALSE,FALSE,FALSE,FALSE,FALSE,FALSE,FALSE,FALSE,FALSE,1,0
timber,FALSE,FALSE,FALSE,,FALSE,,None,Travis CI,,FALSE,FALSE,FALSE,FALSE,FALSE,FALSE,FALSE,FALSE,FALSE,FALSE,FALSE,FALSE,FALSE,FALSE,FALSE,FALSE,FALSE,1,0
timebomb,FALSE,FALSE,FALSE,,FALSE,,None,Travis CI,,FALSE,FALSE,FALSE,FALSE,FALSE,FALSE,FALSE,FALSE,FALSE,FALSE,FALSE,FALSE,FALSE,FALSE,FALSE,FALSE,FALSE,1,0
timeclock,TRUE,FALSE,FALSE,,FALSE,,None,GitHub Actions,,FALSE,FALSE,FALSE,FALSE,FALSE,FALSE,FALSE,FALSE,FALSE,FALSE,FALSE,FALSE,FALSE,FALSE,FALSE,FALSE,FALSE,1,0
timelineview,TRUE,TRUE,FALSE,,TRUE,Travis CI_emulator_manual,Manual_ThirdParty,Travis CI,Travis CI,FALSE,FALSE,FALSE,FALSE,FALSE,FALSE,FALSE,FALSE,FALSE,FALSE,FALSE,FALSE,FALSE,FALSE,FALSE,FALSE,FALSE,1,0
timer-machine-android,TRUE,FALSE,FALSE,,FALSE,,None,GitHub Actions,,FALSE,FALSE,FALSE,FALSE,FALSE,FALSE,FALSE,FALSE,FALSE,FALSE,FALSE,FALSE,FALSE,FALSE,FALSE,FALSE,FALSE,1,0
timerinrecyclerview,TRUE,FALSE,FALSE,,FALSE,,None,CircleCI,,FALSE,FALSE,FALSE,FALSE,FALSE,FALSE,FALSE,FALSE,FALSE,FALSE,FALSE,FALSE,FALSE,FALSE,FALSE,FALSE,FALSE,1,0
timetable,FALSE,FALSE,FALSE,,FALSE,,None,Travis CI,,FALSE,FALSE,FALSE,FALSE,FALSE,FALSE,FALSE,FALSE,FALSE,FALSE,FALSE,FALSE,FALSE,FALSE,FALSE,FALSE,FALSE,1,0
tinc_gui,FALSE,FALSE,FALSE,,FALSE,,None,Travis CI,,FALSE,FALSE,FALSE,FALSE,FALSE,FALSE,FALSE,FALSE,FALSE,FALSE,FALSE,FALSE,FALSE,FALSE,FALSE,FALSE,FALSE,1,0
tinfoil-facebook,FALSE,FALSE,FALSE,,FALSE,,None,Travis CI,,FALSE,FALSE,FALSE,FALSE,FALSE,FALSE,FALSE,FALSE,FALSE,FALSE,FALSE,FALSE,FALSE,FALSE,FALSE,FALSE,FALSE,1,0
tinylisp,TRUE,FALSE,FALSE,,FALSE,,None,CircleCI,,FALSE,FALSE,FALSE,FALSE,FALSE,FALSE,FALSE,FALSE,FALSE,FALSE,FALSE,FALSE,FALSE,FALSE,FALSE,FALSE,FALSE,1,0
tinyritro,FALSE,FALSE,FALSE,,FALSE,,None,Travis CI,,FALSE,FALSE,FALSE,FALSE,FALSE,FALSE,FALSE,FALSE,FALSE,FALSE,FALSE,FALSE,FALSE,FALSE,FALSE,FALSE,FALSE,1,0
tisk,FALSE,FALSE,FALSE,,FALSE,,None,Travis CI,,FALSE,FALSE,FALSE,FALSE,FALSE,FALSE,FALSE,FALSE,FALSE,FALSE,FALSE,FALSE,FALSE,FALSE,FALSE,FALSE,FALSE,1,0
titancompanion,TRUE,TRUE,FALSE,,TRUE,Firebase_Full,ThirdParty_Service,CircleCI,CircleCI,FALSE,FALSE,FALSE,FALSE,FALSE,FALSE,FALSE,FALSE,FALSE,FALSE,FALSE,FALSE,FALSE,FALSE,FALSE,FALSE,FALSE,1,0
titlebar,TRUE,FALSE,FALSE,,FALSE,,None,GitHub Actions,,FALSE,FALSE,FALSE,FALSE,FALSE,FALSE,FALSE,FALSE,FALSE,FALSE,FALSE,FALSE,FALSE,FALSE,FALSE,FALSE,FALSE,1,0
tldroid,TRUE,FALSE,FALSE,,FALSE,,None,Travis CI,,FALSE,FALSE,FALSE,FALSE,FALSE,FALSE,FALSE,FALSE,FALSE,FALSE,FALSE,FALSE,FALSE,FALSE,FALSE,FALSE,FALSE,1,0
tmdb-client,TRUE,FALSE,FALSE,,FALSE,,None,CircleCI,,FALSE,FALSE,FALSE,FALSE,FALSE,FALSE,FALSE,FALSE,FALSE,FALSE,FALSE,FALSE,FALSE,FALSE,FALSE,FALSE,FALSE,1,0
to-do_jetpack_compose,TRUE,FALSE,FALSE,,FALSE,,None,CircleCI,,FALSE,FALSE,FALSE,FALSE,FALSE,FALSE,FALSE,FALSE,FALSE,FALSE,FALSE,FALSE,FALSE,FALSE,FALSE,FALSE,FALSE,1,0
toaster,TRUE,FALSE,FALSE,,FALSE,,None,"GitHub Actions, Travis CI",,FALSE,FALSE,FALSE,FALSE,FALSE,FALSE,FALSE,FALSE,FALSE,FALSE,FALSE,FALSE,FALSE,FALSE,FALSE,FALSE,FALSE,3,0
todayhistory,TRUE,FALSE,FALSE,,FALSE,,None,Travis CI,,FALSE,FALSE,FALSE,FALSE,FALSE,FALSE,FALSE,FALSE,FALSE,FALSE,FALSE,FALSE,FALSE,FALSE,FALSE,FALSE,FALSE,1,0
todo,TRUE,FALSE,FALSE,,FALSE,,None,GitHub Actions,,FALSE,FALSE,FALSE,FALSE,FALSE,FALSE,FALSE,FALSE,FALSE,FALSE,FALSE,FALSE,FALSE,FALSE,FALSE,FALSE,FALSE,1,0
todo-app,FALSE,FALSE,FALSE,,FALSE,,None,Travis CI,,FALSE,FALSE,FALSE,FALSE,FALSE,FALSE,FALSE,FALSE,FALSE,FALSE,FALSE,FALSE,FALSE,FALSE,FALSE,FALSE,FALSE,1,0
todo-compose,TRUE,TRUE,TRUE,GitHub_emulator_full,FALSE,,"GitHub_Hosted, None",GitHub Actions,GitHub Actions,FALSE,FALSE,FALSE,FALSE,FALSE,FALSE,FALSE,FALSE,FALSE,FALSE,TRUE,FALSE,FALSE,FALSE,FALSE,FALSE,1,3,0
todo_app,TRUE,FALSE,FALSE,,FALSE,,None,GitHub Actions,,FALSE,FALSE,FALSE,FALSE,FALSE,FALSE,FALSE,FALSE,FALSE,FALSE,FALSE,FALSE,FALSE,FALSE,FALSE,FALSE,FALSE,1,0
todolist-react-native,TRUE,FALSE,FALSE,,FALSE,,None,GitHub Actions,,FALSE,FALSE,FALSE,FALSE,FALSE,FALSE,FALSE,FALSE,FALSE,FALSE,FALSE,FALSE,FALSE,FALSE,FALSE,FALSE,FALSE,1,0
todolist-room-mvvm,TRUE,FALSE,FALSE,,FALSE,,None,GitHub Actions,,FALSE,FALSE,FALSE,FALSE,FALSE,FALSE,FALSE,FALSE,FALSE,FALSE,FALSE,FALSE,FALSE,FALSE,FALSE,FALSE,FALSE,1,0
todone,TRUE,FALSE,FALSE,,FALSE,,None,GitHub Actions,,FALSE,FALSE,FALSE,FALSE,FALSE,FALSE,FALSE,FALSE,FALSE,FALSE,FALSE,FALSE,FALSE,FALSE,FALSE,FALSE,FALSE,1,0
todont,TRUE,FALSE,FALSE,,FALSE,,None,GitHub Actions,,FALSE,FALSE,FALSE,FALSE,FALSE,FALSE,FALSE,FALSE,FALSE,FALSE,FALSE,FALSE,FALSE,FALSE,FALSE,FALSE,FALSE,5,0
todozy,TRUE,FALSE,FALSE,,FALSE,,None,GitHub Actions,,FALSE,FALSE,FALSE,FALSE,FALSE,FALSE,FALSE,FALSE,FALSE,FALSE,FALSE,FALSE,FALSE,FALSE,FALSE,FALSE,FALSE,1,0
togglebuttonlayout,FALSE,FALSE,FALSE,,FALSE,,None,Travis CI,,FALSE,FALSE,FALSE,FALSE,FALSE,FALSE,FALSE,FALSE,FALSE,FALSE,FALSE,FALSE,FALSE,FALSE,FALSE,FALSE,FALSE,1,0
togozip,TRUE,FALSE,FALSE,,FALSE,,None,"GitHub Actions, Travis CI",,FALSE,FALSE,FALSE,FALSE,FALSE,FALSE,FALSE,FALSE,FALSE,FALSE,FALSE,FALSE,FALSE,FALSE,FALSE,FALSE,FALSE,2,0
tomb5,TRUE,FALSE,FALSE,,FALSE,,None,"Travis CI, Unknown",,FALSE,FALSE,FALSE,FALSE,FALSE,FALSE,FALSE,FALSE,FALSE,FALSE,FALSE,FALSE,FALSE,FALSE,FALSE,FALSE,FALSE,2,0
tonedef,TRUE,FALSE,FALSE,,FALSE,,None,GitHub Actions,,FALSE,FALSE,FALSE,FALSE,FALSE,FALSE,FALSE,FALSE,FALSE,FALSE,FALSE,FALSE,FALSE,FALSE,FALSE,FALSE,FALSE,1,0
tookit,TRUE,FALSE,FALSE,,FALSE,,None,GitHub Actions,,FALSE,FALSE,FALSE,FALSE,FALSE,FALSE,FALSE,FALSE,FALSE,FALSE,FALSE,FALSE,FALSE,FALSE,FALSE,FALSE,FALSE,1,0
tootapp,FALSE,FALSE,FALSE,,FALSE,,None,Travis CI,,FALSE,FALSE,FALSE,FALSE,FALSE,FALSE,FALSE,FALSE,FALSE,FALSE,FALSE,FALSE,FALSE,FALSE,FALSE,FALSE,FALSE,1,0
topdf,TRUE,FALSE,FALSE,,FALSE,,None,GitHub Actions,,FALSE,FALSE,FALSE,FALSE,FALSE,FALSE,FALSE,FALSE,FALSE,FALSE,FALSE,FALSE,FALSE,FALSE,FALSE,FALSE,FALSE,1,0
topsed-speedometer,TRUE,FALSE,FALSE,,FALSE,,None,GitHub Actions,,FALSE,FALSE,FALSE,FALSE,FALSE,FALSE,FALSE,FALSE,FALSE,FALSE,FALSE,FALSE,FALSE,FALSE,FALSE,FALSE,FALSE,2,0
torgi,FALSE,FALSE,FALSE,,FALSE,,None,Travis CI,,FALSE,FALSE,FALSE,FALSE,FALSE,FALSE,FALSE,FALSE,FALSE,FALSE,FALSE,FALSE,FALSE,FALSE,FALSE,FALSE,FALSE,1,0
torrserve,TRUE,FALSE,FALSE,,FALSE,,None,GitHub Actions,,FALSE,FALSE,FALSE,FALSE,FALSE,FALSE,FALSE,FALSE,FALSE,FALSE,FALSE,FALSE,FALSE,FALSE,FALSE,FALSE,FALSE,1,0
torservices,TRUE,FALSE,FALSE,,FALSE,,None,GitLab CI,,FALSE,FALSE,FALSE,FALSE,FALSE,FALSE,FALSE,FALSE,FALSE,FALSE,FALSE,FALSE,FALSE,FALSE,FALSE,FALSE,FALSE,1,0
tortoise,FALSE,FALSE,FALSE,,FALSE,,None,Travis CI,,FALSE,FALSE,FALSE,FALSE,FALSE,FALSE,FALSE,FALSE,FALSE,FALSE,FALSE,FALSE,FALSE,FALSE,FALSE,FALSE,FALSE,1,0
touch,TRUE,FALSE,FALSE,,FALSE,,None,"GitHub Actions, Travis CI",,FALSE,FALSE,FALSE,FALSE,FALSE,FALSE,FALSE,FALSE,FALSE,FALSE,FALSE,FALSE,FALSE,FALSE,FALSE,FALSE,FALSE,2,0
towers,FALSE,FALSE,FALSE,,FALSE,,None,Travis CI,,FALSE,FALSE,FALSE,FALSE,FALSE,FALSE,FALSE,FALSE,FALSE,FALSE,FALSE,FALSE,FALSE,FALSE,FALSE,FALSE,FALSE,1,0
toxandroidrefimpl,TRUE,TRUE,TRUE,GitHub_emulator_full,FALSE,,"GitHub_Hosted, None","CircleCI, GitHub Actions, GitLab CI",GitHub Actions,FALSE,FALSE,FALSE,FALSE,FALSE,FALSE,FALSE,FALSE,FALSE,FALSE,FALSE,FALSE,FALSE,FALSE,FALSE,FALSE,FALSE,9,0
tracex,TRUE,FALSE,FALSE,,FALSE,,None,GitHub Actions,,FALSE,FALSE,FALSE,FALSE,FALSE,FALSE,FALSE,FALSE,FALSE,FALSE,FALSE,FALSE,FALSE,FALSE,FALSE,FALSE,FALSE,1,0
trackingwifi,TRUE,FALSE,FALSE,,FALSE,,None,GitHub Actions,,FALSE,FALSE,FALSE,FALSE,FALSE,FALSE,FALSE,FALSE,FALSE,FALSE,FALSE,FALSE,FALSE,FALSE,FALSE,FALSE,FALSE,1,0
tracktor-composeui,TRUE,FALSE,FALSE,,FALSE,,None,GitHub Actions,,FALSE,FALSE,FALSE,FALSE,FALSE,FALSE,FALSE,FALSE,FALSE,FALSE,FALSE,FALSE,FALSE,FALSE,FALSE,FALSE,FALSE,1,0
trackworktime,TRUE,TRUE,TRUE,"GitHub Actions_emulator_manual, GitHub_emulator_full",FALSE,,"GitHub_Hosted, None",GitHub Actions,GitHub Actions,FALSE,FALSE,FALSE,FALSE,FALSE,FALSE,FALSE,FALSE,FALSE,FALSE,FALSE,FALSE,FALSE,FALSE,FALSE,FALSE,FALSE,2,0
trading,TRUE,FALSE,FALSE,,FALSE,,None,GitHub Actions,,FALSE,FALSE,FALSE,FALSE,FALSE,FALSE,FALSE,FALSE,FALSE,FALSE,FALSE,FALSE,FALSE,FALSE,FALSE,FALSE,FALSE,3,0
trail-sense,TRUE,FALSE,FALSE,,FALSE,,None,GitHub Actions,,FALSE,FALSE,FALSE,FALSE,FALSE,FALSE,FALSE,FALSE,FALSE,FALSE,FALSE,FALSE,FALSE,FALSE,FALSE,FALSE,FALSE,1,0
translate,TRUE,FALSE,FALSE,,FALSE,,None,GitHub Actions,,FALSE,FALSE,FALSE,FALSE,FALSE,FALSE,FALSE,FALSE,FALSE,FALSE,FALSE,FALSE,FALSE,FALSE,FALSE,FALSE,FALSE,2,0
translateyou,TRUE,FALSE,FALSE,,FALSE,,None,GitHub Actions,,FALSE,FALSE,FALSE,FALSE,FALSE,FALSE,FALSE,FALSE,FALSE,FALSE,FALSE,FALSE,FALSE,FALSE,FALSE,FALSE,FALSE,4,0
translator,TRUE,FALSE,FALSE,,FALSE,,None,"GitHub Actions, Travis CI",,FALSE,FALSE,FALSE,FALSE,FALSE,FALSE,FALSE,FALSE,FALSE,FALSE,FALSE,FALSE,FALSE,FALSE,FALSE,FALSE,FALSE,3,0
transmissionic,TRUE,FALSE,FALSE,,FALSE,,None,GitHub Actions,,FALSE,FALSE,FALSE,FALSE,FALSE,FALSE,FALSE,FALSE,FALSE,FALSE,FALSE,FALSE,FALSE,FALSE,FALSE,FALSE,FALSE,3,0
transportr,TRUE,TRUE,TRUE,GitHub_emulator_full,FALSE,,GitHub_Hosted,GitHub Actions,GitHub Actions,FALSE,FALSE,TRUE,FALSE,FALSE,FALSE,FALSE,FALSE,FALSE,FALSE,TRUE,FALSE,TRUE,FALSE,FALSE,FALSE,3,1,0
transtone,TRUE,FALSE,FALSE,,FALSE,,None,GitHub Actions,,FALSE,FALSE,FALSE,FALSE,FALSE,FALSE,FALSE,FALSE,FALSE,FALSE,FALSE,FALSE,FALSE,FALSE,FALSE,FALSE,FALSE,1,0
travel-wise,TRUE,FALSE,FALSE,,FALSE,,None,GitHub Actions,,FALSE,FALSE,FALSE,FALSE,FALSE,FALSE,FALSE,FALSE,FALSE,FALSE,FALSE,FALSE,FALSE,FALSE,FALSE,FALSE,FALSE,1,0
travis-jr,TRUE,FALSE,FALSE,,FALSE,,None,Travis CI,,FALSE,FALSE,FALSE,FALSE,FALSE,FALSE,FALSE,FALSE,FALSE,FALSE,FALSE,FALSE,FALSE,FALSE,FALSE,FALSE,FALSE,1,0
treetracker-android,TRUE,FALSE,FALSE,,FALSE,,None,GitHub Actions,,FALSE,FALSE,FALSE,FALSE,FALSE,FALSE,FALSE,FALSE,FALSE,FALSE,FALSE,FALSE,FALSE,FALSE,FALSE,FALSE,FALSE,2,0
trekarta,TRUE,TRUE,TRUE,GitHub_emulator_full,FALSE,,"GitHub_Hosted, None","GitHub Actions, Travis CI",GitHub Actions,FALSE,FALSE,FALSE,FALSE,TRUE,FALSE,FALSE,FALSE,FALSE,FALSE,TRUE,FALSE,FALSE,FALSE,FALSE,FALSE,2,3,0
tremotesf-android,TRUE,FALSE,FALSE,,FALSE,,None,GitHub Actions,,FALSE,FALSE,FALSE,FALSE,FALSE,FALSE,FALSE,FALSE,FALSE,FALSE,FALSE,FALSE,FALSE,FALSE,FALSE,FALSE,FALSE,1,0
trickytripper,TRUE,FALSE,FALSE,,FALSE,,None,GitHub Actions,,FALSE,FALSE,FALSE,FALSE,FALSE,FALSE,FALSE,FALSE,FALSE,FALSE,FALSE,FALSE,FALSE,FALSE,FALSE,FALSE,FALSE,1,0
trime,TRUE,FALSE,FALSE,,FALSE,,None,GitHub Actions,,FALSE,FALSE,FALSE,FALSE,FALSE,FALSE,FALSE,FALSE,FALSE,FALSE,FALSE,FALSE,FALSE,FALSE,FALSE,FALSE,FALSE,3,0
trinkster,TRUE,FALSE,FALSE,,FALSE,,None,CircleCI,,FALSE,FALSE,FALSE,FALSE,FALSE,FALSE,FALSE,FALSE,FALSE,FALSE,FALSE,FALSE,FALSE,FALSE,FALSE,FALSE,FALSE,1,0
trip-o-meter,TRUE,TRUE,FALSE,,TRUE,Travis CI_emulator_manual,Manual_ThirdParty,Travis CI,Travis CI,FALSE,FALSE,FALSE,FALSE,FALSE,FALSE,FALSE,FALSE,FALSE,FALSE,FALSE,FALSE,FALSE,FALSE,FALSE,FALSE,FALSE,1,0
tripmobile,FALSE,FALSE,FALSE,,FALSE,,None,GitLab CI,,FALSE,FALSE,FALSE,FALSE,FALSE,FALSE,FALSE,FALSE,FALSE,FALSE,FALSE,FALSE,FALSE,FALSE,FALSE,FALSE,FALSE,1,0
trippo-the_travel_guide,TRUE,FALSE,FALSE,,FALSE,,None,GitHub Actions,,FALSE,FALSE,FALSE,FALSE,FALSE,FALSE,FALSE,FALSE,FALSE,FALSE,FALSE,FALSE,FALSE,FALSE,FALSE,FALSE,FALSE,1,0
troutoss,TRUE,FALSE,FALSE,,FALSE,,None,CircleCI,,FALSE,FALSE,FALSE,FALSE,FALSE,FALSE,FALSE,FALSE,FALSE,FALSE,FALSE,FALSE,FALSE,FALSE,FALSE,FALSE,FALSE,1,0
truck-me-android,TRUE,FALSE,FALSE,,FALSE,,None,GitHub Actions,,FALSE,FALSE,FALSE,FALSE,FALSE,FALSE,FALSE,FALSE,FALSE,FALSE,FALSE,FALSE,FALSE,FALSE,FALSE,FALSE,FALSE,1,0
tsukimisou,TRUE,FALSE,FALSE,,FALSE,,None,GitHub Actions,,FALSE,FALSE,FALSE,FALSE,FALSE,FALSE,FALSE,FALSE,FALSE,FALSE,FALSE,FALSE,FALSE,FALSE,FALSE,FALSE,FALSE,1,0
tts-server-android,TRUE,FALSE,FALSE,,FALSE,,None,GitHub Actions,,FALSE,FALSE,FALSE,FALSE,FALSE,FALSE,FALSE,FALSE,FALSE,FALSE,FALSE,FALSE,FALSE,FALSE,FALSE,FALSE,FALSE,3,0
tucanmobile,FALSE,FALSE,FALSE,,FALSE,,None,Travis CI,,FALSE,FALSE,FALSE,FALSE,FALSE,FALSE,FALSE,FALSE,FALSE,FALSE,FALSE,FALSE,FALSE,FALSE,FALSE,FALSE,FALSE,1,0
tucao,FALSE,FALSE,FALSE,,FALSE,,None,Travis CI,,FALSE,FALSE,FALSE,FALSE,FALSE,FALSE,FALSE,FALSE,FALSE,FALSE,FALSE,FALSE,FALSE,FALSE,FALSE,FALSE,FALSE,1,0
tuner,TRUE,FALSE,FALSE,,FALSE,,None,GitHub Actions,,FALSE,FALSE,FALSE,FALSE,FALSE,FALSE,FALSE,FALSE,FALSE,FALSE,FALSE,FALSE,FALSE,FALSE,FALSE,FALSE,FALSE,2,0
turbojira,FALSE,FALSE,FALSE,,FALSE,,None,Travis CI,,FALSE,FALSE,FALSE,FALSE,FALSE,FALSE,FALSE,FALSE,FALSE,FALSE,FALSE,FALSE,FALSE,FALSE,FALSE,FALSE,FALSE,1,0
tutanota,TRUE,FALSE,FALSE,,FALSE,,None,GitHub Actions,,FALSE,FALSE,FALSE,FALSE,FALSE,FALSE,FALSE,FALSE,FALSE,FALSE,FALSE,FALSE,FALSE,FALSE,FALSE,FALSE,FALSE,2,0
tv-launcher,FALSE,FALSE,FALSE,,FALSE,,None,GitHub Actions,,FALSE,FALSE,FALSE,FALSE,FALSE,FALSE,FALSE,FALSE,FALSE,FALSE,FALSE,FALSE,FALSE,FALSE,FALSE,FALSE,FALSE,1,0
tvhclient,TRUE,FALSE,FALSE,,FALSE,,None,GitHub Actions,,FALSE,FALSE,FALSE,FALSE,FALSE,FALSE,FALSE,FALSE,FALSE,FALSE,FALSE,FALSE,FALSE,FALSE,FALSE,FALSE,FALSE,1,0
tvremoteplay,TRUE,FALSE,FALSE,,FALSE,,None,GitHub Actions,,FALSE,FALSE,FALSE,FALSE,FALSE,FALSE,FALSE,FALSE,FALSE,FALSE,FALSE,FALSE,FALSE,FALSE,FALSE,FALSE,FALSE,1,0
twidere-android,TRUE,FALSE,FALSE,,FALSE,,None,Travis CI,,FALSE,FALSE,FALSE,FALSE,FALSE,FALSE,FALSE,FALSE,FALSE,FALSE,FALSE,FALSE,FALSE,FALSE,FALSE,FALSE,FALSE,1,0
twiderex-android,TRUE,TRUE,TRUE,GitHub_emulator_full,FALSE,,"GitHub_Hosted, None",GitHub Actions,GitHub Actions,FALSE,FALSE,FALSE,TRUE,FALSE,TRUE,FALSE,TRUE,FALSE,TRUE,FALSE,TRUE,FALSE,FALSE,FALSE,FALSE,5,4,0
twilio-video-app-android,TRUE,TRUE,FALSE,,TRUE,Firebase_Full,ThirdParty_Service,CircleCI,CircleCI,FALSE,FALSE,FALSE,FALSE,FALSE,FALSE,FALSE,FALSE,FALSE,FALSE,FALSE,FALSE,FALSE,FALSE,FALSE,FALSE,FALSE,1,0
twire,TRUE,TRUE,TRUE,"GitHub Actions_emulator_manual, GitHub_emulator_full",FALSE,,GitHub_Hosted,GitHub Actions,GitHub Actions,FALSE,FALSE,FALSE,FALSE,FALSE,FALSE,FALSE,FALSE,FALSE,FALSE,FALSE,TRUE,FALSE,FALSE,FALSE,FALSE,1,1,0
twist-mobile,TRUE,FALSE,FALSE,,FALSE,,None,GitHub Actions,,FALSE,FALSE,FALSE,FALSE,FALSE,FALSE,FALSE,FALSE,FALSE,FALSE,FALSE,FALSE,FALSE,FALSE,FALSE,FALSE,FALSE,1,0
twitchapp,TRUE,FALSE,FALSE,,FALSE,,None,GitHub Actions,,FALSE,FALSE,FALSE,FALSE,FALSE,FALSE,FALSE,FALSE,FALSE,FALSE,FALSE,FALSE,FALSE,FALSE,FALSE,FALSE,FALSE,1,0
twittnuker,FALSE,FALSE,FALSE,,FALSE,,None,Travis CI,,FALSE,FALSE,FALSE,FALSE,FALSE,FALSE,FALSE,FALSE,FALSE,FALSE,FALSE,FALSE,FALSE,FALSE,FALSE,FALSE,FALSE,1,0
txt,TRUE,FALSE,FALSE,,FALSE,,None,GitHub Actions,,FALSE,FALSE,FALSE,FALSE,FALSE,FALSE,FALSE,FALSE,FALSE,FALSE,FALSE,FALSE,FALSE,FALSE,FALSE,FALSE,FALSE,2,0
typewriter,TRUE,FALSE,FALSE,,FALSE,,None,Travis CI,,FALSE,FALSE,FALSE,FALSE,FALSE,FALSE,FALSE,FALSE,FALSE,FALSE,FALSE,FALSE,FALSE,FALSE,FALSE,FALSE,FALSE,1,0
uatranslit,TRUE,TRUE,FALSE,,TRUE,Travis CI_emulator_manual,"Manual_ThirdParty, None","GitHub Actions, Travis CI",Travis CI,FALSE,FALSE,FALSE,FALSE,FALSE,FALSE,FALSE,FALSE,FALSE,FALSE,FALSE,FALSE,FALSE,FALSE,FALSE,FALSE,FALSE,3,0
ubuntu-launcher,TRUE,FALSE,FALSE,,FALSE,,None,GitHub Actions,,FALSE,FALSE,FALSE,FALSE,FALSE,FALSE,FALSE,FALSE,FALSE,FALSE,FALSE,FALSE,FALSE,FALSE,FALSE,FALSE,FALSE,1,0
udrive,FALSE,FALSE,FALSE,,FALSE,,None,Travis CI,,FALSE,FALSE,FALSE,FALSE,FALSE,FALSE,FALSE,FALSE,FALSE,FALSE,FALSE,FALSE,FALSE,FALSE,FALSE,FALSE,FALSE,1,0
ueno,TRUE,FALSE,FALSE,,FALSE,,None,GitHub Actions,,FALSE,FALSE,FALSE,FALSE,FALSE,FALSE,FALSE,FALSE,FALSE,FALSE,FALSE,FALSE,FALSE,FALSE,FALSE,FALSE,FALSE,7,0
uhabits,TRUE,FALSE,FALSE,,FALSE,,None,GitHub Actions,,FALSE,FALSE,FALSE,FALSE,FALSE,FALSE,FALSE,FALSE,FALSE,FALSE,FALSE,FALSE,FALSE,FALSE,FALSE,FALSE,FALSE,1,0
uhooipicbook-android,TRUE,FALSE,FALSE,,FALSE,,None,GitHub Actions,,FALSE,FALSE,FALSE,FALSE,FALSE,FALSE,FALSE,FALSE,FALSE,FALSE,FALSE,FALSE,FALSE,FALSE,FALSE,FALSE,FALSE,4,0
uhuruphotos-android,TRUE,FALSE,FALSE,,FALSE,,None,GitHub Actions,,FALSE,FALSE,FALSE,FALSE,FALSE,FALSE,FALSE,FALSE,FALSE,FALSE,FALSE,FALSE,FALSE,FALSE,FALSE,FALSE,FALSE,6,0
uinspector,TRUE,FALSE,FALSE,,FALSE,,None,GitHub Actions,,FALSE,FALSE,FALSE,FALSE,FALSE,FALSE,FALSE,FALSE,FALSE,FALSE,FALSE,FALSE,FALSE,FALSE,FALSE,FALSE,FALSE,1,0
ukurkecepatanstrippeds,TRUE,FALSE,FALSE,,FALSE,,None,GitLab CI,,FALSE,FALSE,FALSE,FALSE,FALSE,FALSE,FALSE,FALSE,FALSE,FALSE,FALSE,FALSE,FALSE,FALSE,FALSE,FALSE,FALSE,1,0
ulev1plus,FALSE,FALSE,FALSE,,FALSE,,None,Travis CI,,FALSE,FALSE,FALSE,FALSE,FALSE,FALSE,FALSE,FALSE,FALSE,FALSE,FALSE,FALSE,FALSE,FALSE,FALSE,FALSE,FALSE,1,0
ultimatewordfinder,TRUE,TRUE,FALSE,,TRUE,Travis CI_emulator_manual,Manual_ThirdParty,Travis CI,Travis CI,FALSE,FALSE,FALSE,FALSE,FALSE,FALSE,FALSE,FALSE,FALSE,FALSE,FALSE,FALSE,FALSE,FALSE,FALSE,FALSE,FALSE,1,0
umimecesky,FALSE,FALSE,FALSE,,FALSE,,None,Travis CI,,FALSE,FALSE,FALSE,FALSE,FALSE,FALSE,FALSE,FALSE,FALSE,FALSE,FALSE,FALSE,FALSE,FALSE,FALSE,FALSE,FALSE,1,0
umoney,TRUE,FALSE,FALSE,,FALSE,,None,GitHub Actions,,FALSE,FALSE,FALSE,FALSE,FALSE,FALSE,FALSE,FALSE,FALSE,FALSE,FALSE,FALSE,FALSE,FALSE,FALSE,FALSE,FALSE,1,0
unblockmusicpro_xposed,TRUE,FALSE,FALSE,,FALSE,,None,GitHub Actions,,FALSE,FALSE,FALSE,FALSE,FALSE,FALSE,FALSE,FALSE,FALSE,FALSE,FALSE,FALSE,FALSE,FALSE,FALSE,FALSE,FALSE,1,0
unchained-android,TRUE,FALSE,FALSE,,FALSE,,None,GitHub Actions,,FALSE,FALSE,FALSE,FALSE,FALSE,FALSE,FALSE,FALSE,FALSE,FALSE,FALSE,FALSE,FALSE,FALSE,FALSE,FALSE,FALSE,1,0
unciv,TRUE,FALSE,FALSE,,FALSE,,None,GitHub Actions,,FALSE,FALSE,FALSE,FALSE,FALSE,FALSE,FALSE,FALSE,FALSE,FALSE,FALSE,FALSE,FALSE,FALSE,FALSE,FALSE,FALSE,8,0
unconnectify-re,TRUE,FALSE,FALSE,,FALSE,,None,CircleCI,,FALSE,FALSE,FALSE,FALSE,FALSE,FALSE,FALSE,FALSE,FALSE,FALSE,FALSE,FALSE,FALSE,FALSE,FALSE,FALSE,FALSE,1,0
unexpected-keyboard,TRUE,FALSE,FALSE,,FALSE,,None,GitHub Actions,,FALSE,FALSE,FALSE,FALSE,FALSE,FALSE,FALSE,FALSE,FALSE,FALSE,FALSE,FALSE,FALSE,FALSE,FALSE,FALSE,FALSE,3,0
unicode,TRUE,FALSE,FALSE,,FALSE,,None,GitHub Actions,,FALSE,FALSE,FALSE,FALSE,FALSE,FALSE,FALSE,FALSE,FALSE,FALSE,FALSE,FALSE,FALSE,FALSE,FALSE,FALSE,FALSE,1,0
unicodepad,TRUE,FALSE,FALSE,,FALSE,,None,CircleCI,,FALSE,FALSE,FALSE,FALSE,FALSE,FALSE,FALSE,FALSE,FALSE,FALSE,FALSE,FALSE,FALSE,FALSE,FALSE,FALSE,FALSE,1,0
unifiednlp,TRUE,FALSE,FALSE,,FALSE,,None,GitHub Actions,,FALSE,FALSE,FALSE,FALSE,FALSE,FALSE,FALSE,FALSE,FALSE,FALSE,FALSE,FALSE,FALSE,FALSE,FALSE,FALSE,FALSE,2,0
unishare,TRUE,FALSE,FALSE,,FALSE,,None,GitHub Actions,,FALSE,FALSE,FALSE,FALSE,FALSE,FALSE,FALSE,FALSE,FALSE,FALSE,FALSE,FALSE,FALSE,FALSE,FALSE,FALSE,FALSE,1,0
unity,TRUE,FALSE,FALSE,,FALSE,,None,GitHub Actions,,FALSE,FALSE,FALSE,FALSE,FALSE,FALSE,FALSE,FALSE,FALSE,FALSE,FALSE,FALSE,FALSE,FALSE,FALSE,FALSE,FALSE,2,0
unitymodmanager,FALSE,FALSE,FALSE,,FALSE,,None,Travis CI,,FALSE,FALSE,FALSE,FALSE,FALSE,FALSE,FALSE,FALSE,FALSE,FALSE,FALSE,FALSE,FALSE,FALSE,FALSE,FALSE,FALSE,1,0
universal-native-boilerplate,TRUE,FALSE,FALSE,,FALSE,,None,Travis CI,,FALSE,FALSE,FALSE,FALSE,FALSE,FALSE,FALSE,FALSE,FALSE,FALSE,FALSE,FALSE,FALSE,FALSE,FALSE,FALSE,FALSE,1,0
unstoppable-wallet-android,TRUE,FALSE,FALSE,,FALSE,,None,GitHub Actions,,FALSE,FALSE,FALSE,FALSE,FALSE,FALSE,FALSE,FALSE,FALSE,FALSE,FALSE,FALSE,FALSE,FALSE,FALSE,FALSE,FALSE,3,0
upcomingmovies,TRUE,FALSE,FALSE,,FALSE,,None,GitHub Actions,,FALSE,FALSE,FALSE,FALSE,FALSE,FALSE,FALSE,FALSE,FALSE,FALSE,FALSE,FALSE,FALSE,FALSE,FALSE,FALSE,FALSE,1,0
upgradeall,TRUE,FALSE,FALSE,,FALSE,,None,GitHub Actions,,FALSE,FALSE,FALSE,FALSE,FALSE,FALSE,FALSE,FALSE,FALSE,FALSE,FALSE,FALSE,FALSE,FALSE,FALSE,FALSE,FALSE,4,0
upnext,TRUE,FALSE,FALSE,,FALSE,,None,GitHub Actions,,FALSE,FALSE,FALSE,FALSE,FALSE,FALSE,FALSE,FALSE,FALSE,FALSE,FALSE,FALSE,FALSE,FALSE,FALSE,FALSE,FALSE,1,0
urlchecker,TRUE,FALSE,FALSE,,FALSE,,None,GitHub Actions,,FALSE,FALSE,FALSE,FALSE,FALSE,FALSE,FALSE,FALSE,FALSE,FALSE,FALSE,FALSE,FALSE,FALSE,FALSE,FALSE,FALSE,9,0
usbhidterminal,FALSE,FALSE,FALSE,,FALSE,,None,Travis CI,,FALSE,FALSE,FALSE,FALSE,FALSE,FALSE,FALSE,FALSE,FALSE,FALSE,FALSE,FALSE,FALSE,FALSE,FALSE,FALSE,FALSE,1,0
usbserial,FALSE,FALSE,FALSE,,FALSE,,None,Travis CI,,FALSE,FALSE,FALSE,FALSE,FALSE,FALSE,FALSE,FALSE,FALSE,FALSE,FALSE,FALSE,FALSE,FALSE,FALSE,FALSE,FALSE,1,0
user-controlled-decryption-operations,TRUE,FALSE,FALSE,,FALSE,,None,GitLab CI,,FALSE,FALSE,FALSE,FALSE,FALSE,FALSE,FALSE,FALSE,FALSE,FALSE,FALSE,FALSE,FALSE,FALSE,FALSE,FALSE,FALSE,1,0
userland,TRUE,TRUE,FALSE,,TRUE,Firebase_Full,ThirdParty_Service,CircleCI,CircleCI,FALSE,FALSE,FALSE,FALSE,FALSE,FALSE,FALSE,FALSE,FALSE,FALSE,FALSE,FALSE,FALSE,FALSE,FALSE,FALSE,FALSE,1,0
utox,TRUE,FALSE,FALSE,,FALSE,,None,"GitHub Actions, GitLab CI, Unknown",,FALSE,FALSE,FALSE,FALSE,FALSE,FALSE,FALSE,FALSE,FALSE,FALSE,FALSE,FALSE,FALSE,FALSE,FALSE,FALSE,FALSE,3,0
v2ex-simple,TRUE,FALSE,FALSE,,FALSE,,None,"CircleCI, Travis CI",,FALSE,FALSE,FALSE,FALSE,FALSE,FALSE,FALSE,FALSE,FALSE,FALSE,FALSE,FALSE,FALSE,FALSE,FALSE,FALSE,FALSE,2,0
vacationdays,TRUE,FALSE,FALSE,,FALSE,,None,GitHub Actions,,FALSE,FALSE,FALSE,FALSE,FALSE,FALSE,FALSE,FALSE,FALSE,FALSE,FALSE,FALSE,FALSE,FALSE,FALSE,FALSE,FALSE,3,0
vaccinfoapp,TRUE,FALSE,FALSE,,FALSE,,None,GitHub Actions,,FALSE,FALSE,FALSE,FALSE,FALSE,FALSE,FALSE,FALSE,FALSE,FALSE,FALSE,FALSE,FALSE,FALSE,FALSE,FALSE,FALSE,1,0
valenbisi,TRUE,FALSE,FALSE,,FALSE,,None,GitHub Actions,,FALSE,FALSE,FALSE,FALSE,FALSE,FALSE,FALSE,FALSE,FALSE,FALSE,FALSE,FALSE,FALSE,FALSE,FALSE,FALSE,FALSE,1,0
vanilla,FALSE,FALSE,FALSE,,FALSE,,None,Travis CI,,FALSE,FALSE,FALSE,FALSE,FALSE,FALSE,FALSE,FALSE,FALSE,FALSE,FALSE,FALSE,FALSE,FALSE,FALSE,FALSE,FALSE,1,0
vergiss-nix,TRUE,TRUE,TRUE,GitHub_GMD,FALSE,,GitHub_Hosted,GitHub Actions,GitHub Actions,FALSE,FALSE,FALSE,FALSE,FALSE,FALSE,FALSE,FALSE,FALSE,FALSE,FALSE,FALSE,FALSE,FALSE,FALSE,FALSE,FALSE,1,0
vgs-checkout-android,TRUE,TRUE,FALSE,,TRUE,Firebase_Full,ThirdParty_Service,CircleCI,CircleCI,FALSE,FALSE,FALSE,FALSE,FALSE,FALSE,FALSE,FALSE,FALSE,FALSE,FALSE,FALSE,FALSE,FALSE,FALSE,FALSE,FALSE,1,0
vibe,TRUE,FALSE,FALSE,,FALSE,,None,GitHub Actions,,FALSE,FALSE,FALSE,FALSE,FALSE,FALSE,FALSE,FALSE,FALSE,FALSE,FALSE,FALSE,FALSE,FALSE,FALSE,FALSE,FALSE,2,0
video-transcoder,TRUE,TRUE,FALSE,,TRUE,Travis CI_emulator_manual,Manual_ThirdParty,Travis CI,Travis CI,FALSE,FALSE,FALSE,FALSE,FALSE,FALSE,FALSE,FALSE,FALSE,FALSE,FALSE,FALSE,FALSE,FALSE,FALSE,FALSE,FALSE,1,0
videocrop,FALSE,FALSE,FALSE,,FALSE,,None,Travis CI,,FALSE,FALSE,FALSE,FALSE,FALSE,FALSE,FALSE,FALSE,FALSE,FALSE,FALSE,FALSE,FALSE,FALSE,FALSE,FALSE,FALSE,1,0
videoeditor,TRUE,FALSE,FALSE,,FALSE,,None,GitHub Actions,,FALSE,FALSE,FALSE,FALSE,FALSE,FALSE,FALSE,FALSE,FALSE,FALSE,FALSE,FALSE,FALSE,FALSE,FALSE,FALSE,FALSE,3,0
view404,FALSE,FALSE,FALSE,,FALSE,,None,Travis CI,,FALSE,FALSE,FALSE,FALSE,FALSE,FALSE,FALSE,FALSE,FALSE,FALSE,FALSE,FALSE,FALSE,FALSE,FALSE,FALSE,FALSE,1,0
viewmodeladapter,FALSE,FALSE,FALSE,,FALSE,,None,CircleCI,,FALSE,FALSE,FALSE,FALSE,FALSE,FALSE,FALSE,FALSE,FALSE,FALSE,FALSE,FALSE,FALSE,FALSE,FALSE,FALSE,FALSE,1,0
viewtiful,FALSE,FALSE,FALSE,,FALSE,,None,Travis CI,,FALSE,FALSE,FALSE,FALSE,FALSE,FALSE,FALSE,FALSE,FALSE,FALSE,FALSE,FALSE,FALSE,FALSE,FALSE,FALSE,FALSE,1,0
vimusic,TRUE,FALSE,FALSE,,FALSE,,None,GitHub Actions,,FALSE,FALSE,FALSE,FALSE,FALSE,FALSE,FALSE,FALSE,FALSE,FALSE,FALSE,FALSE,FALSE,FALSE,FALSE,FALSE,FALSE,1,0
vinylmusicplayer,TRUE,FALSE,FALSE,,FALSE,,None,GitHub Actions,,FALSE,FALSE,FALSE,FALSE,FALSE,FALSE,FALSE,FALSE,FALSE,FALSE,FALSE,FALSE,FALSE,FALSE,FALSE,FALSE,FALSE,1,0
virtual-keycard,TRUE,FALSE,FALSE,,FALSE,,None,GitLab CI,,FALSE,FALSE,FALSE,FALSE,FALSE,FALSE,FALSE,FALSE,FALSE,FALSE,FALSE,FALSE,FALSE,FALSE,FALSE,FALSE,FALSE,1,0
virtual_traveller_flutter,TRUE,TRUE,TRUE,GitHub_emulator_full,FALSE,,"GitHub_Hosted, None",GitHub Actions,GitHub Actions,FALSE,FALSE,FALSE,FALSE,TRUE,FALSE,FALSE,FALSE,FALSE,FALSE,TRUE,FALSE,FALSE,FALSE,FALSE,FALSE,2,3,0
virtualxposed,TRUE,FALSE,FALSE,,FALSE,,None,"GitHub Actions, Travis CI",,FALSE,FALSE,FALSE,FALSE,FALSE,FALSE,FALSE,FALSE,FALSE,FALSE,FALSE,FALSE,FALSE,FALSE,FALSE,FALSE,FALSE,2,0
viz,TRUE,FALSE,FALSE,,FALSE,,None,Travis CI,,FALSE,FALSE,FALSE,FALSE,FALSE,FALSE,FALSE,FALSE,FALSE,FALSE,FALSE,FALSE,FALSE,FALSE,FALSE,FALSE,FALSE,1,0
vkgeo-android,TRUE,FALSE,FALSE,,FALSE,,None,GitHub Actions,,FALSE,FALSE,FALSE,FALSE,FALSE,FALSE,FALSE,FALSE,FALSE,FALSE,FALSE,FALSE,FALSE,FALSE,FALSE,FALSE,FALSE,2,0
vlillechecker,FALSE,FALSE,FALSE,,FALSE,,None,Travis CI,,FALSE,FALSE,FALSE,FALSE,FALSE,FALSE,FALSE,FALSE,FALSE,FALSE,FALSE,FALSE,FALSE,FALSE,FALSE,FALSE,FALSE,1,0
vlsm-subnet-mask-calculator,FALSE,FALSE,FALSE,,FALSE,,None,Travis CI,,FALSE,FALSE,FALSE,FALSE,FALSE,FALSE,FALSE,FALSE,FALSE,FALSE,FALSE,FALSE,FALSE,FALSE,FALSE,FALSE,FALSE,1,0
vmconsole,TRUE,FALSE,FALSE,,FALSE,,None,GitHub Actions,,FALSE,FALSE,FALSE,FALSE,FALSE,FALSE,FALSE,FALSE,FALSE,FALSE,FALSE,FALSE,FALSE,FALSE,FALSE,FALSE,FALSE,1,0
vnavi,TRUE,FALSE,FALSE,,FALSE,,None,GitHub Actions,,FALSE,FALSE,FALSE,FALSE,FALSE,FALSE,FALSE,FALSE,FALSE,FALSE,FALSE,FALSE,FALSE,FALSE,FALSE,FALSE,FALSE,2,0
vocabletrainer-android,TRUE,FALSE,FALSE,,FALSE,,None,GitHub Actions,,FALSE,FALSE,FALSE,FALSE,FALSE,FALSE,FALSE,FALSE,FALSE,FALSE,FALSE,FALSE,FALSE,FALSE,FALSE,FALSE,FALSE,1,0
voice-calci,FALSE,FALSE,FALSE,,FALSE,,None,Travis CI,,FALSE,FALSE,FALSE,FALSE,FALSE,FALSE,FALSE,FALSE,FALSE,FALSE,FALSE,FALSE,FALSE,FALSE,FALSE,FALSE,FALSE,1,0
volta,TRUE,FALSE,FALSE,,FALSE,,None,GitHub Actions,,FALSE,FALSE,FALSE,FALSE,FALSE,FALSE,FALSE,FALSE,FALSE,FALSE,FALSE,FALSE,FALSE,FALSE,FALSE,FALSE,FALSE,2,0
volumekeys,FALSE,FALSE,FALSE,,FALSE,,None,Travis CI,,FALSE,FALSE,FALSE,FALSE,FALSE,FALSE,FALSE,FALSE,FALSE,FALSE,FALSE,FALSE,FALSE,FALSE,FALSE,FALSE,FALSE,1,0
volunteery,TRUE,FALSE,FALSE,,FALSE,,None,GitHub Actions,,FALSE,FALSE,FALSE,FALSE,FALSE,FALSE,FALSE,FALSE,FALSE,FALSE,FALSE,FALSE,FALSE,FALSE,FALSE,FALSE,FALSE,2,0
vsmartcard,TRUE,FALSE,FALSE,,FALSE,,None,"GitHub Actions, Travis CI, Unknown",,FALSE,FALSE,FALSE,FALSE,FALSE,FALSE,FALSE,FALSE,FALSE,FALSE,FALSE,FALSE,FALSE,FALSE,FALSE,FALSE,FALSE,4,0
vt-androidclient,TRUE,FALSE,FALSE,,FALSE,,None,GitHub Actions,,FALSE,FALSE,FALSE,FALSE,FALSE,FALSE,FALSE,FALSE,FALSE,FALSE,FALSE,FALSE,FALSE,FALSE,FALSE,FALSE,FALSE,2,0
vudit,TRUE,FALSE,FALSE,,FALSE,,None,GitHub Actions,,FALSE,FALSE,FALSE,FALSE,FALSE,FALSE,FALSE,FALSE,FALSE,FALSE,FALSE,FALSE,FALSE,FALSE,FALSE,FALSE,FALSE,3,0
vueddit,TRUE,FALSE,FALSE,,FALSE,,None,GitHub Actions,,FALSE,FALSE,FALSE,FALSE,FALSE,FALSE,FALSE,FALSE,FALSE,FALSE,FALSE,FALSE,FALSE,FALSE,FALSE,FALSE,FALSE,1,0
vuetube,TRUE,FALSE,FALSE,,FALSE,,None,GitHub Actions,,FALSE,FALSE,FALSE,FALSE,FALSE,FALSE,FALSE,FALSE,FALSE,FALSE,FALSE,FALSE,FALSE,FALSE,FALSE,FALSE,FALSE,1,0
vulkan_best_practice_for_mobile_developers,TRUE,FALSE,FALSE,,FALSE,,None,GitLab CI,,FALSE,FALSE,FALSE,FALSE,FALSE,FALSE,FALSE,FALSE,FALSE,FALSE,FALSE,FALSE,FALSE,FALSE,FALSE,FALSE,FALSE,1,0
w203-canbus,TRUE,FALSE,FALSE,,FALSE,,None,GitHub Actions,,FALSE,FALSE,FALSE,FALSE,FALSE,FALSE,FALSE,FALSE,FALSE,FALSE,FALSE,FALSE,FALSE,FALSE,FALSE,FALSE,FALSE,2,0
waifu,TRUE,FALSE,FALSE,,FALSE,,None,GitHub Actions,,FALSE,FALSE,FALSE,FALSE,FALSE,FALSE,FALSE,FALSE,FALSE,FALSE,FALSE,FALSE,FALSE,FALSE,FALSE,FALSE,FALSE,1,0
wakelock-revamp,TRUE,FALSE,FALSE,,FALSE,,None,GitHub Actions,,FALSE,FALSE,FALSE,FALSE,FALSE,FALSE,FALSE,FALSE,FALSE,FALSE,FALSE,FALSE,FALSE,FALSE,FALSE,FALSE,FALSE,2,0
wallme-wallpaper,TRUE,FALSE,FALSE,,FALSE,,None,GitHub Actions,,FALSE,FALSE,FALSE,FALSE,FALSE,FALSE,FALSE,FALSE,FALSE,FALSE,FALSE,FALSE,FALSE,FALSE,FALSE,FALSE,FALSE,1,0
wallpaper,TRUE,FALSE,FALSE,,FALSE,,None,GitHub Actions,,FALSE,FALSE,FALSE,FALSE,FALSE,FALSE,FALSE,FALSE,FALSE,FALSE,FALSE,FALSE,FALSE,FALSE,FALSE,FALSE,FALSE,1,0
wallpaperexport,TRUE,FALSE,FALSE,,FALSE,,None,GitHub Actions,,FALSE,FALSE,FALSE,FALSE,FALSE,FALSE,FALSE,FALSE,FALSE,FALSE,FALSE,FALSE,FALSE,FALSE,FALSE,FALSE,FALSE,1,0
wanandroid,TRUE,FALSE,FALSE,,FALSE,,None,"GitHub Actions, Travis CI",,FALSE,FALSE,FALSE,FALSE,FALSE,FALSE,FALSE,FALSE,FALSE,FALSE,FALSE,FALSE,FALSE,FALSE,FALSE,FALSE,FALSE,3,0
wanandroid_compose,TRUE,FALSE,FALSE,,FALSE,,None,GitHub Actions,,FALSE,FALSE,FALSE,FALSE,FALSE,FALSE,FALSE,FALSE,FALSE,FALSE,FALSE,FALSE,FALSE,FALSE,FALSE,FALSE,FALSE,1,0
wantum-android,TRUE,FALSE,FALSE,,FALSE,,None,GitHub Actions,,FALSE,FALSE,FALSE,FALSE,FALSE,FALSE,FALSE,FALSE,FALSE,FALSE,FALSE,FALSE,FALSE,FALSE,FALSE,FALSE,FALSE,1,0
wasp-os-companion,TRUE,FALSE,FALSE,,FALSE,,None,GitHub Actions,,FALSE,FALSE,FALSE,FALSE,FALSE,FALSE,FALSE,FALSE,FALSE,FALSE,FALSE,FALSE,FALSE,FALSE,FALSE,FALSE,FALSE,1,0
wasted,TRUE,FALSE,FALSE,,FALSE,,None,GitHub Actions,,FALSE,FALSE,FALSE,FALSE,FALSE,FALSE,FALSE,FALSE,FALSE,FALSE,FALSE,FALSE,FALSE,FALSE,FALSE,FALSE,FALSE,2,0
watchcat,TRUE,FALSE,FALSE,,FALSE,,None,GitHub Actions,,FALSE,FALSE,FALSE,FALSE,FALSE,FALSE,FALSE,FALSE,FALSE,FALSE,FALSE,FALSE,FALSE,FALSE,FALSE,FALSE,FALSE,1,0
watchdone,TRUE,FALSE,FALSE,,FALSE,,None,GitHub Actions,,FALSE,FALSE,FALSE,FALSE,FALSE,FALSE,FALSE,FALSE,FALSE,FALSE,FALSE,FALSE,FALSE,FALSE,FALSE,FALSE,FALSE,2,0
watchlist,TRUE,FALSE,FALSE,,FALSE,,None,CircleCI,,FALSE,FALSE,FALSE,FALSE,FALSE,FALSE,FALSE,FALSE,FALSE,FALSE,FALSE,FALSE,FALSE,FALSE,FALSE,FALSE,FALSE,1,0
watchtower,FALSE,FALSE,FALSE,,FALSE,,None,Travis CI,,FALSE,FALSE,FALSE,FALSE,FALSE,FALSE,FALSE,FALSE,FALSE,FALSE,FALSE,FALSE,FALSE,FALSE,FALSE,FALSE,FALSE,1,0
water-me,TRUE,FALSE,FALSE,,FALSE,,None,GitHub Actions,,FALSE,FALSE,FALSE,FALSE,FALSE,FALSE,FALSE,FALSE,FALSE,FALSE,FALSE,FALSE,FALSE,FALSE,FALSE,FALSE,FALSE,1,0
waterfly-iii,TRUE,FALSE,FALSE,,FALSE,,None,GitHub Actions,,FALSE,FALSE,FALSE,FALSE,FALSE,FALSE,FALSE,FALSE,FALSE,FALSE,FALSE,FALSE,FALSE,FALSE,FALSE,FALSE,FALSE,1,0
watermaniac,TRUE,FALSE,FALSE,,FALSE,,None,GitHub Actions,,FALSE,FALSE,FALSE,FALSE,FALSE,FALSE,FALSE,FALSE,FALSE,FALSE,FALSE,FALSE,FALSE,FALSE,FALSE,FALSE,FALSE,1,0
watermelonquotes,FALSE,FALSE,FALSE,,FALSE,,None,Travis CI,,FALSE,FALSE,FALSE,FALSE,FALSE,FALSE,FALSE,FALSE,FALSE,FALSE,FALSE,FALSE,FALSE,FALSE,FALSE,FALSE,FALSE,1,0
watomatic,TRUE,FALSE,FALSE,,FALSE,,None,GitHub Actions,,FALSE,FALSE,FALSE,FALSE,FALSE,FALSE,FALSE,FALSE,FALSE,FALSE,FALSE,FALSE,FALSE,FALSE,FALSE,FALSE,FALSE,2,0
waveswallet-android,TRUE,FALSE,FALSE,,FALSE,,None,CircleCI,,FALSE,FALSE,FALSE,FALSE,FALSE,FALSE,FALSE,FALSE,FALSE,FALSE,FALSE,FALSE,FALSE,FALSE,FALSE,FALSE,FALSE,1,0
wawa-tabor,TRUE,TRUE,FALSE,,TRUE,Firebase_Full,"None, ThirdParty_Service",GitHub Actions,GitHub Actions,FALSE,FALSE,FALSE,FALSE,FALSE,FALSE,FALSE,FALSE,FALSE,FALSE,FALSE,FALSE,FALSE,FALSE,FALSE,FALSE,FALSE,3,0
wax,TRUE,FALSE,FALSE,,FALSE,,None,GitHub Actions,,FALSE,FALSE,FALSE,FALSE,FALSE,FALSE,FALSE,FALSE,FALSE,FALSE,FALSE,FALSE,FALSE,FALSE,FALSE,FALSE,FALSE,1,0
waylan_android,TRUE,FALSE,FALSE,,FALSE,,None,GitHub Actions,,FALSE,FALSE,FALSE,FALSE,FALSE,FALSE,FALSE,FALSE,FALSE,FALSE,FALSE,FALSE,FALSE,FALSE,FALSE,FALSE,FALSE,2,0
waypoint-compass,TRUE,FALSE,FALSE,,FALSE,,None,CircleCI,,FALSE,FALSE,FALSE,FALSE,FALSE,FALSE,FALSE,FALSE,FALSE,FALSE,FALSE,FALSE,FALSE,FALSE,FALSE,FALSE,FALSE,1,0
wazaker,TRUE,FALSE,FALSE,,FALSE,,None,GitHub Actions,,FALSE,FALSE,FALSE,FALSE,FALSE,FALSE,FALSE,FALSE,FALSE,FALSE,FALSE,FALSE,FALSE,FALSE,FALSE,FALSE,FALSE,3,0
we-trade,TRUE,TRUE,TRUE,GitHub_emulator_full,FALSE,,GitHub_Hosted,GitHub Actions,GitHub Actions,FALSE,FALSE,FALSE,FALSE,TRUE,FALSE,FALSE,TRUE,FALSE,FALSE,TRUE,FALSE,FALSE,FALSE,FALSE,FALSE,3,1,0
wearkit,TRUE,FALSE,FALSE,,FALSE,,None,GitHub Actions,,FALSE,FALSE,FALSE,FALSE,FALSE,FALSE,FALSE,FALSE,FALSE,FALSE,FALSE,FALSE,FALSE,FALSE,FALSE,FALSE,FALSE,2,0
weather-app-2020-android,TRUE,FALSE,FALSE,,FALSE,,None,GitHub Actions,,FALSE,FALSE,FALSE,FALSE,FALSE,FALSE,FALSE,FALSE,FALSE,FALSE,FALSE,FALSE,FALSE,FALSE,FALSE,FALSE,FALSE,1,0
weather-app-compose,TRUE,TRUE,TRUE,GitHub_emulator_full,FALSE,,GitHub_Hosted,GitHub Actions,GitHub Actions,FALSE,FALSE,FALSE,FALSE,TRUE,FALSE,FALSE,TRUE,FALSE,FALSE,TRUE,FALSE,FALSE,FALSE,FALSE,FALSE,3,1,0
weather-forecast-id,TRUE,TRUE,TRUE,GitHub_emulator_full,FALSE,,"GitHub_Hosted, None",GitHub Actions,GitHub Actions,FALSE,FALSE,FALSE,FALSE,FALSE,FALSE,FALSE,FALSE,FALSE,FALSE,TRUE,FALSE,FALSE,FALSE,FALSE,FALSE,1,3,0
weatherapp,TRUE,FALSE,FALSE,,FALSE,,None,GitHub Actions,,FALSE,FALSE,FALSE,FALSE,FALSE,FALSE,FALSE,FALSE,FALSE,FALSE,FALSE,FALSE,FALSE,FALSE,FALSE,FALSE,FALSE,1,0
weatherapp-android,TRUE,FALSE,FALSE,,FALSE,,None,GitHub Actions,,FALSE,FALSE,FALSE,FALSE,FALSE,FALSE,FALSE,FALSE,FALSE,FALSE,FALSE,FALSE,FALSE,FALSE,FALSE,FALSE,FALSE,2,0
weathercast,FALSE,FALSE,FALSE,,FALSE,,None,CircleCI,,FALSE,FALSE,FALSE,FALSE,FALSE,FALSE,FALSE,FALSE,FALSE,FALSE,FALSE,FALSE,FALSE,FALSE,FALSE,FALSE,FALSE,1,0
weatherradar,FALSE,FALSE,FALSE,,FALSE,,None,Travis CI,,FALSE,FALSE,FALSE,FALSE,FALSE,FALSE,FALSE,FALSE,FALSE,FALSE,FALSE,FALSE,FALSE,FALSE,FALSE,FALSE,FALSE,1,0
webaudio-spectrum-analyser,TRUE,FALSE,FALSE,,FALSE,,None,GitHub Actions,,FALSE,FALSE,FALSE,FALSE,FALSE,FALSE,FALSE,FALSE,FALSE,FALSE,FALSE,FALSE,FALSE,FALSE,FALSE,FALSE,FALSE,3,0
webmark,TRUE,TRUE,FALSE,,TRUE,Firebase_Full,ThirdParty_Service,CircleCI,CircleCI,FALSE,FALSE,FALSE,FALSE,FALSE,FALSE,FALSE,FALSE,FALSE,FALSE,FALSE,FALSE,FALSE,FALSE,FALSE,FALSE,FALSE,1,0
webmon,TRUE,FALSE,FALSE,,FALSE,,None,GitLab CI,,FALSE,FALSE,FALSE,FALSE,FALSE,FALSE,FALSE,FALSE,FALSE,FALSE,FALSE,FALSE,FALSE,FALSE,FALSE,FALSE,FALSE,1,0
websiterss,TRUE,FALSE,FALSE,,FALSE,,None,Travis CI,,FALSE,FALSE,FALSE,FALSE,FALSE,FALSE,FALSE,FALSE,FALSE,FALSE,FALSE,FALSE,FALSE,FALSE,FALSE,FALSE,FALSE,1,0
webtoon,TRUE,FALSE,FALSE,,FALSE,,None,GitHub Actions,,FALSE,FALSE,FALSE,FALSE,FALSE,FALSE,FALSE,FALSE,FALSE,FALSE,FALSE,FALSE,FALSE,FALSE,FALSE,FALSE,FALSE,2,0
webviewadapter,FALSE,FALSE,FALSE,,FALSE,,None,Travis CI,,FALSE,FALSE,FALSE,FALSE,FALSE,FALSE,FALSE,FALSE,FALSE,FALSE,FALSE,FALSE,FALSE,FALSE,FALSE,FALSE,FALSE,1,0
weechat-android,TRUE,FALSE,FALSE,,FALSE,,None,GitHub Actions,,FALSE,FALSE,FALSE,FALSE,FALSE,FALSE,FALSE,FALSE,FALSE,FALSE,FALSE,FALSE,FALSE,FALSE,FALSE,FALSE,FALSE,1,0
weiju-androidclient,TRUE,FALSE,FALSE,,FALSE,,None,CircleCI,,FALSE,FALSE,FALSE,FALSE,FALSE,FALSE,FALSE,FALSE,FALSE,FALSE,FALSE,FALSE,FALSE,FALSE,FALSE,FALSE,FALSE,1,0
weipay,FALSE,FALSE,FALSE,,FALSE,,None,CircleCI,,FALSE,FALSE,FALSE,FALSE,FALSE,FALSE,FALSE,FALSE,FALSE,FALSE,FALSE,FALSE,FALSE,FALSE,FALSE,FALSE,FALSE,1,0
wellness_meter,TRUE,FALSE,FALSE,,FALSE,,None,GitHub Actions,,FALSE,FALSE,FALSE,FALSE,FALSE,FALSE,FALSE,FALSE,FALSE,FALSE,FALSE,FALSE,FALSE,FALSE,FALSE,FALSE,FALSE,1,0
wellnesscity,TRUE,FALSE,FALSE,,FALSE,,None,GitHub Actions,,FALSE,FALSE,FALSE,FALSE,FALSE,FALSE,FALSE,FALSE,FALSE,FALSE,FALSE,FALSE,FALSE,FALSE,FALSE,FALSE,FALSE,1,0
werewolf,TRUE,FALSE,FALSE,,FALSE,,None,GitHub Actions,,FALSE,FALSE,FALSE,FALSE,FALSE,FALSE,FALSE,FALSE,FALSE,FALSE,FALSE,FALSE,FALSE,FALSE,FALSE,FALSE,FALSE,2,0
wessager,TRUE,FALSE,FALSE,,FALSE,,None,GitHub Actions,,FALSE,FALSE,FALSE,FALSE,FALSE,FALSE,FALSE,FALSE,FALSE,FALSE,FALSE,FALSE,FALSE,FALSE,FALSE,FALSE,FALSE,1,0
whats-nearby,TRUE,TRUE,FALSE,,TRUE,Travis CI_emulator_manual,Manual_ThirdParty,Travis CI,Travis CI,FALSE,FALSE,FALSE,FALSE,FALSE,FALSE,FALSE,FALSE,FALSE,FALSE,FALSE,FALSE,FALSE,FALSE,FALSE,FALSE,FALSE,1,0
whatsapp-status-download,TRUE,FALSE,FALSE,,FALSE,,None,GitHub Actions,,FALSE,FALSE,FALSE,FALSE,FALSE,FALSE,FALSE,FALSE,FALSE,FALSE,FALSE,FALSE,FALSE,FALSE,FALSE,FALSE,FALSE,1,0
whatsapp_status_saver,TRUE,FALSE,FALSE,,FALSE,,None,GitHub Actions,,FALSE,FALSE,FALSE,FALSE,FALSE,FALSE,FALSE,FALSE,FALSE,FALSE,FALSE,FALSE,FALSE,FALSE,FALSE,FALSE,FALSE,1,0
whatsappbetaupdater,TRUE,FALSE,FALSE,,FALSE,,None,Travis CI,,FALSE,FALSE,FALSE,FALSE,FALSE,FALSE,FALSE,FALSE,FALSE,FALSE,FALSE,FALSE,FALSE,FALSE,FALSE,FALSE,FALSE,1,0
whatsthere,TRUE,FALSE,FALSE,,FALSE,,None,GitHub Actions,,FALSE,FALSE,FALSE,FALSE,FALSE,FALSE,FALSE,FALSE,FALSE,FALSE,FALSE,FALSE,FALSE,FALSE,FALSE,FALSE,FALSE,1,0
wheellog,TRUE,FALSE,FALSE,,FALSE,,None,GitHub Actions,,FALSE,FALSE,FALSE,FALSE,FALSE,FALSE,FALSE,FALSE,FALSE,FALSE,FALSE,FALSE,FALSE,FALSE,FALSE,FALSE,FALSE,2,0
white-noise-player,TRUE,FALSE,FALSE,,FALSE,,None,GitHub Actions,,FALSE,FALSE,FALSE,FALSE,FALSE,FALSE,FALSE,FALSE,FALSE,FALSE,FALSE,FALSE,FALSE,FALSE,FALSE,FALSE,FALSE,2,0
whooby,FALSE,FALSE,FALSE,,FALSE,,None,GitHub Actions,,FALSE,FALSE,FALSE,FALSE,FALSE,FALSE,FALSE,FALSE,FALSE,FALSE,FALSE,FALSE,FALSE,FALSE,FALSE,FALSE,FALSE,1,0
whs,TRUE,FALSE,FALSE,,FALSE,,None,Travis CI,,FALSE,FALSE,FALSE,FALSE,FALSE,FALSE,FALSE,FALSE,FALSE,FALSE,FALSE,FALSE,FALSE,FALSE,FALSE,FALSE,FALSE,1,0
whuhelper,TRUE,FALSE,FALSE,,FALSE,,None,GitHub Actions,,FALSE,FALSE,FALSE,FALSE,FALSE,FALSE,FALSE,FALSE,FALSE,FALSE,FALSE,FALSE,FALSE,FALSE,FALSE,FALSE,FALSE,1,0
wifi-automatic,FALSE,FALSE,FALSE,,FALSE,,None,Travis CI,,FALSE,FALSE,FALSE,FALSE,FALSE,FALSE,FALSE,FALSE,FALSE,FALSE,FALSE,FALSE,FALSE,FALSE,FALSE,FALSE,FALSE,1,0
wifi-radar,TRUE,FALSE,FALSE,,FALSE,,None,GitHub Actions,,FALSE,FALSE,FALSE,FALSE,FALSE,FALSE,FALSE,FALSE,FALSE,FALSE,FALSE,FALSE,FALSE,FALSE,FALSE,FALSE,FALSE,1,0
wifianalyzer,TRUE,FALSE,FALSE,,FALSE,,None,GitHub Actions,,FALSE,FALSE,FALSE,FALSE,FALSE,FALSE,FALSE,FALSE,FALSE,FALSE,FALSE,FALSE,FALSE,FALSE,FALSE,FALSE,FALSE,2,0
wifiauto,FALSE,FALSE,FALSE,,FALSE,,None,Travis CI,,FALSE,FALSE,FALSE,FALSE,FALSE,FALSE,FALSE,FALSE,FALSE,FALSE,FALSE,FALSE,FALSE,FALSE,FALSE,FALSE,FALSE,1,0
wifiindoorpositioning,FALSE,FALSE,FALSE,,FALSE,,None,Travis CI,,FALSE,FALSE,FALSE,FALSE,FALSE,FALSE,FALSE,FALSE,FALSE,FALSE,FALSE,FALSE,FALSE,FALSE,FALSE,FALSE,FALSE,1,0
wifikeyshare,TRUE,FALSE,FALSE,,FALSE,,None,Travis CI,,FALSE,FALSE,FALSE,FALSE,FALSE,FALSE,FALSE,FALSE,FALSE,FALSE,FALSE,FALSE,FALSE,FALSE,FALSE,FALSE,FALSE,1,0
wifisdcryptolocker,TRUE,TRUE,FALSE,,TRUE,Travis CI_emulator_manual,Manual_ThirdParty,Travis CI,Travis CI,FALSE,FALSE,FALSE,FALSE,FALSE,FALSE,FALSE,FALSE,FALSE,FALSE,FALSE,FALSE,FALSE,FALSE,FALSE,FALSE,FALSE,1,0
wifiview,FALSE,FALSE,FALSE,,FALSE,,None,Travis CI,,FALSE,FALSE,FALSE,FALSE,FALSE,FALSE,FALSE,FALSE,FALSE,FALSE,FALSE,FALSE,FALSE,FALSE,FALSE,FALSE,FALSE,1,1
wiimotedsu,TRUE,FALSE,FALSE,,FALSE,,None,GitHub Actions,,FALSE,FALSE,FALSE,FALSE,FALSE,FALSE,FALSE,FALSE,FALSE,FALSE,FALSE,FALSE,FALSE,FALSE,FALSE,FALSE,FALSE,3,0
wikiexplorer,TRUE,FALSE,FALSE,,FALSE,,None,"CircleCI, GitHub Actions",,FALSE,FALSE,FALSE,FALSE,FALSE,FALSE,FALSE,FALSE,FALSE,FALSE,FALSE,FALSE,FALSE,FALSE,FALSE,FALSE,FALSE,2,0
wilt-android,TRUE,FALSE,FALSE,,FALSE,,None,Travis CI,,FALSE,FALSE,FALSE,FALSE,FALSE,FALSE,FALSE,FALSE,FALSE,FALSE,FALSE,FALSE,FALSE,FALSE,FALSE,FALSE,FALSE,1,0
wine,TRUE,FALSE,FALSE,,FALSE,,None,GitLab CI,,FALSE,FALSE,FALSE,FALSE,FALSE,FALSE,FALSE,FALSE,FALSE,FALSE,FALSE,FALSE,FALSE,FALSE,FALSE,FALSE,FALSE,1,0
wlanbackend,TRUE,FALSE,FALSE,,FALSE,,None,GitLab CI,,FALSE,FALSE,FALSE,FALSE,FALSE,FALSE,FALSE,FALSE,FALSE,FALSE,FALSE,FALSE,FALSE,FALSE,FALSE,FALSE,FALSE,1,0
wollok-mobile,TRUE,FALSE,FALSE,,FALSE,,None,GitHub Actions,,FALSE,FALSE,FALSE,FALSE,FALSE,FALSE,FALSE,FALSE,FALSE,FALSE,FALSE,FALSE,FALSE,FALSE,FALSE,FALSE,FALSE,2,0
wolmo-cookbook-android,FALSE,FALSE,FALSE,,FALSE,,None,Travis CI,,FALSE,FALSE,FALSE,FALSE,FALSE,FALSE,FALSE,FALSE,FALSE,FALSE,FALSE,FALSE,FALSE,FALSE,FALSE,FALSE,FALSE,1,0
wonkey,TRUE,FALSE,FALSE,,FALSE,,None,"GitHub Actions, Travis CI",,FALSE,FALSE,FALSE,FALSE,FALSE,FALSE,FALSE,FALSE,FALSE,FALSE,FALSE,FALSE,FALSE,FALSE,FALSE,FALSE,FALSE,8,0
woolly-app,TRUE,FALSE,FALSE,,FALSE,,None,GitHub Actions,,FALSE,FALSE,FALSE,FALSE,FALSE,FALSE,FALSE,FALSE,FALSE,FALSE,FALSE,FALSE,FALSE,FALSE,FALSE,FALSE,FALSE,2,0
word-list,FALSE,FALSE,FALSE,,FALSE,,None,Travis CI,,FALSE,FALSE,FALSE,FALSE,FALSE,FALSE,FALSE,FALSE,FALSE,FALSE,FALSE,FALSE,FALSE,FALSE,FALSE,FALSE,FALSE,1,0
wordle-kt,TRUE,FALSE,FALSE,,FALSE,,None,GitHub Actions,,FALSE,FALSE,FALSE,FALSE,FALSE,FALSE,FALSE,FALSE,FALSE,FALSE,FALSE,FALSE,FALSE,FALSE,FALSE,FALSE,FALSE,1,0
wordlecompose,TRUE,FALSE,FALSE,,FALSE,,None,GitHub Actions,,FALSE,FALSE,FALSE,FALSE,FALSE,FALSE,FALSE,FALSE,FALSE,FALSE,FALSE,FALSE,FALSE,FALSE,FALSE,FALSE,FALSE,1,0
wordlesolver,TRUE,FALSE,FALSE,,FALSE,,None,GitHub Actions,,FALSE,FALSE,FALSE,FALSE,FALSE,FALSE,FALSE,FALSE,FALSE,FALSE,FALSE,FALSE,FALSE,FALSE,FALSE,FALSE,FALSE,2,0
wordpowermadeeasy,TRUE,FALSE,FALSE,,FALSE,,None,Travis CI,,FALSE,FALSE,FALSE,FALSE,FALSE,FALSE,FALSE,FALSE,FALSE,FALSE,FALSE,FALSE,FALSE,FALSE,FALSE,FALSE,FALSE,1,0
wordpress-app-with-flutter,TRUE,FALSE,FALSE,,FALSE,,None,GitHub Actions,,FALSE,FALSE,FALSE,FALSE,FALSE,FALSE,FALSE,FALSE,FALSE,FALSE,FALSE,FALSE,FALSE,FALSE,FALSE,FALSE,FALSE,1,0
wormhole-william-mobile,TRUE,FALSE,FALSE,,FALSE,,None,GitHub Actions,,FALSE,FALSE,FALSE,FALSE,FALSE,FALSE,FALSE,FALSE,FALSE,FALSE,FALSE,FALSE,FALSE,FALSE,FALSE,FALSE,FALSE,1,0
wqthrottle,TRUE,FALSE,FALSE,,FALSE,,None,GitHub Actions,,FALSE,FALSE,FALSE,FALSE,FALSE,FALSE,FALSE,FALSE,FALSE,FALSE,FALSE,FALSE,FALSE,FALSE,FALSE,FALSE,FALSE,3,0
writeily-pro,FALSE,FALSE,FALSE,,FALSE,,None,Travis CI,,FALSE,FALSE,FALSE,FALSE,FALSE,FALSE,FALSE,FALSE,FALSE,FALSE,FALSE,FALSE,FALSE,FALSE,FALSE,FALSE,FALSE,1,0
ws2022_pme_flipsen,TRUE,FALSE,FALSE,,FALSE,,None,GitHub Actions,,FALSE,FALSE,FALSE,FALSE,FALSE,FALSE,FALSE,FALSE,FALSE,FALSE,FALSE,FALSE,FALSE,FALSE,FALSE,FALSE,FALSE,1,0
wsa-installedapps,TRUE,FALSE,FALSE,,FALSE,,None,GitHub Actions,,FALSE,FALSE,FALSE,FALSE,FALSE,FALSE,FALSE,FALSE,FALSE,FALSE,FALSE,FALSE,FALSE,FALSE,FALSE,FALSE,FALSE,1,0
wsandroid,FALSE,FALSE,FALSE,,FALSE,,None,Travis CI,,FALSE,FALSE,FALSE,FALSE,FALSE,FALSE,FALSE,FALSE,FALSE,FALSE,FALSE,FALSE,FALSE,FALSE,FALSE,FALSE,FALSE,1,0
wtcounter,TRUE,FALSE,FALSE,,FALSE,,None,CircleCI,,FALSE,FALSE,FALSE,FALSE,FALSE,FALSE,FALSE,FALSE,FALSE,FALSE,FALSE,FALSE,FALSE,FALSE,FALSE,FALSE,FALSE,1,0
wwwjdic,TRUE,FALSE,FALSE,,FALSE,,None,GitHub Actions,,FALSE,FALSE,FALSE,FALSE,FALSE,FALSE,FALSE,FALSE,FALSE,FALSE,FALSE,FALSE,FALSE,FALSE,FALSE,FALSE,FALSE,4,0
xabber-android,FALSE,FALSE,FALSE,,FALSE,,None,Travis CI,,FALSE,FALSE,FALSE,FALSE,FALSE,FALSE,FALSE,FALSE,FALSE,FALSE,FALSE,FALSE,FALSE,FALSE,FALSE,FALSE,FALSE,1,0
xbmc,TRUE,FALSE,FALSE,,FALSE,,None,GitHub Actions,,FALSE,FALSE,FALSE,FALSE,FALSE,FALSE,FALSE,FALSE,FALSE,FALSE,FALSE,FALSE,FALSE,FALSE,FALSE,FALSE,FALSE,3,0
xcsoar,TRUE,FALSE,FALSE,,FALSE,,None,"GitHub Actions, GitLab CI",,FALSE,FALSE,FALSE,FALSE,FALSE,FALSE,FALSE,FALSE,FALSE,FALSE,FALSE,FALSE,FALSE,FALSE,FALSE,FALSE,FALSE,6,0
xiaexpressandroid,TRUE,TRUE,FALSE,,TRUE,Travis CI_emulator_manual,Manual_ThirdParty,Travis CI,Travis CI,FALSE,FALSE,FALSE,FALSE,FALSE,FALSE,FALSE,FALSE,FALSE,FALSE,FALSE,FALSE,FALSE,FALSE,FALSE,FALSE,FALSE,1,0
xiaomiode2code2022,TRUE,FALSE,FALSE,,FALSE,,None,GitHub Actions,,FALSE,FALSE,FALSE,FALSE,FALSE,FALSE,FALSE,FALSE,FALSE,FALSE,FALSE,FALSE,FALSE,FALSE,FALSE,FALSE,FALSE,3,0
xiaoxiazhihu,FALSE,FALSE,FALSE,,FALSE,,None,Travis CI,,FALSE,FALSE,FALSE,FALSE,FALSE,FALSE,FALSE,FALSE,FALSE,FALSE,FALSE,FALSE,FALSE,FALSE,FALSE,FALSE,FALSE,1,0
xifan,FALSE,FALSE,FALSE,,FALSE,,None,Travis CI,,FALSE,FALSE,FALSE,FALSE,FALSE,FALSE,FALSE,FALSE,FALSE,FALSE,FALSE,FALSE,FALSE,FALSE,FALSE,FALSE,FALSE,1,0
xikolo-android,TRUE,FALSE,FALSE,,FALSE,,None,GitHub Actions,,FALSE,FALSE,FALSE,FALSE,FALSE,FALSE,FALSE,FALSE,FALSE,FALSE,FALSE,FALSE,FALSE,FALSE,FALSE,FALSE,FALSE,2,0
xplayer,TRUE,FALSE,FALSE,,FALSE,,None,GitHub Actions,,FALSE,FALSE,FALSE,FALSE,FALSE,FALSE,FALSE,FALSE,FALSE,FALSE,FALSE,FALSE,FALSE,FALSE,FALSE,FALSE,FALSE,2,0
xxpermissions,TRUE,FALSE,FALSE,,FALSE,,None,GitHub Actions,,FALSE,FALSE,FALSE,FALSE,FALSE,FALSE,FALSE,FALSE,FALSE,FALSE,FALSE,FALSE,FALSE,FALSE,FALSE,FALSE,FALSE,1,0
xzil-wallet,TRUE,FALSE,FALSE,,FALSE,,None,CircleCI,,FALSE,FALSE,FALSE,FALSE,FALSE,FALSE,FALSE,FALSE,FALSE,FALSE,FALSE,FALSE,FALSE,FALSE,FALSE,FALSE,FALSE,1,0
yaaic,FALSE,FALSE,FALSE,,FALSE,,None,Travis CI,,FALSE,FALSE,FALSE,FALSE,FALSE,FALSE,FALSE,FALSE,FALSE,FALSE,FALSE,FALSE,FALSE,FALSE,FALSE,FALSE,FALSE,1,0
yacguide,TRUE,TRUE,TRUE,"GitHub Actions_emulator_manual, GitHub_emulator_full",FALSE,,"GitHub_Hosted, None",GitHub Actions,GitHub Actions,FALSE,FALSE,FALSE,FALSE,FALSE,FALSE,FALSE,TRUE,FALSE,FALSE,FALSE,FALSE,FALSE,FALSE,TRUE,FALSE,2,2,0
yana,TRUE,FALSE,FALSE,,FALSE,,None,GitHub Actions,,FALSE,FALSE,FALSE,FALSE,FALSE,FALSE,FALSE,FALSE,FALSE,FALSE,FALSE,FALSE,FALSE,FALSE,FALSE,FALSE,FALSE,1,0
yelpexplorer,TRUE,FALSE,FALSE,,FALSE,,None,GitHub Actions,,FALSE,FALSE,FALSE,FALSE,FALSE,FALSE,FALSE,FALSE,FALSE,FALSE,FALSE,FALSE,FALSE,FALSE,FALSE,FALSE,FALSE,2,0
yggdrasil-android,TRUE,FALSE,FALSE,,FALSE,,None,GitHub Actions,,FALSE,FALSE,FALSE,FALSE,FALSE,FALSE,FALSE,FALSE,FALSE,FALSE,FALSE,FALSE,FALSE,FALSE,FALSE,FALSE,FALSE,1,0
you-coach-you,TRUE,FALSE,FALSE,,FALSE,,None,GitHub Actions,,FALSE,FALSE,FALSE,FALSE,FALSE,FALSE,FALSE,FALSE,FALSE,FALSE,FALSE,FALSE,FALSE,FALSE,FALSE,FALSE,FALSE,1,0
you-have-mail,TRUE,FALSE,FALSE,,FALSE,,None,GitHub Actions,,FALSE,FALSE,FALSE,FALSE,FALSE,FALSE,FALSE,FALSE,FALSE,FALSE,FALSE,FALSE,FALSE,FALSE,FALSE,FALSE,FALSE,1,0
youkai,FALSE,FALSE,FALSE,,FALSE,,None,Travis CI,,FALSE,FALSE,FALSE,FALSE,FALSE,FALSE,FALSE,FALSE,FALSE,FALSE,FALSE,FALSE,FALSE,FALSE,FALSE,FALSE,FALSE,1,0
your-local-weather,FALSE,FALSE,FALSE,,FALSE,,None,Travis CI,,FALSE,FALSE,FALSE,FALSE,FALSE,FALSE,FALSE,FALSE,FALSE,FALSE,FALSE,FALSE,FALSE,FALSE,FALSE,FALSE,FALSE,1,0
youtube-android,TRUE,FALSE,FALSE,,FALSE,,None,GitHub Actions,,FALSE,FALSE,FALSE,FALSE,FALSE,FALSE,FALSE,FALSE,FALSE,FALSE,FALSE,FALSE,FALSE,FALSE,FALSE,FALSE,FALSE,1,0
youtune-reactnative,TRUE,FALSE,FALSE,,FALSE,,None,GitHub Actions,,FALSE,FALSE,FALSE,FALSE,FALSE,FALSE,FALSE,FALSE,FALSE,FALSE,FALSE,FALSE,FALSE,FALSE,FALSE,FALSE,FALSE,3,0
ytalarm,TRUE,TRUE,TRUE,GitHub_emulator_full,FALSE,,"GitHub_Hosted, None",GitHub Actions,GitHub Actions,FALSE,FALSE,FALSE,FALSE,FALSE,FALSE,FALSE,FALSE,FALSE,FALSE,FALSE,FALSE,FALSE,FALSE,FALSE,FALSE,FALSE,4,0
yubioath-flutter,TRUE,FALSE,FALSE,,FALSE,,None,GitHub Actions,,FALSE,FALSE,FALSE,FALSE,FALSE,FALSE,FALSE,FALSE,FALSE,FALSE,FALSE,FALSE,FALSE,FALSE,FALSE,FALSE,FALSE,6,0
yummy,TRUE,FALSE,FALSE,,FALSE,,None,GitHub Actions,,FALSE,FALSE,FALSE,FALSE,FALSE,FALSE,FALSE,FALSE,FALSE,FALSE,FALSE,FALSE,FALSE,FALSE,FALSE,FALSE,FALSE,1,0
yunshu_music,TRUE,FALSE,FALSE,,FALSE,,None,GitHub Actions,,FALSE,FALSE,FALSE,FALSE,FALSE,FALSE,FALSE,FALSE,FALSE,FALSE,FALSE,FALSE,FALSE,FALSE,FALSE,FALSE,FALSE,1,0
zandy,TRUE,FALSE,FALSE,,FALSE,,None,GitHub Actions,,FALSE,FALSE,FALSE,FALSE,FALSE,FALSE,FALSE,FALSE,FALSE,FALSE,FALSE,FALSE,FALSE,FALSE,FALSE,FALSE,FALSE,1,0
zapp,TRUE,FALSE,FALSE,,FALSE,,None,GitHub Actions,,FALSE,FALSE,FALSE,FALSE,FALSE,FALSE,FALSE,FALSE,FALSE,FALSE,FALSE,FALSE,FALSE,FALSE,FALSE,FALSE,FALSE,1,0
zaptap,TRUE,FALSE,FALSE,,FALSE,,None,CircleCI,,FALSE,FALSE,FALSE,FALSE,FALSE,FALSE,FALSE,FALSE,FALSE,FALSE,FALSE,FALSE,FALSE,FALSE,FALSE,FALSE,FALSE,1,0
zatca,TRUE,FALSE,FALSE,,FALSE,,None,GitHub Actions,,FALSE,FALSE,FALSE,FALSE,FALSE,FALSE,FALSE,FALSE,FALSE,FALSE,FALSE,FALSE,FALSE,FALSE,FALSE,FALSE,FALSE,1,0
zazen,TRUE,FALSE,FALSE,,FALSE,,None,GitHub Actions,,FALSE,FALSE,FALSE,FALSE,FALSE,FALSE,FALSE,FALSE,FALSE,FALSE,FALSE,FALSE,FALSE,FALSE,FALSE,FALSE,FALSE,2,0
zephyr,TRUE,FALSE,FALSE,,FALSE,,None,GitHub Actions,,FALSE,FALSE,FALSE,FALSE,FALSE,FALSE,FALSE,FALSE,FALSE,FALSE,FALSE,FALSE,FALSE,FALSE,FALSE,FALSE,FALSE,1,0
zeptobird,TRUE,FALSE,FALSE,,FALSE,,None,Travis CI,,FALSE,FALSE,FALSE,FALSE,FALSE,FALSE,FALSE,FALSE,FALSE,FALSE,FALSE,FALSE,FALSE,FALSE,FALSE,FALSE,FALSE,1,0
zero,FALSE,FALSE,FALSE,,FALSE,,None,Travis CI,,FALSE,FALSE,FALSE,FALSE,FALSE,FALSE,FALSE,FALSE,FALSE,FALSE,FALSE,FALSE,FALSE,FALSE,FALSE,FALSE,FALSE,1,0
zethree,TRUE,FALSE,FALSE,,FALSE,,None,GitHub Actions,,FALSE,FALSE,FALSE,FALSE,FALSE,FALSE,FALSE,FALSE,FALSE,FALSE,FALSE,FALSE,FALSE,FALSE,FALSE,FALSE,FALSE,1,0
zoo-compose,TRUE,TRUE,TRUE,GitHub_emulator_full,FALSE,,GitHub_Hosted,GitHub Actions,GitHub Actions,FALSE,FALSE,FALSE,FALSE,TRUE,FALSE,FALSE,TRUE,FALSE,FALSE,TRUE,FALSE,FALSE,FALSE,FALSE,FALSE,3,1,0
zoomlayout,TRUE,FALSE,FALSE,,FALSE,,None,GitHub Actions,,FALSE,FALSE,FALSE,FALSE,FALSE,FALSE,FALSE,FALSE,FALSE,FALSE,FALSE,FALSE,FALSE,FALSE,FALSE,FALSE,FALSE,3,0
zsmth-android,TRUE,FALSE,FALSE,,FALSE,,None,GitHub Actions,,FALSE,FALSE,FALSE,FALSE,FALSE,FALSE,FALSE,FALSE,FALSE,FALSE,FALSE,FALSE,FALSE,FALSE,FALSE,FALSE,FALSE,2,0
zulip-mobile,TRUE,FALSE,FALSE,,FALSE,,None,GitHub Actions,,FALSE,FALSE,FALSE,FALSE,FALSE,FALSE,FALSE,FALSE,FALSE,FALSE,FALSE,FALSE,FALSE,FALSE,FALSE,FALSE,FALSE,1,0
zup-android-tecnico,TRUE,FALSE,FALSE,,FALSE,,None,GitLab CI,,FALSE,FALSE,FALSE,FALSE,FALSE,FALSE,FALSE,FALSE,FALSE,FALSE,FALSE,FALSE,FALSE,FALSE,FALSE,FALSE,FALSE,1,0
FALSE,FALSE,FALSE,FALSE,,FALSE,FALSE,,,,FALSE,FALSE,FALSE,FALSE,FALSE,FALSE,FALSE,FALSE,FALSE,FALSE,FALSE,FALSE,FALSE,FALSE,FALSE,FALSE,FALSE,0,0
