project,Unit Test,Instrumentation Testing,GitHub Action,GitHub Action Test,Third_Party,Third_Party Test,Test_Type_Grouped,CI Platform,CI Platform_Modified,API_16,API_19,API_21,API_22,API_23,API_24,API_25,API_26,API_27,API_28,API_29,API_30,API_31,API_32,API_33,API_34,Total API,yml_count,yaml_errors
15puzzle,True,True,True,GitHub_emulator_full,False,,"GitHub_Hosted, None",GitHub,GitHub,False,False,False,False,False,False,False,False,False,False,True,False,False,False,False,False,1.0,3.0,0.0
1rramp-android,True,True,False,,True,Travis CI_emulator_manual,"Manual_ThirdParty, None","GitLab CI, Travis CI",Travis CI,False,False,False,False,False,False,False,False,False,False,False,False,False,False,False,False,False,2.0,0.0
2021-1-ossp2-barcode-8,True,False,False,,False,,None,CircleCI,,False,False,False,False,False,False,False,False,False,False,False,False,False,False,False,False,False,1.0,0.0
2022_2_wap_app_team1,True,False,False,,False,,None,GitHub,,False,False,False,False,False,False,False,False,False,False,False,False,False,False,False,False,False,1.0,0.0
2048-android,False,False,False,,False,,None,Travis CI,,False,False,False,False,False,False,False,False,False,False,False,False,False,False,False,False,False,1.0,0.0
2048-battles,True,False,False,,False,,None,CircleCI,,False,False,False,False,False,False,False,False,False,False,False,False,False,False,False,False,False,1.0,0.0
4pdaclient-plus,True,False,False,,False,,None,GitHub,,False,False,False,False,False,False,False,False,False,False,False,False,False,False,False,False,False,2.0,0.0
4th_grade_is-master-,True,False,False,,False,,None,GitHub,,False,False,False,False,False,False,False,False,False,False,False,False,False,False,False,False,False,1.0,0.0
6502android,False,False,False,,False,,None,Travis CI,,False,False,False,False,False,False,False,False,False,False,False,False,False,False,False,False,False,1.0,0.0
9tique-android,False,False,False,,False,,None,Travis CI,,False,False,False,False,False,False,False,False,False,False,False,False,False,False,False,False,False,1.0,0.0
a2ln-app,True,False,False,,False,,None,GitHub,,False,False,False,False,False,False,False,False,False,False,False,False,False,False,False,False,False,1.0,0.0
aaaaxy,True,False,False,,False,,None,GitHub,,False,False,False,False,False,False,False,False,False,False,False,False,False,False,False,False,False,9.0,0.0
aap-juce-frequalizer,False,False,False,,False,,None,GitHub,,False,False,False,False,False,False,False,False,False,False,False,False,False,False,False,False,False,1.0,0.0
aat,True,False,False,,False,,None,GitHub,,False,False,False,False,False,False,False,False,False,False,False,False,False,False,False,False,False,1.0,0.0
abcore,True,True,False,,True,Travis CI_emulator_manual,Manual_ThirdParty,Travis CI,Travis CI,False,False,False,False,False,False,False,False,False,False,False,False,False,False,False,False,False,1.0,0.0
accordion,True,False,False,,False,,None,GitHub,,False,False,False,False,False,False,False,False,False,False,False,False,False,False,False,False,False,2.0,0.0
accrescent,True,False,False,,False,,None,GitHub,,False,False,False,False,False,False,False,False,False,False,False,False,False,False,False,False,False,3.0,0.0
acdisplay,True,True,False,,True,Travis CI_emulator_manual,Manual_ThirdParty,Travis CI,Travis CI,False,False,False,False,False,False,False,False,False,False,False,False,False,False,False,False,False,1.0,0.0
ace-android,False,False,False,,False,,None,Travis CI,,False,False,False,False,False,False,False,False,False,False,False,False,False,False,False,False,False,1.0,0.0
acs-upb-mobile,True,False,False,,False,,None,GitHub,,False,False,False,False,False,False,False,False,False,False,False,False,False,False,False,False,False,3.0,0.0
activity-tracker,True,False,False,,False,,None,GitHub,,False,False,False,False,False,False,False,False,False,False,False,False,False,False,False,False,False,1.0,0.0
activitydiary,True,False,False,,False,,None,Travis CI,,False,False,False,False,False,False,False,False,False,False,False,False,False,False,False,False,False,1.0,0.0
activitylauncher,True,False,False,,False,,None,GitHub,,False,False,False,False,False,False,False,False,False,False,False,False,False,False,False,False,False,4.0,0.0
ad-free,True,False,False,,False,,None,GitHub,,False,False,False,False,False,False,False,False,False,False,False,False,False,False,False,False,False,1.0,0.0
ad-silence,True,False,False,,False,,None,GitHub,,False,False,False,False,False,False,False,False,False,False,False,False,False,False,False,False,False,1.0,0.0
adaptivecards,True,False,False,,False,,None,GitHub,,False,False,False,False,False,False,False,False,False,False,False,False,False,False,False,False,False,4.0,0.0
adaway,True,False,False,,False,,None,GitHub,,False,False,False,False,False,False,False,False,False,False,False,False,False,False,False,False,False,4.0,0.0
adb-wifi-setting-manager,True,False,False,,False,,None,GitHub,,False,False,False,False,False,False,False,False,False,False,False,False,False,False,False,False,False,1.0,0.0
adbclipboard,True,True,False,,True,Travis CI_emulator_manual,Manual_ThirdParty,Travis CI,Travis CI,False,False,False,False,False,False,False,False,False,False,False,False,False,False,False,False,False,1.0,0.0
admin-portal,True,False,False,,False,,None,GitHub,,False,False,False,False,False,False,False,False,False,False,False,False,False,False,False,False,False,2.0,0.0
adopt-me-compose,True,True,True,GitHub_emulator_full,False,,GitHub_Hosted,GitHub,GitHub,False,False,False,False,True,False,False,True,False,False,True,False,False,False,False,False,3.0,1.0,0.0
advanced-settings-for-android-wear,True,False,False,,False,,None,Travis CI,,False,False,False,False,False,False,False,False,False,False,False,False,False,False,False,False,False,1.0,0.0
adventcalender,True,False,False,,False,,None,Travis CI,,False,False,False,False,False,False,False,False,False,False,False,False,False,False,False,False,False,1.0,0.0
aegis,True,True,True,GitHub_emulator_full,False,,"GitHub_Hosted, None",GitHub,GitHub,False,False,False,False,False,False,False,False,False,False,False,False,True,False,False,False,1.0,3.0,0.0
aelf-flutter,False,False,False,,False,,None,GitLab CI,,False,False,False,False,False,False,False,False,False,False,False,False,False,False,False,False,False,1.0,0.0
af-pay,False,False,False,,False,,None,Travis CI,,False,False,False,False,False,False,False,False,False,False,False,False,False,False,False,False,False,1.0,0.0
affinidiid,True,False,False,,False,,None,GitHub,,False,False,False,False,False,False,False,False,False,False,False,False,False,False,False,False,False,1.0,0.0
afh_downloader,False,False,False,,False,,None,Travis CI,,False,False,False,False,False,False,False,False,False,False,False,False,False,False,False,False,False,1.0,0.0
afreesvg,True,False,False,,False,,None,GitHub,,False,False,False,False,False,False,False,False,False,False,False,False,False,False,False,False,False,1.0,0.0
afwall,True,False,False,,False,,None,GitHub,,False,False,False,False,False,False,False,False,False,False,False,False,False,False,False,False,False,1.0,0.0
age-gender_estimation_tf-android,True,False,False,,False,,None,GitHub,,False,False,False,False,False,False,False,False,False,False,False,False,False,False,False,False,False,1.0,0.0
aggregator-android,True,False,False,,False,,None,GitHub,,False,False,False,False,False,False,False,False,False,False,False,False,False,False,False,False,False,1.0,0.0
agoradesk-app-foss,True,False,False,,False,,None,GitHub,,False,False,False,False,False,False,False,False,False,False,False,False,False,False,False,False,False,1.0,0.0
aimybox-android-assistant,True,False,False,,False,,None,"GitHub, Travis CI",,False,False,False,False,False,False,False,False,False,False,False,False,False,False,False,False,False,2.0,0.0
aio_myday_app,True,False,False,,False,,None,GitHub,,False,False,False,False,False,False,False,False,False,False,False,False,False,False,False,False,False,1.0,0.0
airguard,True,False,False,,False,,None,GitHub,,False,False,False,False,False,False,False,False,False,False,False,False,False,False,False,False,False,1.0,0.0
akvo-flow-mobile,True,False,False,,False,,None,GitHub,,False,False,False,False,False,False,False,False,False,False,False,False,False,False,False,False,False,1.0,0.0
akvo-rsr-up,True,True,False,,True,Firebase_Compact,ThirdParty_Service,GitHub,GitHub,False,False,False,False,False,False,False,False,False,False,False,False,False,False,False,False,False,1.0,0.0
al-azan,True,False,False,,False,,None,GitHub,,False,False,False,False,False,False,False,False,False,False,False,False,False,False,False,False,False,3.0,0.0
aladin-aos,True,False,False,,False,,None,GitHub,,False,False,False,False,False,False,False,False,False,False,False,False,False,False,False,False,False,1.0,0.0
alakazam,False,False,False,,False,,None,Travis CI,,False,False,False,False,False,False,False,False,False,False,False,False,False,False,False,False,False,1.0,0.0
alarmandjob,False,False,False,,False,,None,Travis CI,,False,False,False,False,False,False,False,False,False,False,False,False,False,False,False,False,False,1.0,1.0
alarmclock,True,True,True,GitHub_emulator_full,True,Travis CI_emulator_manual,"GitHub_Hosted, Manual_ThirdParty, None","GitHub, Travis CI","GitHub, Travis CI",False,False,False,True,False,False,False,False,False,False,False,False,False,False,False,False,1.0,5.0,0.0
alarmio,True,False,False,,False,,None,GitHub,,False,False,False,False,False,False,False,False,False,False,False,False,False,False,False,False,False,2.0,0.0
aliyungradleconfig,True,False,False,,False,,None,GitHub,,False,False,False,False,False,False,False,False,False,False,False,False,False,False,False,False,False,2.0,0.0
all-in-one,True,False,False,,False,,None,CircleCI,,False,False,False,False,False,False,False,False,False,False,False,False,False,False,False,False,False,1.0,0.0
alldebrid,True,False,False,,False,,None,Travis CI,,False,False,False,False,False,False,False,False,False,False,False,False,False,False,False,False,False,1.0,0.0
alt,True,False,False,,False,,None,GitHub,,False,False,False,False,False,False,False,False,False,False,False,False,False,False,False,False,False,3.0,0.0
amarok-hider,True,False,False,,False,,None,GitHub,,False,False,False,False,False,False,False,False,False,False,False,False,False,False,False,False,False,2.0,0.0
amazefilemanager,True,True,True,"GitHub_emulator_full, GitHub_emulator_manual",False,,"GitHub_Hosted, None",GitHub,GitHub,True,True,False,False,False,False,False,False,False,True,False,False,False,False,False,False,3.0,5.0,0.0
ameixa,True,False,False,,False,,None,GitLab CI,,False,False,False,False,False,False,False,False,False,False,False,False,False,False,False,False,False,1.0,0.0
amerykahospital-personalized-advice-client-android,False,False,False,,False,,None,Travis CI,,False,False,False,False,False,False,False,False,False,False,False,False,False,False,False,False,False,1.0,0.0
amethyst,True,False,False,,False,,None,GitHub,,False,False,False,False,False,False,False,False,False,False,False,False,False,False,False,False,False,2.0,0.0
amiibowiki,True,True,False,,True,Firebase_Full,"None, ThirdParty_Service","GitHub, GitLab CI",GitHub,False,False,False,False,False,False,False,False,False,False,False,False,False,False,False,False,False,4.0,0.0
amiko-android,True,False,False,,False,,None,"GitHub, Travis CI",,False,False,False,False,False,False,False,False,False,False,False,False,False,False,False,False,False,2.0,0.0
amirisback_frogo-admob,True,False,False,,False,,None,GitHub,,False,False,False,False,False,False,False,False,False,False,False,False,False,False,False,False,False,3.0,0.0
amlv,True,False,False,,False,,None,GitHub,,False,False,False,False,False,False,False,False,False,False,False,False,False,False,False,False,False,1.0,0.0
amos-tub-ws18-proj1,False,False,False,,False,,None,Travis CI,,False,False,False,False,False,False,False,False,False,False,False,False,False,False,False,False,False,1.0,0.0
amplify,True,False,False,,False,,None,GitHub,,False,False,False,False,False,False,False,False,False,False,False,False,False,False,False,False,False,1.0,0.0
ana,True,False,False,,False,,None,GitHub,,False,False,False,False,False,False,False,False,False,False,False,False,False,False,False,False,False,1.0,0.0
anbox,True,False,False,,False,,None,"GitHub, Travis CI",,False,False,False,False,False,False,False,False,False,False,False,False,False,False,False,False,False,2.0,0.0
anchored-behavior,True,True,False,,True,Travis CI_emulator_manual,Manual_ThirdParty,Travis CI,Travis CI,False,False,False,False,False,False,False,False,False,False,False,False,False,False,False,False,False,1.0,0.0
anchors,True,False,False,,False,,None,Travis CI,,False,False,False,False,False,False,False,False,False,False,False,False,False,False,False,False,False,1.0,0.0
and-bible,True,True,True,GitHub_emulator_full,False,,"GitHub_Hosted, None",GitHub,GitHub,False,False,False,False,False,False,False,False,False,False,False,False,True,False,False,False,1.0,7.0,0.0
andfhem,True,False,False,,False,,None,GitHub,,False,False,False,False,False,False,False,False,False,False,False,False,False,False,False,False,False,3.0,0.0
andprox,True,True,False,,True,Travis CI_emulator_manual,Manual_ThirdParty,Travis CI,Travis CI,False,False,False,False,False,False,False,False,False,False,False,False,False,False,False,False,False,1.0,0.0
andriot,False,False,False,,False,,None,Travis CI,,False,False,False,False,False,False,False,False,False,False,False,False,False,False,False,False,False,1.0,0.0
androbd,True,False,False,,False,,None,GitHub,,False,False,False,False,False,False,False,False,False,False,False,False,False,False,False,False,False,1.0,0.0
android,True,True,True,"GitHub_emulator_full, GitHub_emulator_manual",True,Travis CI_emulator_manual,"GitHub_Hosted, Manual_ThirdParty, None","CircleCI, GitHub, Travis CI","GitHub, Travis CI",False,False,False,False,False,False,False,False,True,False,False,True,True,False,True,False,4.0,64.0,0.0
android-2048-compose-material3,True,False,False,,False,,None,GitHub,,False,False,False,False,False,False,False,False,False,False,False,False,False,False,False,False,False,2.0,0.0
android-accounting,True,True,False,,True,GitLab CI_emulator_manual,"Manual_ThirdParty, None","GitLab CI, Travis CI",GitLab CI,False,False,False,False,False,False,False,False,False,False,False,False,False,False,False,False,False,2.0,0.0
android-anuto,True,False,False,,False,,None,"GitHub, Travis CI",,False,False,False,False,False,False,False,False,False,False,False,False,False,False,False,False,False,2.0,0.0
android-app,True,True,True,GitHub_emulator_full,False,,"GitHub_Hosted, None","GitHub, GitLab CI, Travis CI",GitHub,False,False,False,False,False,False,False,False,False,False,False,False,False,False,False,False,False,12.0,0.0
android-app-cortesia-webview,True,False,False,,False,,None,GitHub,,False,False,False,False,False,False,False,False,False,False,False,False,False,False,False,False,False,1.0,0.0
android-app-eye-rest-blue-light-filter,True,False,False,,False,,None,CircleCI,,False,False,False,False,False,False,False,False,False,False,False,False,False,False,False,False,False,1.0,0.0
android-app-get-device-id,True,False,False,,False,,None,"CircleCI, Travis CI",,False,False,False,False,False,False,False,False,False,False,False,False,False,False,False,False,False,2.0,0.0
android-appcachecleaner,True,False,False,,False,,None,Travis CI,,False,False,False,False,False,False,False,False,False,False,False,False,False,False,False,False,False,1.0,0.0
android-arsenal,False,False,False,,False,,None,Travis CI,,False,False,False,False,False,False,False,False,False,False,False,False,False,False,False,False,False,1.0,0.0
android-base,True,True,False,,True,Travis CI_emulator_manual,"Manual_ThirdParty, None","CircleCI, GitHub, Travis CI",Travis CI,False,False,False,False,False,False,False,False,False,False,False,False,False,False,False,False,False,3.0,1.0
android-base-project,True,False,False,,False,,None,CircleCI,,False,False,False,False,False,False,False,False,False,False,False,False,False,False,False,False,False,1.0,0.0
android-beacon-mqtt,False,False,False,,False,,None,Travis CI,,False,False,False,False,False,False,False,False,False,False,False,False,False,False,False,False,False,1.0,0.0
android-beginner-projects,True,False,False,,False,,None,GitHub,,False,False,False,False,False,False,False,False,False,False,False,False,False,False,False,False,False,5.0,0.0
android-boilerplate,True,False,False,,False,,None,"GitHub, Travis CI",,False,False,False,False,False,False,False,False,False,False,False,False,False,False,False,False,False,2.0,0.0
android-camera2-secret-picture-taker,False,False,False,,False,,None,Travis CI,,False,False,False,False,False,False,False,False,False,False,False,False,False,False,False,False,False,1.0,0.0
android-carbon-forum,True,True,False,,True,Travis CI_emulator_manual,Manual_ThirdParty,Travis CI,Travis CI,False,False,False,False,False,False,False,False,False,False,False,False,False,False,False,False,False,1.0,0.0
android-clean-arquitecture,True,False,False,,False,,None,CircleCI,,False,False,False,False,False,False,False,False,False,False,False,False,False,False,False,False,False,1.0,0.0
android-client,True,False,False,,False,,None,GitHub,,False,False,False,False,False,False,False,False,False,False,False,False,False,False,False,False,False,4.0,0.0
android-codebase-modularity,True,False,False,,False,,None,CircleCI,,False,False,False,False,False,False,False,False,False,False,False,False,False,False,False,False,False,1.0,0.0
android-commons,True,False,False,,False,,None,GitHub,,False,False,False,False,False,False,False,False,False,False,False,False,False,False,False,False,False,2.0,0.0
android-comonadic-ui,True,True,False,,True,Travis CI_emulator_manual,Manual_ThirdParty,Travis CI,Travis CI,False,False,False,False,False,False,False,False,False,False,False,False,False,False,False,False,False,1.0,0.0
android-conferences,True,False,False,,False,,None,GitHub,,False,False,False,False,False,False,False,False,False,False,False,False,False,False,False,False,False,1.0,0.0
android-covidbedrest,True,False,False,,False,,None,GitHub,,False,False,False,False,False,False,False,False,False,False,False,False,False,False,False,False,False,1.0,0.0
android-customtabs,True,False,False,,False,,None,GitHub,,False,False,False,False,False,False,False,False,False,False,False,False,False,False,False,False,False,2.0,0.0
android-dev-challenge-compose-countdown-timer,True,True,True,GitHub_emulator_full,False,,GitHub_Hosted,GitHub,GitHub,False,False,False,False,True,False,False,True,False,False,True,False,False,False,False,False,3.0,1.0,0.0
android-dev-challenge-compose-week1,True,True,True,GitHub_emulator_full,False,,GitHub_Hosted,GitHub,GitHub,False,False,False,False,True,False,False,True,False,False,True,False,False,False,False,False,3.0,1.0,0.0
android-font-binder,False,False,False,,False,,None,Travis CI,,False,False,False,False,False,False,False,False,False,False,False,False,False,False,False,False,False,1.0,0.0
android-gif-search,True,True,True,"GitHub_emulator_full, GitHub_emulator_manual",False,,GitHub_Hosted,GitHub,GitHub,False,False,False,False,False,False,False,False,False,False,False,False,False,False,False,False,False,1.0,0.0
android-gitlab-ci-build,True,False,False,,False,,None,GitLab CI,,False,False,False,False,False,False,False,False,False,False,False,False,False,False,False,False,False,1.0,0.0
android-helium,True,False,False,,False,,None,CircleCI,,False,False,False,False,False,False,False,False,False,False,False,False,False,False,False,False,False,1.0,0.0
android-http-server,True,False,False,,False,,None,GitHub,,False,False,False,False,False,False,False,False,False,False,False,False,False,False,False,False,False,2.0,0.0
android-icon-pack,True,False,False,,False,,None,Travis CI,,False,False,False,False,False,False,False,False,False,False,False,False,False,False,False,False,False,1.0,0.0
android-iconics,True,False,False,,False,,None,GitHub,,False,False,False,False,False,False,False,False,False,False,False,False,False,False,False,False,False,1.0,0.0
android-image-picker,True,True,False,,True,Firebase_Compact,ThirdParty_Service,GitHub,GitHub,False,False,False,False,False,False,False,False,False,False,False,False,False,False,False,False,False,1.0,0.0
android-imsi-catcher-detector,True,False,False,,False,,None,Travis CI,,False,False,False,False,False,False,False,False,False,False,False,False,False,False,False,False,False,1.0,0.0
android-invoice-generator,True,False,False,,False,,None,CircleCI,,False,False,False,False,False,False,False,False,False,False,False,False,False,False,False,False,False,1.0,0.0
android-ir-remote,True,False,False,,False,,None,GitHub,,False,False,False,False,False,False,False,False,False,False,False,False,False,False,False,False,False,1.0,0.0
android-jigsaw-puzzle,True,False,False,,False,,None,Travis CI,,False,False,False,False,False,False,False,False,False,False,False,False,False,False,False,False,False,1.0,0.0
android-kdrive,True,True,True,"GitHub_emulator_full, GitHub_emulator_manual",False,,"GitHub_Hosted, None",GitHub,GitHub,False,False,False,False,False,False,False,False,False,False,False,False,True,False,False,False,1.0,2.0,0.0
android-kmail,True,False,False,,False,,None,GitHub,,False,False,False,False,False,False,False,False,False,False,False,False,True,False,False,False,1.0,5.0,0.0
android-kotlin-covid19,True,False,False,,False,,None,GitHub,,False,False,False,False,False,False,False,False,False,False,False,False,False,False,False,False,False,1.0,0.0
android-layout-transitions-kotlin,True,False,False,,False,,None,Travis CI,,False,False,False,False,False,False,False,False,False,False,False,False,False,False,False,False,False,1.0,0.0
android-local-vpn,True,False,False,,False,,None,GitHub,,False,False,False,False,False,False,False,False,False,False,False,False,False,False,False,False,False,2.0,0.0
android-lock9view,False,False,False,,False,,None,Travis CI,,False,False,False,False,False,False,False,False,False,False,False,False,False,False,False,False,False,1.0,0.0
android-luajit-launcher,False,False,False,,False,,None,Travis CI,,False,False,False,False,False,False,False,False,False,False,False,False,False,False,False,False,False,1.0,0.0
android-metronome,True,False,False,,False,,None,GitHub,,False,False,False,False,False,False,False,False,False,False,False,False,False,False,False,False,False,1.0,0.0
android-minimal-todo,True,False,False,,False,,None,CircleCI,,False,False,False,False,False,False,False,False,False,False,False,False,False,False,False,False,False,1.0,0.0
android-navigation-with-compose,True,True,True,GitHub_emulator_full,False,,GitHub_Hosted,GitHub,GitHub,False,False,False,False,True,False,False,True,False,False,True,False,False,False,False,False,3.0,1.0,0.0
android-nfc-timestamp,True,False,False,,False,,None,"GitHub, GitLab CI",,False,False,False,False,False,False,False,False,False,False,False,False,False,False,False,False,False,7.0,0.0
android-notification-converter,True,False,False,,False,,None,GitHub,,False,False,False,False,False,False,False,False,False,False,False,False,False,False,False,False,False,1.0,0.0
android-object-detection,False,False,False,,False,,None,Travis CI,,False,False,False,False,False,False,False,False,False,False,False,False,False,False,False,False,False,1.0,0.0
android-ocr,True,False,False,,False,,None,GitHub,,False,False,False,False,False,False,False,False,False,False,False,False,False,False,False,False,False,1.0,0.0
android-odeon,True,False,False,,False,,None,GitHub,,False,False,False,False,False,False,False,False,False,False,False,False,False,False,False,False,False,1.0,0.0
android-oss,True,False,False,,False,,None,CircleCI,,False,False,False,False,False,False,False,False,False,False,False,False,False,False,False,False,False,1.0,0.0
android-otpview-pinview,False,False,False,,False,,None,GitHub,,False,False,False,False,False,False,False,False,False,False,False,False,False,False,False,False,False,1.0,0.0
android-password-store,True,False,False,,False,,None,GitHub,,False,False,False,False,False,False,False,False,False,False,False,False,False,False,False,False,False,10.0,0.0
android-pitchpipe,True,False,False,,False,,None,GitHub,,False,False,False,False,False,False,False,False,False,False,False,False,False,False,False,False,False,1.0,0.0
android-police-brutality-incidents,True,False,False,,False,,None,GitHub,,False,False,False,False,False,False,False,False,False,False,False,False,False,False,False,False,False,4.0,0.0
android-ponewheel,True,False,False,,False,,None,CircleCI,,False,False,False,False,False,False,False,False,False,False,False,False,False,False,False,False,False,1.0,0.0
android-proguards,False,False,False,,False,,None,Travis CI,,False,False,False,False,False,False,False,False,False,False,False,False,False,False,False,False,False,1.0,0.0
android-remote,True,False,False,,False,,None,GitHub,,False,False,False,False,False,False,False,False,False,False,False,False,False,False,False,False,False,1.0,0.0
android-robocar,True,False,False,,False,,None,CircleCI,,False,False,False,False,False,False,False,False,False,False,False,False,False,False,False,False,False,1.0,0.0
android-rss-reader,True,False,False,,False,,None,GitHub,,False,False,False,False,False,False,False,False,False,False,False,False,False,False,False,False,False,1.0,0.0
android-rxfirebase,True,False,False,,False,,None,CircleCI,,False,False,False,False,False,False,False,False,False,False,False,False,False,False,False,False,False,1.0,0.0
android-segmentview,False,False,False,,False,,None,Travis CI,,False,False,False,False,False,False,False,False,False,False,False,False,False,False,False,False,False,1.0,0.0
android-simpletimetracker,True,True,True,GitHub_emulator_full,False,,"GitHub_Hosted, None",GitHub,GitHub,False,True,False,False,False,False,False,False,False,True,True,False,False,False,False,False,3.0,2.0,0.0
android-slideshow,False,False,False,,False,,None,Travis CI,,False,False,False,False,False,False,False,False,False,False,False,False,False,False,False,False,False,1.0,0.0
android-sms-gateway,True,False,False,,False,,None,GitHub,,False,False,False,False,False,False,False,False,False,False,False,False,False,False,False,False,False,2.0,0.0
android-splitbus,True,False,False,,False,,None,GitHub,,False,False,False,False,False,False,False,False,False,False,False,False,False,False,False,False,False,2.0,0.0
android-starter,True,False,False,,False,,None,CircleCI,,False,False,False,False,False,False,False,False,False,False,False,False,False,False,False,False,False,1.0,0.0
android-starter-2022,True,True,True,GitHub_emulator_full,False,,GitHub_Hosted,GitHub,GitHub,False,False,False,False,False,True,False,False,False,False,False,False,False,False,False,False,1.0,1.0,0.0
android-super-app,True,False,False,,False,,None,GitHub,,False,False,False,False,False,False,False,False,False,False,False,False,False,False,False,False,False,1.0,0.0
android-taxi-client,False,False,False,,False,,None,Travis CI,,False,False,False,False,False,False,False,False,False,False,False,False,False,False,False,False,False,1.0,0.0
android-temporarybrightness,True,False,False,,False,,None,Travis CI,,False,False,False,False,False,False,False,False,False,False,False,False,False,False,False,False,False,1.0,0.0
android-torchlight,False,False,False,,False,,None,Travis CI,,False,False,False,False,False,False,False,False,False,False,False,False,False,False,False,False,False,1.0,0.0
android-touch-helper,True,False,False,,False,,None,GitHub,,False,False,False,False,False,False,False,False,False,False,False,False,False,False,False,False,False,1.0,0.0
android-twa,True,False,False,,False,,None,GitHub,,False,False,False,False,False,False,False,False,False,False,False,False,False,False,False,False,False,2.0,0.0
android-usb-script,True,False,False,,False,,None,GitHub,,False,False,False,False,False,False,False,False,False,False,False,False,False,False,False,False,False,1.0,0.0
android-vpn-client-ics-openvpn,True,False,False,,False,,None,"GitHub, Travis CI",,False,False,False,False,False,False,False,False,False,False,False,False,False,False,False,False,False,2.0,0.0
android-webview-darkmode-with-javascript,True,False,False,,False,,None,GitHub,,False,False,False,False,False,False,False,False,False,False,False,False,False,False,False,False,False,1.0,0.0
android-wisefy,True,False,False,,False,,None,CircleCI,,False,False,False,False,False,False,False,False,False,False,False,False,False,False,False,False,False,1.0,0.0
android03-contact,True,False,False,,False,,None,GitHub,,False,False,False,False,False,False,False,False,False,False,False,False,False,False,False,False,False,1.0,0.0
android04-god-fisherman,True,False,False,,False,,None,GitHub,,False,False,False,False,False,False,False,False,False,False,False,False,False,False,False,False,False,1.0,0.0
android05-mogakrun,True,False,False,,False,,None,GitHub,,False,False,False,False,False,False,False,False,False,False,False,False,False,False,False,False,False,1.0,0.0
android06-mogle,True,False,False,,False,,None,GitHub,,False,False,False,False,False,False,False,False,False,False,False,False,False,False,False,False,False,2.0,0.0
android07-notto,True,False,False,,False,,None,GitHub,,False,False,False,False,False,False,False,False,False,False,False,False,False,False,False,False,False,1.0,0.0
android2048,True,False,False,,False,,None,CircleCI,,False,False,False,False,False,False,False,False,False,False,False,False,False,False,False,False,False,1.0,0.0
android_dev_quick,True,False,False,,False,,None,GitHub,,False,False,False,False,False,False,False,False,False,False,False,False,False,False,False,False,False,1.0,0.0
android_navigator,True,False,False,,False,,None,GitHub,,False,False,False,False,False,False,False,False,False,False,False,False,False,False,False,False,False,2.0,0.0
androidapp,True,False,False,,False,,None,CircleCI,,False,False,False,False,False,False,False,False,False,False,False,False,False,False,False,False,False,1.0,0.0
androidappshortcuts,True,True,False,,True,Travis CI_emulator_manual,Manual_ThirdParty,Travis CI,Travis CI,False,False,False,False,False,False,False,False,False,False,False,False,False,False,False,False,False,1.0,0.0
androidautotrack,True,False,False,,False,,None,GitHub,,False,False,False,False,False,False,False,False,False,False,False,False,False,False,False,False,False,1.0,0.0
androidbible,True,False,False,,False,,None,GitHub,,False,False,False,False,False,False,False,False,False,False,False,False,False,False,False,False,False,1.0,0.0
androidclient,True,False,False,,False,,None,Travis CI,,False,False,False,False,False,False,False,False,False,False,False,False,False,False,False,False,False,1.0,0.0
androidcustomviews,True,False,False,,False,,None,GitHub,,False,False,False,False,False,False,False,False,False,False,False,False,False,False,False,False,False,2.0,0.0
androiddatawithoutrootapi33,True,False,False,,False,,None,GitHub,,False,False,False,False,False,False,False,False,False,False,False,False,False,False,False,False,False,1.0,0.0
androideastereggs,True,False,False,,False,,None,GitHub,,False,False,False,False,False,False,False,False,False,False,False,False,False,False,False,False,False,1.0,0.0
androidfacedetection,True,False,False,,False,,None,GitHub,,False,False,False,False,False,False,False,False,False,False,False,False,False,False,False,False,False,1.0,0.0
androidkeylogger,True,False,False,,False,,None,GitHub,,False,False,False,False,False,False,False,False,False,False,False,False,False,False,False,False,False,1.0,0.0
androidktx,True,False,False,,False,,None,"CircleCI, GitHub, Travis CI",,False,False,False,False,False,False,False,False,False,False,False,False,False,False,False,False,False,3.0,0.0
androidmakersapp,True,False,False,,False,,None,GitHub,,False,False,False,False,False,False,False,False,False,False,False,False,False,False,False,False,False,1.0,0.0
androidnote,False,False,False,,False,,None,Travis CI,,False,False,False,False,False,False,False,False,False,False,False,False,False,False,False,False,False,1.0,0.0
androidnotificationnotifier,True,False,False,,False,,None,GitHub,,False,False,False,False,False,False,False,False,False,False,False,False,False,False,False,False,False,1.0,0.0
androidnotificationshowcase,True,False,False,,False,,None,CircleCI,,False,False,False,False,False,False,False,False,False,False,False,False,False,False,False,False,False,1.0,0.0
androidpn-client,False,False,False,,False,,None,Travis CI,,False,False,False,False,False,False,False,False,False,False,False,False,False,False,False,False,False,1.0,0.0
androidproject,True,False,False,,False,,None,GitHub,,False,False,False,False,False,False,False,False,False,False,False,False,False,False,False,False,False,1.0,0.0
androidproject-kotlin,True,False,False,,False,,None,GitHub,,False,False,False,False,False,False,False,False,False,False,False,False,False,False,False,False,False,1.0,0.0
androidresourceextensions,False,False,False,,False,,None,Travis CI,,False,False,False,False,False,False,False,False,False,False,False,False,False,False,False,False,False,1.0,0.0
androidscreenshot_sysapi,True,False,False,,False,,None,GitHub,,False,False,False,False,False,False,False,False,False,False,False,False,False,False,False,False,False,1.0,0.0
androidssh,True,False,False,,False,,None,Travis CI,,False,False,False,False,False,False,False,False,False,False,False,False,False,False,False,False,False,1.0,0.0
androidswissknife,True,False,False,,False,,None,GitHub,,False,False,False,False,False,False,False,False,False,False,False,False,False,False,False,False,False,3.0,0.0
androidthings-mirror,False,False,False,,False,,None,CircleCI,,False,False,False,False,False,False,False,False,False,False,False,False,False,False,False,False,False,1.0,0.0
androidwheel,True,False,False,,False,,None,GitHub,,False,False,False,False,False,False,False,False,False,False,False,False,False,False,False,False,False,1.0,0.0
androidx,True,False,False,,False,,None,"GitHub, Unknown",,False,False,False,False,False,False,False,False,False,False,False,False,False,False,False,False,False,10.0,0.0
andstatus,True,True,False,,True,Travis CI_emulator_manual,Manual_ThirdParty,Travis CI,Travis CI,False,False,False,False,False,False,False,False,False,False,False,False,False,False,False,False,False,1.0,0.0
ane-branchio,True,False,False,,False,,None,GitHub,,False,False,False,False,False,False,False,False,False,False,False,False,False,False,False,False,False,1.0,0.0
anecdote,False,False,False,,False,,None,Travis CI,,False,False,False,False,False,False,False,False,False,False,False,False,False,False,False,False,False,1.0,0.0
anewjkuapp,True,False,False,,False,,None,GitHub,,False,False,False,False,False,False,False,False,False,False,False,False,False,False,False,False,False,1.0,0.0
angular-seed-advanced,True,False,False,,False,,None,Travis CI,,False,False,False,False,False,False,False,False,False,False,False,False,False,False,False,False,False,1.0,0.0
anilist,True,False,False,,False,,None,GitHub,,False,False,False,False,False,False,False,False,False,False,False,False,False,False,False,False,False,1.0,0.0
animals3d,True,False,False,,False,,None,GitHub,,False,False,False,False,False,False,False,False,False,False,False,False,False,False,False,False,False,1.0,0.0
animatedprogressbar,False,False,False,,False,,None,Travis CI,,False,False,False,False,False,False,False,False,False,False,False,False,False,False,False,False,False,1.0,0.0
animation-garden,True,False,False,,False,,None,GitHub,,False,False,False,False,False,False,False,False,False,False,False,False,False,False,False,False,False,2.0,0.0
anime-twist,True,False,False,,False,,None,GitHub,,False,False,False,False,False,False,False,False,False,False,False,False,False,False,False,False,False,1.0,0.0
anime-watcher,True,False,False,,False,,None,"CircleCI, Travis CI",,False,False,False,False,False,False,False,False,False,False,False,False,False,False,False,False,False,2.0,0.0
animearch,True,False,False,,False,,None,GitHub,,False,False,False,False,False,False,False,False,False,False,False,False,False,False,False,False,False,1.0,0.0
animewallpaper,True,True,False,,True,Travis CI_emulator_manual,Manual_ThirdParty,Travis CI,Travis CI,False,False,False,False,False,False,False,False,False,False,False,False,False,False,False,False,False,1.0,0.0
anisched-android,False,False,False,,False,,None,Travis CI,,False,False,False,False,False,False,False,False,False,False,False,False,False,False,False,False,False,1.0,0.0
anitrend-v2,True,False,False,,False,,None,GitHub,,False,False,False,False,False,False,False,False,False,False,False,False,False,False,False,False,False,11.0,0.0
anki-android,True,True,True,GitHub_emulator_full,False,,"GitHub_Hosted, None",GitHub,GitHub,False,False,False,False,False,False,False,False,False,False,False,True,False,False,False,False,1.0,12.0,0.0
anlinux-adfree,True,False,False,,False,,None,CircleCI,,False,False,False,False,False,False,False,False,False,False,False,False,False,False,False,False,False,1.0,0.0
ansvif_android,True,False,False,,False,,None,Travis CI,,False,False,False,False,False,False,False,False,False,False,False,False,False,False,False,False,False,1.0,0.0
ant-design-mobile-rn,True,False,False,,False,,None,"GitHub, Travis CI",,False,False,False,False,False,False,False,False,False,False,False,False,False,False,False,False,False,3.0,0.0
antennamap,True,False,False,,False,,None,GitHub,,False,False,False,False,False,False,False,False,False,False,False,False,False,False,False,False,False,1.0,0.0
antennapod,True,True,True,"GitHub_emulator_full, GitHub_emulator_manual",False,,"GitHub_Hosted, None",GitHub,GitHub,False,False,False,False,False,False,False,False,False,False,False,True,False,False,False,False,1.0,2.0,0.0
antimalwareapp,True,False,False,,False,,None,GitHub,,False,False,False,False,False,False,False,False,False,False,False,False,False,False,False,False,False,1.0,0.0
antimine-android,True,False,False,,False,,None,GitHub,,False,False,False,False,False,False,False,False,False,False,False,False,False,False,False,False,False,1.0,0.0
antispam,False,False,False,,False,,None,Travis CI,,False,False,False,False,False,False,False,False,False,False,False,False,False,False,False,False,False,1.0,0.0
antox,True,True,False,,True,CircleCI_emulator_manual,"Manual_ThirdParty, None","CircleCI, Travis CI",CircleCI,False,False,False,False,False,False,False,False,False,False,False,False,False,False,False,False,False,2.0,0.0
any,True,True,True,GitHub_emulator_full,False,,"GitHub_Hosted, None",GitHub,GitHub,False,False,False,False,False,False,False,False,False,False,False,False,True,False,False,False,1.0,4.0,0.0
anylayer,True,False,False,,False,,None,GitHub,,False,False,False,False,False,False,False,False,False,False,False,False,False,False,False,False,False,1.0,0.0
anysoftkeyboard,True,False,False,,False,,None,GitHub,,False,False,False,False,False,False,False,False,False,False,False,False,False,False,False,False,False,8.0,0.0
apcupsd-monitor,True,False,False,,False,,None,GitHub,,False,False,False,False,False,False,False,False,False,False,False,False,False,False,False,False,False,1.0,0.0
apde,True,False,False,,False,,None,GitHub,,False,False,False,False,False,False,False,False,False,False,False,False,False,False,False,False,False,1.0,0.0
apg,True,True,False,,True,Travis CI_emulator_manual,Manual_ThirdParty,Travis CI,Travis CI,False,False,False,False,False,False,False,False,False,False,False,False,False,False,False,False,False,1.0,0.0
aphotomanager,True,False,False,,False,,None,"CircleCI, Travis CI",,False,False,False,False,False,False,False,False,False,False,False,False,False,False,False,False,False,2.0,0.0
api-request,True,False,False,,False,,None,GitHub,,False,False,False,False,False,False,False,False,False,False,False,False,False,False,False,False,False,2.0,0.0
apklauncher_legacy,True,False,False,,False,,None,Travis CI,,False,False,False,False,False,False,False,False,False,False,False,False,False,False,False,False,False,1.0,0.0
aplikasi_absen_karyawan,True,False,False,,False,,None,GitHub,,False,False,False,False,False,False,False,False,False,False,False,False,False,False,False,False,False,1.0,0.0
aplikasi_pendaftaran_pasien,True,False,False,,False,,None,GitHub,,False,False,False,False,False,False,False,False,False,False,False,False,False,False,False,False,False,1.0,0.0
apng4android,True,False,False,,False,,None,GitHub,,False,False,False,False,False,False,False,False,False,False,False,False,False,False,False,False,False,1.0,0.0
apodktm,True,False,False,,False,,None,GitHub,,False,False,False,False,False,False,False,False,False,False,False,False,False,False,False,False,False,1.0,0.0
apollo-music,True,False,False,,False,,None,GitHub,,False,False,False,False,False,False,False,False,False,False,False,False,False,False,False,False,False,1.0,0.0
app,True,False,False,,False,,None,"GitHub, Travis CI",,False,False,False,False,False,False,False,False,False,False,False,False,False,False,False,False,False,17.0,0.0
app-ins-gruene,True,False,False,,False,,None,GitHub,,False,False,False,False,False,False,False,False,False,False,False,False,False,False,False,False,False,1.0,0.0
app-whois,True,False,False,,False,,None,GitHub,,False,False,False,False,False,False,False,False,False,False,False,False,False,False,False,False,False,1.0,0.0
app_kookmobanuser_ponjohmnaimann,True,False,False,,False,,None,GitHub,,False,False,False,False,False,False,False,False,False,False,False,False,False,False,False,False,False,1.0,0.0
app_waktu_solat_malaysia,True,False,False,,False,,None,GitHub,,False,False,False,False,False,False,False,False,False,False,False,False,False,False,False,False,False,3.0,0.0
appfeedback-android,True,False,False,,False,,None,CircleCI,,False,False,False,False,False,False,False,False,False,False,False,False,False,False,False,False,False,1.0,0.0
appgt,True,False,False,,False,,None,GitHub,,False,False,False,False,False,False,False,False,False,False,False,False,False,False,False,False,False,1.0,0.0
apple-flinger,True,False,False,,False,,None,GitLab CI,,False,False,False,False,False,False,False,False,False,False,False,False,False,False,False,False,False,1.0,0.0
applewifinlpbackend,False,False,False,,False,,None,Travis CI,,False,False,False,False,False,False,False,False,False,False,False,False,False,False,False,False,False,1.0,0.0
application,False,False,False,,False,,None,Travis CI,,False,False,False,False,False,False,False,False,False,False,False,False,False,False,False,False,False,1.0,0.0
appmanager,True,False,False,,False,,None,GitHub,,False,False,False,False,False,False,False,False,False,False,False,False,False,False,False,False,False,3.0,0.0
appopsx,False,False,False,,False,,None,Travis CI,,False,False,False,False,False,False,False,False,False,False,False,False,False,False,False,False,False,1.0,0.0
apps-android-wikiedudashboard,False,False,False,,False,,None,Travis CI,,False,False,False,False,False,False,False,False,False,False,False,False,False,False,False,False,False,1.0,0.0
apps-android-wikipedia,True,True,True,GitHub_emulator_full,False,,"GitHub_Hosted, None",GitHub,GitHub,False,False,False,False,False,False,False,False,False,False,True,False,False,False,False,False,1.0,4.0,0.0
appstore,True,False,False,,False,,None,GitHub,,False,False,False,False,False,False,False,False,False,False,False,False,False,False,False,False,False,1.0,0.0
appteka-android,False,False,False,,False,,None,Travis CI,,False,False,False,False,False,False,False,False,False,False,False,False,False,False,False,False,False,1.0,0.0
appwatcher,True,False,False,,False,,None,GitHub,,False,False,False,False,False,False,False,False,False,False,False,False,False,False,False,False,False,1.0,0.0
arcade-plaza,True,False,False,,False,,None,GitHub,,False,False,False,False,False,False,False,False,False,False,False,False,False,False,False,False,False,1.0,0.0
arcane-tracker,True,False,False,,False,,None,"GitHub, Travis CI",,False,False,False,False,False,False,False,False,False,False,False,False,False,False,False,False,False,2.0,0.0
arcgis-android-moremap,False,False,False,,False,,None,Travis CI,,False,False,False,False,False,False,False,False,False,False,False,False,False,False,False,False,False,1.0,0.0
archwiki-viewer,True,True,False,,True,Travis CI_emulator_manual,Manual_ThirdParty,Travis CI,Travis CI,False,False,False,False,False,False,False,False,False,False,False,False,False,False,False,False,False,1.0,0.0
ard,False,False,False,,False,,None,Travis CI,,False,False,False,False,False,False,False,False,False,False,False,False,False,False,False,False,False,1.0,0.0
arduino-usb-terminal,True,True,True,GitHub_emulator_full,False,,"GitHub_Hosted, None","CircleCI, GitHub",GitHub,False,False,False,False,False,False,False,False,False,False,True,False,False,False,False,False,1.0,2.0,0.0
aria2app,True,False,False,,False,,None,GitHub,,False,False,False,False,False,False,False,False,False,False,False,False,False,False,False,False,False,1.0,0.0
aria2c-android-app,False,False,False,,False,,None,Travis CI,,False,False,False,False,False,False,False,False,False,False,False,False,False,False,False,False,False,1.0,0.0
ark-navigator,True,False,False,,False,,None,GitHub,,False,False,False,False,False,False,False,False,False,False,False,False,False,False,False,False,False,2.0,0.0
ark-rate,True,False,False,,False,,None,GitHub,,False,False,False,False,False,False,False,False,False,False,False,False,False,False,False,False,False,2.0,0.0
ark-shelf,True,False,False,,False,,None,GitHub,,False,False,False,False,False,False,False,False,False,False,False,False,False,False,False,False,False,2.0,0.0
armscomponent,False,False,False,,False,,None,Travis CI,,False,False,False,False,False,False,False,False,False,False,False,False,False,False,False,False,False,1.0,0.0
arpavbts,True,False,False,,False,,None,GitHub,,False,False,False,False,False,False,False,False,False,False,False,False,False,False,False,False,False,1.0,0.0
artiver,True,False,False,,False,,None,GitHub,,False,False,False,False,False,False,False,False,False,False,False,False,False,False,False,False,False,3.0,0.0
aspect-ratio-imageview,False,False,False,,False,,None,Travis CI,,False,False,False,False,False,False,False,False,False,False,False,False,False,False,False,False,False,1.0,0.0
assume,True,False,False,,False,,None,GitHub,,False,False,False,False,False,False,False,False,False,False,False,False,False,False,False,False,False,1.0,0.0
astro,True,True,True,"GitHub_emulator_full, GitHub_emulator_manual",False,,"GitHub_Hosted, None",GitHub,GitHub,False,False,True,False,False,False,False,False,False,False,True,True,False,False,False,False,3.0,3.0,0.0
athelite,True,False,False,,False,,None,Travis CI,,False,False,False,False,False,False,False,False,False,False,False,False,False,False,False,False,False,1.0,0.0
atimetracker,True,False,False,,False,,None,Travis CI,,False,False,False,False,False,False,False,False,False,False,False,False,False,False,False,False,False,1.0,0.0
atmosweather,True,False,False,,False,,None,GitHub,,False,False,False,False,False,False,False,False,False,False,False,False,False,False,False,False,False,2.0,0.0
atom-tasks,True,True,True,"GitHub_emulator_full, GitHub_emulator_manual",False,,GitHub_Hosted,GitHub,GitHub,False,False,False,False,False,False,False,False,False,False,True,False,False,False,False,False,1.0,2.0,0.0
atomicgameengine,False,False,False,,False,,None,"Travis CI, Unknown",,False,False,False,False,False,False,False,False,False,False,False,False,False,False,False,False,False,2.0,0.0
atox,True,True,True,GitHub_emulator_full,False,,"GitHub_Hosted, None",GitHub,GitHub,False,False,False,False,False,False,False,False,False,False,False,False,True,False,False,False,1.0,2.0,0.0
atrainingtracker,True,False,False,,False,,None,Travis CI,,False,False,False,False,False,False,False,False,False,False,False,False,False,False,False,False,False,1.0,0.0
atsy-cast,True,False,False,,False,,None,GitHub,,False,False,False,False,False,False,False,False,False,False,False,False,False,False,False,False,False,3.0,0.0
attachcontact,True,False,False,,False,,None,GitHub,,False,False,False,False,False,False,False,False,False,False,False,False,False,False,False,False,False,1.0,0.0
audio-recorder,True,True,True,GitHub_emulator_full,False,,GitHub_Hosted,GitHub,GitHub,False,False,False,False,False,False,False,False,False,True,True,False,False,False,False,False,2.0,2.0,0.0
audio_player_flutter,True,False,False,,False,,None,GitHub,,False,False,False,False,False,False,False,False,False,False,False,False,False,False,False,False,False,1.0,0.0
auditor,True,False,False,,False,,None,GitHub,,False,False,False,False,False,False,False,False,False,False,False,False,False,False,False,False,False,2.0,0.0
ausweisapp2,True,False,False,,False,,None,"GitHub, Unknown",,False,False,False,False,False,False,False,False,False,False,False,False,False,False,False,False,False,2.0,0.0
authpass,True,False,False,,False,,None,"GitHub, Travis CI",,False,False,False,False,False,False,False,False,False,False,False,False,False,False,False,False,False,12.0,0.0
auto-fi,True,True,False,,True,Travis CI_emulator_manual,Manual_ThirdParty,Travis CI,Travis CI,False,False,False,False,False,False,False,False,False,False,False,False,False,False,False,False,False,1.0,0.0
automated-build-android-app-with-github-action,True,False,False,,False,,None,GitHub,,False,False,False,False,False,False,False,False,False,False,False,False,False,False,False,False,False,7.0,0.0
autonomy-client,True,False,False,,False,,None,GitHub,,False,False,False,False,False,False,False,False,False,False,False,False,False,False,False,False,False,7.0,1.0
autonotifylist,False,False,False,,False,,None,CircleCI,,False,False,False,False,False,False,False,False,False,False,False,False,False,False,False,False,False,1.0,0.0
autoscrolltextview,False,False,False,,False,,None,Travis CI,,False,False,False,False,False,False,False,False,False,False,False,False,False,False,False,False,False,1.0,0.0
auxio,True,False,False,,False,,None,GitHub,,False,False,False,False,False,False,False,False,False,False,False,False,False,False,False,False,False,1.0,0.0
avare,True,False,False,,False,,None,Travis CI,,False,False,False,False,False,False,False,False,False,False,False,False,False,False,False,False,False,1.0,0.0
avatarview,True,False,False,,False,,None,GitHub,,False,False,False,False,False,False,False,False,False,False,False,False,False,False,False,False,False,2.0,0.0
aves,True,False,False,,False,,None,GitHub,,False,False,False,False,False,False,False,False,False,False,False,False,False,False,False,False,False,2.0,0.0
avnc,True,False,False,,False,,None,GitHub,,False,False,False,False,False,False,False,False,False,False,False,False,False,False,False,False,False,2.0,0.0
aw-android,True,True,True,"GitHub_emulator_full, GitHub_emulator_manual",False,,"GitHub_Hosted, None","GitHub, Travis CI",GitHub,False,False,False,False,False,False,False,False,False,False,False,False,False,False,False,False,False,2.0,0.0
awaken,False,False,False,,False,,None,Travis CI,,False,False,False,False,False,False,False,False,False,False,False,False,False,False,False,False,False,1.0,0.0
awol,True,False,False,,False,,None,GitHub,,False,False,False,False,False,False,False,False,False,False,False,False,False,False,False,False,False,2.0,0.0
axion-technologies-hnh,True,False,False,,False,,None,CircleCI,,False,False,False,False,False,False,False,False,False,False,False,False,False,False,False,False,False,1.0,0.0
aztube-app,True,False,False,,False,,None,GitHub,,False,False,False,False,False,False,False,False,False,False,False,False,False,False,False,False,False,1.0,0.0
baby-sleep-sounds,True,False,False,,False,,None,GitHub,,False,False,False,False,False,False,False,False,False,False,False,False,False,False,False,False,False,1.0,0.0
babybook,True,False,False,,False,,None,GitHub,,False,False,False,False,False,False,False,False,False,False,False,False,False,False,False,False,False,1.0,0.0
babydots,True,False,False,,False,,None,GitHub,,False,False,False,False,False,False,False,False,False,False,False,False,False,False,False,False,False,1.0,0.0
bacon,True,False,False,,False,,None,GitHub,,False,False,False,False,False,False,False,False,False,False,False,False,False,False,False,False,False,1.0,0.0
badge-magic-android,True,False,False,,False,,None,GitHub,,False,False,False,False,False,False,False,False,False,False,False,False,False,False,False,False,False,1.0,0.0
badpixels,True,True,False,,True,Travis CI_emulator_manual,Manual_ThirdParty,Travis CI,Travis CI,False,False,False,False,False,False,False,False,False,False,False,False,False,False,False,False,False,1.0,0.0
balanduinoandroidapp,True,False,False,,False,,None,Travis CI,,False,False,False,False,False,False,False,False,False,False,False,False,False,False,False,False,False,1.0,0.0
baldphone,True,True,False,,True,Travis CI_emulator_manual,"Manual_ThirdParty, None","GitHub, Travis CI",Travis CI,False,False,False,False,False,False,False,False,False,False,False,False,False,False,False,False,False,2.0,0.0
bananapeel,False,False,False,,False,,None,Travis CI,,False,False,False,False,False,False,False,False,False,False,False,False,False,False,False,False,False,1.0,0.0
banjen,False,False,False,,False,,None,CircleCI,,False,False,False,False,False,False,False,False,False,False,False,False,False,False,False,False,False,1.0,0.0
bark,True,True,True,GitHub_emulator_full,False,,GitHub_Hosted,GitHub,GitHub,False,False,False,False,True,False,False,True,False,False,True,False,False,False,False,False,3.0,1.0,0.0
bartrunnerandroid,False,False,False,,False,,None,Travis CI,,False,False,False,False,False,False,False,False,False,False,False,False,False,False,False,False,False,1.0,0.0
basekotlinandroid,True,False,False,,False,,None,GitHub,,False,False,False,False,False,False,False,False,False,False,False,False,False,False,False,False,False,1.0,0.0
basil-android,True,False,False,,False,,None,CircleCI,,False,False,False,False,False,False,False,False,False,False,False,False,False,False,False,False,False,1.0,0.0
basketbuild_downloader,False,False,False,,False,,None,Travis CI,,False,False,False,False,False,False,False,False,False,False,False,False,False,False,False,False,False,1.0,0.0
batterytile,True,False,False,,False,,None,GitHub,,False,False,False,False,False,False,False,False,False,False,False,False,False,False,False,False,False,1.0,0.0
battle-ships,False,False,False,,False,,None,GitLab CI,,False,False,False,False,False,False,False,False,False,False,False,False,False,False,False,False,False,1.0,0.0
battlebuddy-android,True,False,False,,False,,None,GitHub,,False,False,False,False,False,False,False,False,False,False,False,False,False,False,False,False,False,1.0,0.0
bbct-android,True,False,False,,False,,None,GitHub,,False,False,False,False,False,False,False,False,False,False,False,False,False,False,False,False,False,1.0,0.0
bcvax-android,True,False,False,,False,,None,GitHub,,False,False,False,False,False,False,False,False,False,False,False,False,False,False,False,False,False,1.0,0.0
beat-feet,True,False,False,,False,,None,GitHub,,False,False,False,False,False,False,False,False,False,False,False,False,False,False,False,False,False,2.0,0.0
beeshell,True,False,False,,False,,None,GitHub,,False,False,False,False,False,False,False,False,False,False,False,False,False,False,False,False,False,1.0,0.0
behe-explorer,False,False,False,,False,,None,Travis CI,,False,False,False,False,False,False,False,False,False,False,False,False,False,False,False,False,False,1.0,0.0
behe-keyboard,True,False,False,,False,,None,"GitHub, Travis CI",,False,False,False,False,False,False,False,False,False,False,False,False,False,False,False,False,False,4.0,0.0
berty,True,False,False,,False,,None,GitHub,,False,False,False,False,False,False,False,False,False,False,False,False,False,False,False,False,False,18.0,0.0
best-seller-book-app,True,False,False,,False,,None,CircleCI,,False,False,False,False,False,False,False,False,False,False,False,False,False,False,False,False,False,1.0,0.0
better-internet-tiles,True,False,False,,False,,None,GitHub,,False,False,False,False,False,False,False,False,False,False,False,False,False,False,False,False,False,1.0,0.0
betteruntis,True,False,False,,False,,None,CircleCI,,False,False,False,False,False,False,False,False,False,False,False,False,False,False,False,False,False,1.0,0.0
bible,True,False,False,,False,,None,GitHub,,False,False,False,False,False,False,False,False,False,False,False,False,False,False,False,False,False,1.0,0.0
biblio,True,False,False,,False,,None,"CircleCI, GitHub",,False,False,False,False,False,False,False,False,False,False,False,False,False,False,False,False,False,2.0,0.0
biblionantes,True,False,False,,False,,None,GitHub,,False,False,False,False,False,False,False,False,False,False,False,False,False,False,False,False,False,2.0,0.0
bigsolarhunt,True,False,False,,False,,None,GitHub,,False,False,False,False,False,False,False,False,False,False,False,False,False,False,False,False,False,1.0,0.0
bikeshare,True,False,False,,False,,None,GitHub,,False,False,False,False,False,False,False,False,False,False,False,False,False,False,False,False,False,2.0,0.0
bikesharinghub,True,False,False,,False,,None,Travis CI,,False,False,False,False,False,False,False,False,False,False,False,False,False,False,False,False,False,1.0,0.0
bindapter,True,False,False,,False,,None,Travis CI,,False,False,False,False,False,False,False,False,False,False,False,False,False,False,False,False,False,1.0,0.0
binocularss,True,False,False,,False,,None,GitHub,,False,False,False,False,False,False,False,False,False,False,False,False,False,False,False,False,False,1.0,0.0
birday,True,False,False,,False,,None,GitHub,,False,False,False,False,False,False,False,False,False,False,False,False,False,False,False,False,False,1.0,0.0
birthdaycalendar,True,False,False,,False,,None,Travis CI,,False,False,False,False,False,False,False,False,False,False,False,False,False,False,False,False,False,1.0,0.0
bitcoin-balance-check,True,False,False,,False,,None,GitHub,,False,False,False,False,False,False,False,False,False,False,False,False,False,False,False,False,False,1.0,0.0
bitcoin-wallet,False,False,False,,False,,None,"GitLab CI, Travis CI",,False,False,False,False,False,False,False,False,False,False,False,False,False,False,False,False,False,2.0,1.0
bitcoinium,False,False,False,,False,,None,Travis CI,,False,False,False,False,False,False,False,False,False,False,False,False,False,False,False,False,False,1.0,0.0
bitcoinpools,False,False,False,,False,,None,Travis CI,,False,False,False,False,False,False,False,False,False,False,False,False,False,False,False,False,False,1.0,0.0
bitmask_android,True,False,False,,False,,None,GitLab CI,,False,False,False,False,False,False,False,False,False,False,False,False,False,False,False,False,False,1.0,0.0
bitnews,True,False,False,,False,,None,GitHub,,False,False,False,False,False,False,False,False,False,False,False,False,False,False,False,False,False,1.0,0.0
bitportal-client,True,False,False,,False,,None,"CircleCI, GitHub",,False,False,False,False,False,False,False,False,False,False,False,False,False,False,False,False,False,2.0,0.0
bixer-btc-app-,True,False,False,,False,,None,GitHub,,False,False,False,False,False,False,False,False,False,False,False,False,False,False,False,False,False,2.0,0.0
bjutloginapp,False,False,False,,False,,None,Travis CI,,False,False,False,False,False,False,False,False,False,False,False,False,False,False,False,False,False,1.0,0.0
bjutwifi,True,False,False,,False,,None,"GitHub, Travis CI",,False,False,False,False,False,False,False,False,False,False,False,False,False,False,False,False,False,3.0,0.0
blackhole,True,False,False,,False,,None,GitHub,,False,False,False,False,False,False,False,False,False,False,False,False,False,False,False,False,False,3.0,0.0
blacklist,True,False,False,,False,,None,Travis CI,,False,False,False,False,False,False,False,False,False,False,False,False,False,False,False,False,False,1.0,0.0
bladeplayer,True,False,False,,False,,None,GitHub,,False,False,False,False,False,False,False,False,False,False,False,False,False,False,False,False,False,1.0,0.0
blast,True,False,False,,False,,None,GitHub,,False,False,False,False,False,False,False,False,False,False,False,False,False,False,False,False,False,1.0,0.0
ble-starter-android,True,False,False,,False,,None,CircleCI,,False,False,False,False,False,False,False,False,False,False,False,False,False,False,False,False,False,1.0,0.0
blink-comparison,True,False,False,,False,,None,GitHub,,False,False,False,False,False,False,False,False,False,False,False,False,False,False,False,False,False,2.0,0.0
blog,True,False,False,,False,,None,GitHub,,False,False,False,False,False,False,False,False,False,False,False,False,False,False,False,False,False,2.0,0.0
blokish,True,False,False,,False,,None,GitHub,,False,False,False,False,False,False,False,False,False,False,False,False,False,False,False,False,False,1.0,0.0
blood-donor-blood-bank-finder,True,False,False,,False,,None,Unknown,,False,False,False,False,False,False,False,False,False,False,False,False,False,False,False,False,False,1.0,0.0
bluelineconsole,True,True,True,GitHub_emulator_full,False,,"GitHub_Hosted, None","GitHub, GitLab CI",GitHub,False,False,False,True,False,False,False,False,False,False,True,False,False,False,False,False,2.0,3.0,0.0
bluepass,True,False,False,,False,,None,Travis CI,,False,False,False,False,False,False,False,False,False,False,False,False,False,False,False,False,False,1.0,0.0
bluetooth-le-analyzer,False,False,False,,False,,None,Travis CI,,False,False,False,False,False,False,False,False,False,False,False,False,False,False,False,False,False,1.0,0.0
bluetooth-remote-control,False,False,False,,False,,None,Travis CI,,False,False,False,False,False,False,False,False,False,False,False,False,False,False,False,False,False,1.0,0.0
bluetoothscanning,True,False,False,,False,,None,GitHub,,False,False,False,False,False,False,False,False,False,False,False,False,False,False,False,False,False,2.0,0.0
bo-android,True,False,False,,False,,None,"GitHub, Travis CI",,False,False,False,False,False,False,False,False,False,False,False,False,False,False,False,False,False,2.0,0.0
boardgamegeek4android,True,False,False,,False,,None,GitHub,,False,False,False,False,False,False,False,False,False,False,False,False,False,False,False,False,False,1.0,0.0
bofilo,True,False,False,,False,,None,GitHub,,False,False,False,False,False,False,False,False,False,False,False,False,False,False,False,False,False,1.0,0.0
boi-balance-checker,False,False,False,,False,,None,Travis CI,,False,False,False,False,False,False,False,False,False,False,False,False,False,False,False,False,False,1.0,0.0
boilerplate,True,False,False,,False,,None,GitHub,,False,False,False,False,False,False,False,False,False,False,False,False,False,False,False,False,False,1.0,0.0
boinc,True,False,False,,False,,None,GitHub,,False,False,False,False,False,False,False,False,False,False,False,False,False,False,False,False,False,16.0,0.0
bombusmod,True,False,False,,False,,None,GitHub,,False,False,False,False,False,False,False,False,False,False,False,False,False,False,False,False,False,2.0,0.0
bookdash-android-app,True,False,False,,False,,None,CircleCI,,False,False,False,False,False,False,False,False,False,False,False,False,False,False,False,False,False,1.0,0.0
bookend-android-ios,True,False,False,,False,,None,GitHub,,False,False,False,False,False,False,False,False,False,False,False,False,False,False,False,False,False,1.0,0.0
booksearch,True,False,False,,False,,None,GitHub,,False,False,False,False,False,False,False,False,False,False,False,False,False,False,False,False,False,1.0,0.0
booksswipe,True,False,False,,False,,None,GitHub,,False,False,False,False,False,False,False,False,False,False,False,False,False,False,False,False,False,1.0,0.0
bookworm,True,True,True,GitHub_emulator_full,False,,"GitHub_Hosted, None",GitHub,GitHub,False,False,False,False,False,False,False,False,False,False,True,False,False,False,False,False,1.0,2.0,0.0
boorusphere,True,False,False,,False,,None,GitHub,,False,False,False,False,False,False,False,False,False,False,False,False,False,False,False,False,False,2.0,0.0
boromi,True,False,False,,False,,None,GitHub,,False,False,False,False,False,False,False,False,False,False,False,False,False,False,False,False,False,1.0,0.0
bottomnavbar,True,False,False,,False,,None,GitHub,,False,False,False,False,False,False,False,False,False,False,False,False,False,False,False,False,False,1.0,0.0
bottomnavigationbar,True,False,False,,False,,None,CircleCI,,False,False,False,False,False,False,False,False,False,False,False,False,False,False,False,False,False,1.0,0.0
boum,True,False,False,,False,,None,GitHub,,False,False,False,False,False,False,False,False,False,False,False,False,False,False,False,False,False,4.0,0.0
boxbox,True,False,False,,False,,None,GitHub,,False,False,False,False,False,False,False,False,False,False,False,False,False,False,False,False,False,1.0,0.0
braillebox,True,False,False,,False,,None,Travis CI,,False,False,False,False,False,False,False,False,False,False,False,False,False,False,False,False,False,1.0,0.0
brainjogging,True,False,False,,False,,None,GitHub,,False,False,False,False,False,False,False,False,False,False,False,False,False,False,False,False,False,1.0,0.0
brainteaser,True,False,False,,False,,None,GitHub,,False,False,False,False,False,False,False,False,False,False,False,False,False,False,False,False,False,2.0,0.0
brassexcerpts,True,False,False,,False,,None,GitHub,,False,False,False,False,False,False,False,False,False,False,False,False,False,False,False,False,False,1.0,0.0
brethap,True,False,False,,False,,None,GitHub,,False,False,False,False,False,False,False,False,False,False,False,False,False,False,False,False,False,2.0,0.0
briar,True,False,False,,False,,None,GitLab CI,,False,False,False,False,False,False,False,False,False,False,False,False,False,False,False,False,False,1.0,0.0
brouter,True,False,False,,False,,None,GitHub,,False,False,False,False,False,False,False,False,False,False,False,False,False,False,False,False,False,2.0,0.0
browse,True,False,False,,False,,None,Travis CI,,False,False,False,False,False,False,False,False,False,False,False,False,False,False,False,False,False,1.0,0.0
btcmap-android,True,False,False,,False,,None,GitHub,,False,False,False,False,False,False,False,False,False,False,False,False,False,False,False,False,False,1.0,0.0
btle-scanner-compat,False,False,False,,False,,None,Travis CI,,False,False,False,False,False,False,False,False,False,False,False,False,False,False,False,False,False,1.0,0.0
btox,True,False,False,,False,,None,GitHub,,False,False,False,False,False,False,False,False,False,False,False,False,False,False,False,False,False,1.0,0.0
buddhaquotes,True,False,False,,False,,None,GitHub,,False,False,False,False,False,False,False,False,False,False,False,False,False,False,False,False,False,1.0,0.0
budget-watch,True,False,False,,False,,None,GitHub,,False,False,False,False,False,False,False,False,False,False,False,False,False,False,False,False,False,1.0,0.0
buildapks,True,False,False,,False,,None,GitHub,,False,False,False,False,False,False,False,False,False,False,False,False,False,False,False,False,False,3.0,0.0
bundel,True,False,False,,False,,None,GitHub,,False,False,False,False,False,False,False,False,False,False,False,False,False,False,False,False,False,2.0,0.0
burning-series,True,False,False,,False,,None,GitHub,,False,False,False,False,False,False,False,False,False,False,False,False,False,False,False,False,False,2.0,0.0
bus-when-twin-cities,True,True,False,,True,Travis CI_emulator_manual,Manual_ThirdParty,Travis CI,Travis CI,False,False,False,False,False,False,False,False,False,False,False,False,False,False,False,False,False,1.0,0.0
butterfly,True,False,False,,False,,None,GitHub,,False,False,False,False,False,False,False,False,False,False,False,False,False,False,False,False,False,6.0,0.0
c2c-android-2021,True,False,False,,False,,None,GitHub,,False,False,False,False,False,False,False,False,False,False,False,False,False,False,False,False,False,2.0,0.0
c3nav-android,False,False,False,,False,,None,Travis CI,,False,False,False,False,False,False,False,False,False,False,False,False,False,False,False,False,False,1.0,0.0
cac-tripplanner-android,True,False,False,,False,,None,CircleCI,,False,False,False,False,False,False,False,False,False,False,False,False,False,False,False,False,False,1.0,0.0
cachemanage,False,False,False,,False,,None,Travis CI,,False,False,False,False,False,False,False,False,False,False,False,False,False,False,False,False,False,1.0,1.0
cadar,False,False,False,,False,,None,Travis CI,,False,False,False,False,False,False,False,False,False,False,False,False,False,False,False,False,False,1.0,0.0
cafe-payment-system,True,False,False,,False,,None,Travis CI,,False,False,False,False,False,False,False,False,False,False,False,False,False,False,False,False,False,1.0,0.0
caffeinetile,False,False,False,,False,,None,Travis CI,,False,False,False,False,False,False,False,False,False,False,False,False,False,False,False,False,False,1.0,0.0
calculadhora,True,False,False,,False,,None,GitHub,,False,False,False,False,False,False,False,False,False,False,False,False,False,False,False,False,False,1.0,0.0
calculator,True,False,False,,False,,None,GitHub,,False,False,False,False,False,False,False,False,False,False,False,False,False,False,False,False,False,5.0,0.0
calculator-inator,True,False,False,,False,,None,GitHub,,False,False,False,False,False,False,False,False,False,False,False,False,False,False,False,False,False,1.0,0.0
calcupiano,True,False,False,,False,,None,GitHub,,False,False,False,False,False,False,False,False,False,False,False,False,False,False,False,False,False,1.0,0.0
calef,True,False,False,,False,,None,GitHub,,False,False,False,False,False,False,False,False,False,False,False,False,False,False,False,False,False,1.0,0.0
calendar,True,False,False,,False,,None,Travis CI,,False,False,False,False,False,False,False,False,False,False,False,False,False,False,False,False,False,1.0,0.0
calendar-import-export,True,False,False,,False,,None,GitHub,,False,False,False,False,False,False,False,False,False,False,False,False,False,False,False,False,False,2.0,0.0
calendula,True,False,False,,False,,None,GitLab CI,,False,False,False,False,False,False,False,False,False,False,False,False,False,False,False,False,False,1.0,0.0
callconfirm,True,True,False,,True,Travis CI_emulator_manual,Manual_ThirdParty,Travis CI,Travis CI,False,False,False,False,False,False,False,False,False,False,False,False,False,False,False,False,False,1.0,0.0
callrecorder,True,False,False,,False,,None,CircleCI,,False,False,False,False,False,False,False,False,False,False,False,False,False,False,False,False,False,1.0,0.0
campus-android,True,False,False,,False,,None,GitHub,,False,False,False,False,False,False,False,False,False,False,False,False,False,False,False,False,False,1.0,0.0
candymem,True,False,False,,False,,None,CircleCI,,False,False,False,False,False,False,False,False,False,False,False,False,False,False,False,False,False,1.0,0.0
canidrive,True,False,False,,False,,None,GitHub,,False,False,False,False,False,False,False,False,False,False,False,False,False,False,False,False,False,2.0,0.0
canteen_app,True,False,False,,False,,None,GitHub,,False,False,False,False,False,False,False,False,False,False,False,False,False,False,False,False,False,1.0,0.0
canvass-app,True,False,False,,False,,None,GitHub,,False,False,False,False,False,False,False,False,False,False,False,False,False,False,False,False,False,2.0,0.0
canvasscript,True,False,False,,False,,None,Travis CI,,False,False,False,False,False,False,False,False,False,False,False,False,False,False,False,False,False,1.0,0.0
capgo,True,False,False,,False,,None,GitHub,,False,False,False,False,False,False,False,False,False,False,False,False,False,False,False,False,False,5.0,0.0
capod,True,False,False,,False,,None,GitHub,,False,False,False,False,False,False,False,False,False,False,False,False,False,False,False,False,False,3.0,0.0
car-server,False,False,False,,False,,None,Travis CI,,False,False,False,False,False,False,False,False,False,False,False,False,False,False,False,False,False,1.0,0.0
carcinofit,True,False,False,,False,,None,GitHub,,False,False,False,False,False,False,False,False,False,False,False,False,False,False,False,False,False,1.0,0.0
cardiac-zone-android,True,False,False,,False,,None,GitHub,,False,False,False,False,False,False,False,False,False,False,False,False,False,False,False,False,False,2.0,0.0
care4ther-,True,False,False,,False,,None,GitHub,,False,False,False,False,False,False,False,False,False,False,False,False,False,False,False,False,False,1.0,0.0
cartsbusboarding,True,False,False,,False,,None,Travis CI,,False,False,False,False,False,False,False,False,False,False,False,False,False,False,False,False,False,1.0,0.0
cat-adoption-app,True,True,True,GitHub_emulator_full,False,,GitHub_Hosted,GitHub,GitHub,False,False,False,False,True,False,False,True,False,False,True,False,False,False,False,False,3.0,1.0,0.0
cataclysm-dda-android,True,False,False,,False,,None,Travis CI,,False,False,False,False,False,False,False,False,False,False,False,False,False,False,False,False,False,1.0,1.0
cattle,True,True,False,,True,Firebase_Full,ThirdParty_Service,CircleCI,CircleCI,False,False,False,False,False,False,False,False,False,False,False,False,False,False,False,False,False,1.0,0.0
cattlebodyconditioning,False,False,False,,False,,None,GitHub,,False,False,False,False,False,False,False,False,False,False,False,False,False,False,False,False,False,1.0,0.0
cavedroid,False,False,False,,False,,None,Travis CI,,False,False,False,False,False,False,False,False,False,False,False,False,False,False,False,False,False,1.0,0.0
caveexpress,True,False,False,,False,,None,GitHub,,False,False,False,False,False,False,False,False,False,False,False,False,False,False,False,False,False,1.0,0.0
cazadescuentos,True,False,False,,False,,None,GitHub,,False,False,False,False,False,False,False,False,False,False,False,False,False,False,False,False,False,2.0,0.0
cboy,True,False,False,,False,,None,GitHub,,False,False,False,False,False,False,False,False,False,False,False,False,False,False,False,False,False,4.0,0.0
ccdroidx,True,False,False,,False,,None,GitHub,,False,False,False,False,False,False,False,False,False,False,False,False,False,False,False,False,False,2.0,0.0
cculife,True,False,False,,False,,None,"Travis CI, Unknown",,False,False,False,False,False,False,False,False,False,False,False,False,False,False,False,False,False,2.0,0.0
cdlc_player,True,False,False,,False,,None,GitHub,,False,False,False,False,False,False,False,False,False,False,False,False,False,False,False,False,False,1.0,0.0
cell-wall,True,False,False,,False,,None,GitHub,,False,False,False,False,False,False,False,False,False,False,False,False,False,False,False,False,False,2.0,0.0
chainmetric-app,True,False,False,,False,,None,GitHub,,False,False,False,False,False,False,False,False,False,False,False,False,False,False,False,False,False,1.0,0.0
challenge-ci-android,True,False,False,,False,,None,GitHub,,False,False,False,False,False,False,False,False,False,False,False,False,False,False,False,False,False,1.0,0.0
changedetection,True,False,False,,False,,None,"CircleCI, GitLab CI",,False,False,False,False,False,False,False,False,False,False,False,False,False,False,False,False,False,2.0,0.0
chaosflix,True,True,False,,True,"GitLab CI_emulator_manual, Travis CI_emulator_manual","Manual_ThirdParty, None","CircleCI, GitLab CI, Travis CI","GitLab CI, Travis CI",False,False,False,False,False,False,False,False,False,False,False,False,False,False,False,False,False,3.0,0.0
chat-app,False,False,False,,False,,None,Travis CI,,False,False,False,False,False,False,False,False,False,False,False,False,False,False,False,False,False,1.0,0.0
chatgpt-app,True,False,False,,False,,None,GitHub,,False,False,False,False,False,False,False,False,False,False,False,False,False,False,False,False,False,1.0,0.0
chatifyapp-flutter,True,False,False,,False,,None,GitHub,,False,False,False,False,False,False,False,False,False,False,False,False,False,False,False,False,False,1.0,0.0
chatse,True,False,False,,False,,None,CircleCI,,False,False,False,False,False,False,False,False,False,False,False,False,False,False,False,False,False,1.0,0.0
chatwoot-mobile-app,True,False,False,,False,,None,CircleCI,,False,False,False,False,False,False,False,False,False,False,False,False,False,False,False,False,False,1.0,0.0
cheatsheet,False,False,False,,False,,None,Travis CI,,False,False,False,False,False,False,False,False,False,False,False,False,False,False,False,False,False,1.0,0.0
cheddar,True,False,False,,False,,None,GitHub,,False,False,False,False,False,False,False,False,False,False,False,False,False,False,False,False,False,2.0,0.0
cheers-li-app,True,False,False,,False,,None,GitHub,,False,False,False,False,False,False,False,False,False,False,False,False,False,False,False,False,False,2.0,0.0
chester,True,False,False,,False,,None,Travis CI,,False,False,False,False,False,False,False,False,False,False,False,False,False,False,False,False,False,1.0,0.0
chinesettstflite,True,False,False,,False,,None,GitHub,,False,False,False,False,False,False,False,False,False,False,False,False,False,False,False,False,False,1.0,0.0
chocobar,True,False,False,,False,,None,GitHub,,False,False,False,False,False,False,False,False,False,False,False,False,False,False,False,False,False,1.0,0.0
cht-android,True,True,True,"GitHub_emulator_full, GitHub_emulator_manual",False,,"GitHub_Hosted, None",GitHub,GitHub,False,False,False,False,False,False,False,False,False,False,True,False,False,False,False,False,1.0,2.0,0.0
churrascometro,False,False,False,,False,,None,Travis CI,,False,False,False,False,False,False,False,False,False,False,False,False,False,False,False,False,False,1.0,0.0
ci-matters,True,True,True,GitHub_emulator_full,True,"CircleCI_emulator_manual, Travis CI_emulator_manual","GitHub_Hosted, Manual_ThirdParty","CircleCI, GitHub, Travis CI","CircleCI, GitHub, Travis CI",False,False,False,False,False,False,False,False,False,False,True,False,False,False,False,False,1.0,3.0,0.0
cimoc,False,False,False,,False,,None,Travis CI,,False,False,False,False,False,False,False,False,False,False,False,False,False,False,False,False,False,1.0,0.0
cineaste-android,True,False,False,,False,,None,GitHub,,False,False,False,False,False,False,False,False,False,False,False,False,False,False,False,False,False,1.0,0.0
circularprogressbar-compose,False,False,False,,False,,None,CircleCI,,False,False,False,False,False,False,False,False,False,False,False,False,False,False,False,False,False,1.0,0.0
circulartimer,True,False,False,,False,,None,GitHub,,False,False,False,False,False,False,False,False,False,False,False,False,False,False,False,False,False,1.0,0.0
cis-android,True,True,True,GitHub_emulator_full,False,,"GitHub_Hosted, None",GitHub,GitHub,False,False,False,False,False,False,False,False,False,False,False,False,True,False,False,False,1.0,4.0,0.0
clarifai-android-starter,True,True,False,,True,Travis CI_emulator_manual,Manual_ThirdParty,Travis CI,Travis CI,False,False,False,False,False,False,False,False,False,False,False,False,False,False,False,False,False,1.0,0.0
class-organizer,False,False,False,,False,,None,Travis CI,,False,False,False,False,False,False,False,False,False,False,False,False,False,False,False,False,False,1.0,0.0
clean-sms-forwarding,True,False,False,,False,,None,GitHub,,False,False,False,False,False,False,False,False,False,False,False,False,False,False,False,False,False,1.0,0.0
cleaner,True,False,False,,False,,None,GitHub,,False,False,False,False,False,False,False,False,False,False,False,False,False,False,False,False,False,1.0,0.0
cleantodo,False,False,False,,False,,None,CircleCI,,False,False,False,False,False,False,False,False,False,False,False,False,False,False,False,False,False,1.0,0.0
clear-todolist,False,False,False,,False,,None,Travis CI,,False,False,False,False,False,False,False,False,False,False,False,False,False,False,False,False,False,1.0,0.0
click,False,False,False,,False,,None,Travis CI,,False,False,False,False,False,False,False,False,False,False,False,False,False,False,False,False,False,1.0,0.0
clicli-dark,True,False,False,,False,,None,"GitHub, Travis CI",,False,False,False,False,False,False,False,False,False,False,False,False,False,False,False,False,False,2.0,2.0
client,True,False,False,,False,,None,"GitHub, Travis CI",,False,False,False,False,False,False,False,False,False,False,False,False,False,False,False,False,False,5.0,0.0
client-android,True,True,False,,True,Travis CI_emulator_manual,Manual_ThirdParty,Travis CI,Travis CI,False,False,False,False,False,False,False,False,False,False,False,False,False,False,False,False,False,1.0,0.0
clipboard,True,False,False,,False,,None,GitHub,,False,False,False,False,False,False,False,False,False,False,False,False,False,False,False,False,False,1.0,0.0
clipboardcleaner,True,False,False,,False,,None,GitHub,,False,False,False,False,False,False,False,False,False,False,False,False,False,False,False,False,False,1.0,0.0
clipboardzanager,True,False,False,,False,,None,GitHub,,False,False,False,False,False,False,False,False,False,False,False,False,False,False,False,False,False,1.0,0.0
clipeus,True,False,False,,False,,None,GitHub,,False,False,False,False,False,False,False,False,False,False,False,False,False,False,False,False,False,2.0,0.0
cloud-launcher,True,False,False,,False,,None,GitHub,,False,False,False,False,False,False,False,False,False,False,False,False,False,False,False,False,False,1.0,0.0
cloudinary_android,True,True,False,,True,Travis CI_emulator_manual,Manual_ThirdParty,Travis CI,Travis CI,False,False,False,False,False,False,False,False,False,False,False,False,False,False,False,False,False,1.0,0.0
cloudy,True,False,False,,False,,None,GitHub,,False,False,False,False,False,False,False,False,False,False,False,False,False,False,False,False,False,1.0,0.0
club-android,True,False,False,,False,,None,GitHub,,False,False,False,False,False,False,False,False,False,False,False,False,False,False,False,False,False,1.0,0.0
clustmpay-sih2019,True,False,False,,False,,None,GitHub,,False,False,False,False,False,False,False,False,False,False,False,False,False,False,False,False,False,1.0,0.0
cmput301f22t06_team_project,True,False,False,,False,,None,GitHub,,False,False,False,False,False,False,False,False,False,False,False,False,False,False,False,False,False,1.0,0.0
cms-android,True,False,False,,False,,None,GitHub,,False,False,False,False,False,False,False,False,False,False,False,False,False,False,False,False,False,1.0,0.0
cms-mobile,False,False,False,,False,,None,GitLab CI,,False,False,False,False,False,False,False,False,False,False,False,False,False,False,False,False,False,1.0,0.0
cnode-material-design,False,False,False,,False,,None,Travis CI,,False,False,False,False,False,False,False,False,False,False,False,False,False,False,False,False,False,1.0,0.0
cnpj_company,True,False,False,,False,,None,GitHub,,False,False,False,False,False,False,False,False,False,False,False,False,False,False,False,False,False,2.0,0.0
cobadge,True,False,False,,False,,None,GitHub,,False,False,False,False,False,False,False,False,False,False,False,False,False,False,False,False,False,1.0,0.0
cocoa-android,True,True,True,GitHub_emulator_full,False,,GitHub_Hosted,GitHub,GitHub,False,False,False,False,False,False,False,False,False,False,False,False,False,False,False,False,False,1.0,0.0
cocwallpaper-android-,True,False,False,,False,,None,GitHub,,False,False,False,False,False,False,False,False,False,False,False,False,False,False,False,False,False,1.0,0.0
code-scanner,True,False,False,,False,,None,GitHub,,False,False,False,False,False,False,False,False,False,False,False,False,False,False,False,False,False,3.0,0.0
code_wars_android,False,False,False,,False,,None,Travis CI,,False,False,False,False,False,False,False,False,False,False,False,False,False,False,False,False,False,1.0,0.0
codeblitzapp,True,False,False,,False,,None,GitHub,,False,False,False,False,False,False,False,False,False,False,False,False,False,False,False,False,False,1.0,0.0
codeedittext,True,False,False,,False,,None,GitHub,,False,False,False,False,False,False,False,False,False,False,False,False,False,False,False,False,False,1.0,0.0
coffee,True,False,False,,False,,None,GitHub,,False,False,False,False,False,False,False,False,False,False,False,False,False,False,False,False,False,3.0,0.0
coffeebreaker,True,False,False,,False,,None,GitHub,,False,False,False,False,False,False,False,False,False,False,False,False,False,False,False,False,False,2.0,0.0
coffeecutie,True,False,False,,False,,None,"GitHub, Travis CI, Unknown",,False,False,False,False,False,False,False,False,False,False,False,False,False,False,False,False,False,5.0,1.0
coffeedrinkswithjetpackcompose,True,True,True,GitHub_emulator_full,False,,GitHub_Hosted,GitHub,GitHub,False,False,False,False,False,False,False,False,False,False,False,False,True,False,False,False,1.0,2.0,0.0
cofi,True,True,True,GitHub_emulator_full,False,,"GitHub_Hosted, None",GitHub,GitHub,False,False,False,False,False,False,False,False,False,False,False,True,False,False,False,False,1.0,4.0,0.0
coil-imagegetter,True,False,False,,False,,None,GitHub,,False,False,False,False,False,False,False,False,False,False,False,False,False,False,False,False,False,1.0,0.0
coincap,True,True,True,GitHub_GMD,False,,GitHub_Hosted,GitHub,GitHub,False,False,False,False,False,False,False,False,False,False,False,False,False,False,False,False,False,1.0,0.0
collapsible-calendar-view-android,True,False,False,,False,,None,GitHub,,False,False,False,False,False,False,False,False,False,False,False,False,False,False,False,False,False,1.0,0.0
collinsdictionary,True,False,False,,False,,None,GitHub,,False,False,False,False,False,False,False,False,False,False,False,False,False,False,False,False,False,1.0,0.0
colorful_notes,False,False,False,,False,,None,GitHub,,False,False,False,False,False,False,False,False,False,False,False,False,False,False,False,False,False,1.0,0.0
colorosnotifyicon,True,False,False,,False,,None,GitHub,,False,False,False,False,False,False,False,False,False,False,False,False,False,False,False,False,False,2.0,0.0
colorpicker,False,False,False,,False,,None,Travis CI,,False,False,False,False,False,False,False,False,False,False,False,False,False,False,False,False,False,1.0,0.0
colors_ai,True,True,True,GitHub_emulator_full,False,,"GitHub_Hosted, None",GitHub,GitHub,False,False,False,False,False,False,False,False,False,False,False,False,False,False,False,False,False,8.0,0.0
colorwaver,True,False,False,,False,,None,GitHub,,False,False,False,False,False,False,False,False,False,False,False,False,False,False,False,False,False,5.0,0.0
comicsapp,True,False,False,,False,,None,Travis CI,,False,False,False,False,False,False,False,False,False,False,False,False,False,False,False,False,False,1.0,0.0
commcare-android,True,False,False,,False,,None,GitHub,,False,False,False,False,False,False,False,False,False,False,False,False,False,False,False,False,False,2.0,0.0
comp0016_2020_21_team25,True,False,False,,False,,None,GitHub,,False,False,False,False,False,False,False,False,False,False,False,False,False,False,False,False,False,3.0,0.0
comp0016_2020_21_team26,True,False,False,,False,,None,GitHub,,False,False,False,False,False,False,False,False,False,False,False,False,False,False,False,False,False,1.0,0.0
companion-for-band,True,False,False,,False,,None,Travis CI,,False,False,False,False,False,False,False,False,False,False,False,False,False,False,False,False,False,1.0,0.0
compose-breakingbad,True,False,False,,False,,None,GitHub,,False,False,False,False,False,False,False,False,False,False,False,False,False,False,False,False,False,1.0,0.0
compose-challenges,True,True,True,GitHub_emulator_full,False,,GitHub_Hosted,GitHub,GitHub,False,False,False,False,True,False,False,True,False,False,True,False,False,False,False,False,3.0,1.0,0.0
compose-color-picker,True,False,False,,False,,None,GitHub,,False,False,False,False,False,False,False,False,False,False,False,False,False,False,False,False,False,2.0,0.0
compose-kotlin-repositories,True,True,True,"GitHub_emulator_full, GitHub_emulator_manual",False,,GitHub_Hosted,GitHub,GitHub,False,False,False,False,False,False,False,False,False,False,True,False,False,False,False,False,1.0,1.0,0.0
compose-lobsters,True,False,False,,False,,None,GitHub,,False,False,False,False,False,False,False,False,False,False,False,False,False,False,False,False,False,3.0,0.0
compose-material-dialogs,True,True,True,GitHub_emulator_full,False,,"GitHub_Hosted, None",GitHub,GitHub,False,False,False,False,False,False,False,False,False,True,False,False,False,False,False,False,1.0,2.0,0.0
compose-scrobbler,True,True,True,GitHub_emulator_full,False,,"GitHub_Hosted, None",GitHub,GitHub,False,False,False,False,False,False,False,False,False,False,True,False,False,False,False,False,1.0,2.0,0.0
compose-timer,True,True,True,GitHub_emulator_full,False,,GitHub_Hosted,GitHub,GitHub,False,False,False,False,True,False,False,True,False,False,True,False,False,False,False,False,3.0,1.0,0.0
compose-ui-book,True,False,False,,False,,None,GitHub,,False,False,False,False,False,False,False,False,False,False,False,False,False,False,False,False,False,3.0,0.0
composethemeswitch,True,False,False,,False,,None,GitHub,,False,False,False,False,False,False,False,False,False,False,False,False,False,False,False,False,False,1.0,0.0
compressor,True,False,False,,False,,None,Travis CI,,False,False,False,False,False,False,False,False,False,False,False,False,False,False,False,False,False,1.0,0.0
cone,True,False,False,,False,,None,Travis CI,,False,False,False,False,False,False,False,False,False,False,False,False,False,False,False,False,False,1.0,0.0
conference-app-2021,True,True,True,GitHub_emulator_full,False,,"GitHub_Hosted, None",GitHub,GitHub,False,False,True,False,True,False,False,True,False,False,True,False,False,False,False,False,4.0,9.0,0.0
connectbot,True,True,True,GitHub_emulator_full,False,,"GitHub_Hosted, None",GitHub,GitHub,False,False,False,False,False,False,False,False,False,True,False,False,False,False,False,False,1.0,4.0,0.0
conning_tower,True,False,False,,False,,None,GitHub,,False,False,False,False,False,False,False,False,False,False,False,False,False,False,False,False,False,3.0,0.0
context_launcher,True,False,False,,False,,None,GitHub,,False,False,False,False,False,False,False,False,False,False,False,False,False,False,False,False,False,1.0,0.0
continuousspeechrecognition,True,False,False,,False,,None,GitHub,,False,False,False,False,False,False,False,False,False,False,False,False,False,False,False,False,False,1.0,0.0
converternow,True,False,False,,False,,None,GitHub,,False,False,False,False,False,False,False,False,False,False,False,False,False,False,False,False,False,3.0,0.0
conveyor,True,False,False,,False,,None,GitHub,,False,False,False,False,False,False,False,False,False,False,False,False,False,False,False,False,False,1.0,0.0
coolweather,True,False,False,,False,,None,CircleCI,,False,False,False,False,False,False,False,False,False,False,False,False,False,False,False,False,False,1.0,0.0
coordinatejoker,True,False,False,,False,,None,GitHub,,False,False,False,False,False,False,False,False,False,False,False,False,False,False,False,False,False,2.0,0.0
corona-warn-companion-android,True,False,False,,False,,None,GitHub,,False,False,False,False,False,False,False,False,False,False,False,False,False,False,False,False,False,1.0,0.0
coroutineasynctask,True,False,False,,False,,None,CircleCI,,False,False,False,False,False,False,False,False,False,False,False,False,False,False,False,False,False,1.0,0.0
correctly,True,False,False,,False,,None,Travis CI,,False,False,False,False,False,False,False,False,False,False,False,False,False,False,False,False,False,1.0,0.0
corridor-navigation-android,True,False,False,,False,,None,Travis CI,,False,False,False,False,False,False,False,False,False,False,False,False,False,False,False,False,False,1.0,0.0
cosmic-ide,True,False,False,,False,,None,GitHub,,False,False,False,False,False,False,False,False,False,False,False,False,False,False,False,False,False,9.0,0.0
couleurbummel,True,False,False,,False,,None,GitHub,,False,False,False,False,False,False,False,False,False,False,False,False,False,False,False,False,False,1.0,0.0
countdowns-android,True,False,False,,False,,None,Travis CI,,False,False,False,False,False,False,False,False,False,False,False,False,False,False,False,False,False,1.0,0.0
counter,True,False,False,,False,,None,CircleCI,,False,False,False,False,False,False,False,False,False,False,False,False,False,False,False,False,False,1.0,0.0
covid,True,False,False,,False,,None,GitHub,,False,False,False,False,False,False,False,False,False,False,False,False,False,False,False,False,False,1.0,0.0
covid-19,True,False,False,,False,,None,GitHub,,False,False,False,False,False,False,False,False,False,False,False,False,False,False,False,False,False,1.0,0.0
covid-19-tracker,True,False,False,,False,,None,GitHub,,False,False,False,False,False,False,False,False,False,False,False,False,False,False,False,False,False,1.0,0.0
covid-alert-app,True,False,False,,False,,None,GitHub,,False,False,False,False,False,False,False,False,False,False,False,False,False,False,False,False,False,1.0,0.0
covid19-tracker-app-kenya,True,False,False,,False,,None,GitHub,,False,False,False,False,False,False,False,False,False,False,False,False,False,False,False,False,False,1.0,0.0
covid_tracker,True,False,False,,False,,None,GitHub,,False,False,False,False,False,False,False,False,False,False,False,False,False,False,False,False,False,1.0,0.0
covidcertificate-app-android,True,True,False,,True,Browserstack,"None, ThirdParty_Service",GitHub,GitHub,False,False,False,False,False,False,False,False,False,False,False,False,False,False,False,False,False,11.0,0.0
covidnow,True,False,False,,False,,None,GitHub,,False,False,False,False,False,False,False,False,False,False,False,False,False,False,False,False,False,1.0,0.0
covidtoday-android,True,False,False,,False,,None,GitHub,,False,False,False,False,False,False,False,False,False,False,False,False,False,False,False,False,False,1.0,0.0
cpu-info,True,False,False,,False,,None,GitHub,,False,False,False,False,False,False,False,False,False,False,False,False,False,False,False,False,False,1.0,0.0
cpymo,True,False,False,,False,,None,GitHub,,False,False,False,False,False,False,False,False,False,False,False,False,False,False,False,False,False,1.0,0.0
crawl,True,False,False,,False,,None,GitHub,,False,False,False,False,False,False,False,False,False,False,False,False,False,False,False,False,False,1.0,0.0
crazie,True,False,False,,False,,None,GitHub,,False,False,False,False,False,False,False,False,False,False,False,False,False,False,False,False,False,3.0,0.0
crime_map,True,False,False,,False,,None,GitHub,,False,False,False,False,False,False,False,False,False,False,False,False,False,False,False,False,False,2.0,0.0
crimsonota,True,False,False,,False,,None,GitHub,,False,False,False,False,False,False,False,False,False,False,False,False,False,False,False,False,False,1.0,0.0
criticalmaps-android,True,False,False,,False,,None,GitHub,,False,False,False,False,False,False,False,False,False,False,False,False,False,False,False,False,False,1.0,0.0
croma,True,False,False,,False,,None,GitHub,,False,False,False,False,False,False,False,False,False,False,False,False,False,False,False,False,False,2.0,0.0
cronet-engine,True,False,False,,False,,None,GitHub,,False,False,False,False,False,False,False,False,False,False,False,False,False,False,False,False,False,1.0,0.0
crossplatformvsthost,True,True,True,GitHub_emulator_full,False,,GitHub_Hosted,GitHub,GitHub,False,False,False,False,False,False,False,False,False,True,False,False,False,False,False,False,1.0,1.0,0.0
crossword,True,False,False,,False,,None,GitHub,,False,False,False,False,False,False,False,False,False,False,False,False,False,False,False,False,False,2.0,0.0
csdnblog,True,False,False,,False,,None,Travis CI,,False,False,False,False,False,False,False,False,False,False,False,False,False,False,False,False,False,1.0,0.0
currencies,True,False,False,,False,,None,GitHub,,False,False,False,False,False,False,False,False,False,False,False,False,False,False,False,False,False,1.0,0.0
currency,True,False,False,,False,,None,GitHub,,False,False,False,False,False,False,False,False,False,False,False,False,False,False,False,False,False,2.0,0.0
currencybg,True,True,False,,True,Travis CI_emulator_manual,Manual_ThirdParty,Travis CI,Travis CI,False,False,False,False,False,False,False,False,False,False,False,False,False,False,False,False,False,1.0,0.0
current-activity,True,False,False,,False,,None,GitHub,,False,False,False,False,False,False,False,False,False,False,False,False,False,False,False,False,False,2.0,0.0
curriculumvitae,True,True,True,"GitHub_emulator_full, GitHub_emulator_manual",False,,"GitHub_Hosted, None",GitHub,GitHub,False,False,False,False,False,False,False,True,False,True,True,True,True,False,False,False,5.0,3.0,0.0
custombottomsheetbehavior,True,True,False,,True,Travis CI_emulator_manual,Manual_ThirdParty,Travis CI,Travis CI,False,False,False,False,False,False,False,False,False,False,False,False,False,False,False,False,False,1.0,0.0
customcalendar,False,False,False,,False,,None,Travis CI,,False,False,False,False,False,False,False,False,False,False,False,False,False,False,False,False,False,1.0,0.0
cv,False,False,False,,False,,None,CircleCI,,False,False,False,False,False,False,False,False,False,False,False,False,False,False,False,False,False,1.0,0.0
cvcamera-mobile,True,False,False,,False,,None,GitHub,,False,False,False,False,False,False,False,False,False,False,False,False,False,False,False,False,False,3.0,0.0
cyirc-mobile,True,False,False,,False,,None,GitHub,,False,False,False,False,False,False,False,False,False,False,False,False,False,False,False,False,False,1.0,0.0
cythara,False,False,False,,False,,None,Travis CI,,False,False,False,False,False,False,False,False,False,False,False,False,False,False,False,False,False,1.0,1.0
cz3002,True,False,False,,False,,None,GitHub,,False,False,False,False,False,False,False,False,False,False,False,False,False,False,False,False,False,1.0,0.0
daedalus,True,False,False,,False,,None,GitHub,,False,False,False,False,False,False,False,False,False,False,False,False,False,False,False,False,False,1.0,0.0
dagashiapp,True,True,True,"GitHub_emulator_full, GitHub_emulator_manual",False,,"GitHub_Hosted, None",GitHub,GitHub,False,False,False,False,False,False,False,False,False,False,False,True,False,False,False,False,1.0,2.0,0.0
dagashiapp-android,True,True,True,GitHub_GMD,False,,"GitHub_Hosted, None",GitHub,GitHub,False,False,False,False,False,False,False,False,False,False,False,False,False,False,False,False,False,2.0,0.0
dagda-app,True,False,False,,False,,None,GitHub,,False,False,False,False,False,False,False,False,False,False,False,False,False,False,False,False,False,4.0,0.0
dagger,True,False,False,,False,,None,GitHub,,False,False,False,False,False,False,False,False,False,False,False,False,False,False,False,False,False,1.0,0.0
daily-learning-app,True,False,False,,False,,None,GitHub,,False,False,False,False,False,False,False,False,False,False,False,False,False,False,False,False,False,2.0,0.0
dailyfootball,True,False,False,,False,,None,CircleCI,,False,False,False,False,False,False,False,False,False,False,False,False,False,False,False,False,False,1.0,0.0
dairy-management,True,True,False,,True,Travis CI_emulator_manual,Manual_ThirdParty,Travis CI,Travis CI,False,False,False,False,False,False,False,False,False,False,False,False,False,False,False,False,False,1.0,0.0
daisy,True,False,False,,False,,None,GitHub,,False,False,False,False,False,False,False,False,False,False,False,False,False,False,False,False,False,1.0,0.0
dandelion,True,False,False,,False,,None,GitHub,,False,False,False,False,False,False,False,False,False,False,False,False,False,False,False,False,False,1.0,0.0
dankchat,True,False,False,,False,,None,GitHub,,False,False,False,False,False,False,False,False,False,False,False,False,False,False,False,False,False,1.0,0.0
danxi,True,False,False,,False,,None,GitHub,,False,False,False,False,False,False,False,False,False,False,False,False,False,False,False,False,False,3.0,0.0
daqs,True,False,False,,False,,None,Travis CI,,False,False,False,False,False,False,False,False,False,False,False,False,False,False,False,False,False,1.0,0.0
darkmodewallpaper,True,False,False,,False,,None,GitHub,,False,False,False,False,False,False,False,False,False,False,False,False,False,False,False,False,False,2.0,0.0
dart-jobs,True,False,False,,False,,None,GitHub,,False,False,False,False,False,False,False,False,False,False,False,False,False,False,False,False,False,5.0,0.0
dash-wallet,True,False,False,,False,,None,GitHub,,False,False,False,False,False,False,False,False,False,False,False,False,False,False,False,False,False,3.0,0.0
databag,True,False,False,,False,,None,GitHub,,False,False,False,False,False,False,False,False,False,False,False,False,False,False,False,False,False,1.0,0.0
datepickertimeline,True,True,True,GitHub_emulator_full,False,,GitHub_Hosted,GitHub,GitHub,False,False,False,False,False,False,False,False,False,True,False,False,False,False,False,False,1.0,1.0,0.0
datmusic-android,True,False,False,,False,,None,GitHub,,False,False,False,False,False,False,False,False,False,False,False,False,False,False,False,False,False,2.0,0.0
dawnn_client,True,False,False,,False,,None,GitHub,,False,False,False,False,False,False,False,False,False,False,False,False,False,False,False,False,False,2.0,0.0
days,True,False,False,,False,,None,Travis CI,,False,False,False,False,False,False,False,False,False,False,False,False,False,False,False,False,False,1.0,0.0
daytomato,False,False,False,,False,,None,Unknown,,False,False,False,False,False,False,False,False,False,False,False,False,False,False,False,False,False,1.0,0.0
dazzling-android-kt,False,False,False,,False,,None,Travis CI,,False,False,False,False,False,False,False,False,False,False,False,False,False,False,False,False,False,1.0,0.0
dcipher-app,False,False,False,,False,,None,Travis CI,,False,False,False,False,False,False,False,False,False,False,False,False,False,False,False,False,False,1.0,0.0
ddcc-validator,True,False,False,,False,,None,GitHub,,False,False,False,False,False,False,False,False,False,False,False,False,False,False,False,False,False,2.0,0.0
de,True,False,False,,False,,None,Travis CI,,False,False,False,False,False,False,False,False,False,False,False,False,False,False,False,False,False,1.0,0.0
de-bloater,True,False,False,,False,,None,GitHub,,False,False,False,False,False,False,False,False,False,False,False,False,False,False,False,False,False,1.0,0.0
de-urgenta-android,True,False,False,,False,,None,GitHub,,False,False,False,False,False,False,False,False,False,False,False,False,False,False,False,False,False,2.0,0.0
deathprogress,True,False,False,,False,,None,GitHub,,False,False,False,False,False,False,False,False,False,False,False,False,False,False,False,False,False,1.0,0.0
debitum,True,False,False,,False,,None,GitHub,,False,False,False,False,False,False,False,False,False,False,False,False,False,False,False,False,False,1.0,0.0
debt-manager,True,False,False,,False,,None,CircleCI,,False,False,False,False,False,False,False,False,False,False,False,False,False,False,False,False,False,1.0,0.0
debtr,True,False,False,,False,,None,GitHub,,False,False,False,False,False,False,False,False,False,False,False,False,False,False,False,False,False,2.0,0.0
debty-v2,True,False,False,,False,,None,CircleCI,,False,False,False,False,False,False,False,False,False,False,False,False,False,False,False,False,False,1.0,0.0
decent,True,False,False,,False,,None,GitHub,,False,False,False,False,False,False,False,False,False,False,False,False,False,False,False,False,False,1.0,0.0
deckbox,True,False,False,,False,,None,GitHub,,False,False,False,False,False,False,False,False,False,False,False,False,False,False,False,False,False,3.0,0.0
deedum,True,False,False,,False,,None,GitHub,,False,False,False,False,False,False,False,False,False,False,False,False,False,False,False,False,False,1.0,0.0
deep-link-launcher,True,False,False,,False,,None,CircleCI,,False,False,False,False,False,False,False,False,False,False,False,False,False,False,False,False,False,1.0,0.0
deeplandroid,True,False,False,,False,,None,GitHub,,False,False,False,False,False,False,False,False,False,False,False,False,False,False,False,False,False,1.0,0.0
deezerclone,True,False,False,,False,,None,GitHub,,False,False,False,False,False,False,False,False,False,False,False,False,False,False,False,False,False,1.0,0.0
deezerkmp,True,False,False,,False,,None,GitHub,,False,False,False,False,False,False,False,False,False,False,False,False,False,False,False,False,False,1.0,0.0
defiscan,True,False,False,,False,,None,GitHub,,False,False,False,False,False,False,False,False,False,False,False,False,False,False,False,False,False,1.0,0.0
delish,True,True,True,GitHub_emulator_full,False,,"GitHub_Hosted, None",GitHub,GitHub,False,False,False,False,False,False,False,False,False,False,False,False,False,False,False,False,False,2.0,1.0
delock,True,True,False,,True,GitLab CI_emulator_manual,"Manual_ThirdParty, None","GitHub, GitLab CI",GitLab CI,False,False,False,False,False,False,False,False,False,False,False,False,False,False,False,False,False,2.0,0.0
deltacamera,True,False,False,,False,,None,GitHub,,False,False,False,False,False,False,False,False,False,False,False,False,False,False,False,False,False,1.0,0.0
demixr-app,True,False,False,,False,,None,GitHub,,False,False,False,False,False,False,False,False,False,False,False,False,False,False,False,False,False,1.0,0.0
designoverlay-android,True,False,False,,False,,None,Travis CI,,False,False,False,False,False,False,False,False,False,False,False,False,False,False,False,False,False,1.0,0.0
detective-droid,True,False,False,,False,,None,"CircleCI, GitHub",,False,False,False,False,False,False,False,False,False,False,False,False,False,False,False,False,False,2.0,0.0
detoxiom,False,False,False,,False,,None,Travis CI,,False,False,False,False,False,False,False,False,False,False,False,False,False,False,False,False,False,1.0,0.0
dev-feed,True,False,False,,False,,None,GitHub,,False,False,False,False,False,False,False,False,False,False,False,False,False,False,False,False,False,3.0,0.0
dev-tiles,True,False,False,,False,,None,CircleCI,,False,False,False,False,False,False,False,False,False,False,False,False,False,False,False,False,False,1.0,0.0
developers-portfolio,True,False,False,,False,,None,GitHub,,False,False,False,False,False,False,False,False,False,False,False,False,False,False,False,False,False,1.0,0.0
development_learning,True,False,False,,False,,None,GitHub,,False,False,False,False,False,False,False,False,False,False,False,False,False,False,False,False,False,7.0,0.0
devhub,False,False,False,,False,,None,Travis CI,,False,False,False,False,False,False,False,False,False,False,False,False,False,False,False,False,False,1.0,0.0
deviantart,True,False,False,,False,,None,GitHub,,False,False,False,False,False,False,False,False,False,False,False,False,False,False,False,False,False,1.0,0.0
devstat,True,False,False,,False,,None,GitHub,,False,False,False,False,False,False,False,False,False,False,False,False,False,False,False,False,False,1.0,0.0
devto-android,True,False,False,,False,,None,GitHub,,False,False,False,False,False,False,False,False,False,False,False,False,False,False,False,False,False,1.0,0.0
dexter,True,False,False,,False,,None,GitHub,,False,False,False,False,False,False,False,False,False,False,False,False,False,False,False,False,False,2.0,0.0
dfm,True,False,False,,False,,None,"CircleCI, GitHub",,False,False,False,False,False,False,False,False,False,False,False,False,False,False,False,False,False,3.0,0.0
diagonal-imageview,False,False,False,,False,,None,Travis CI,,False,False,False,False,False,False,False,False,False,False,False,False,False,False,False,False,False,1.0,0.0
diaguard,True,False,False,,False,,None,GitHub,,False,False,False,False,False,False,False,False,False,False,False,False,False,False,False,False,False,1.0,0.0
dial-dial,True,False,False,,False,,None,GitHub,,False,False,False,False,False,False,False,False,False,False,False,False,False,False,False,False,False,1.0,0.0
dialerloading,False,False,False,,False,,None,Travis CI,,False,False,False,False,False,False,False,False,False,False,False,False,False,False,False,False,False,1.0,0.0
dialogmusicplayer,True,False,False,,False,,None,GitHub,,False,False,False,False,False,False,False,False,False,False,False,False,False,False,False,False,False,1.0,0.0
dialogplus,False,False,False,,False,,None,Travis CI,,False,False,False,False,False,False,False,False,False,False,False,False,False,False,False,False,False,1.0,0.0
dialogue,True,True,True,GitHub_emulator_full,False,,GitHub_Hosted,GitHub,GitHub,False,False,False,False,True,False,False,True,False,False,False,True,False,False,False,False,3.0,1.0,0.0
diary,True,True,False,,True,Travis CI_emulator_manual,Manual_ThirdParty,Travis CI,Travis CI,False,False,False,False,False,False,False,False,False,False,False,False,False,False,False,False,False,1.0,0.0
diceoverflow,True,True,False,,True,Travis CI_emulator_manual,Manual_ThirdParty,Travis CI,Travis CI,False,False,False,False,False,False,False,False,False,False,False,False,False,False,False,False,False,1.0,0.0
dictionary,True,False,False,,False,,None,GitHub,,False,False,False,False,False,False,False,False,False,False,False,False,False,False,False,False,False,1.0,0.0
dictionary-app,True,False,False,,False,,None,CircleCI,,False,False,False,False,False,False,False,False,False,False,False,False,False,False,False,False,False,1.0,0.0
didaktikapp,True,False,False,,False,,None,GitHub,,False,False,False,False,False,False,False,False,False,False,False,False,False,False,False,False,False,1.0,0.0
digiview-android,True,False,False,,False,,None,GitHub,,False,False,False,False,False,False,False,False,False,False,False,False,False,False,False,False,False,1.0,0.0
dimba,False,False,False,,False,,None,Travis CI,,False,False,False,False,False,False,False,False,False,False,False,False,False,False,False,False,False,1.0,0.0
dinewell-carehome-app,True,False,False,,False,,None,Travis CI,,False,False,False,False,False,False,False,False,False,False,False,False,False,False,False,False,False,1.0,0.0
dira,True,False,False,,False,,None,GitHub,,False,False,False,False,False,False,False,False,False,False,False,False,False,False,False,False,False,1.0,0.0
direct-net-share,False,False,False,,False,,None,Travis CI,,False,False,False,False,False,False,False,False,False,False,False,False,False,False,False,False,False,1.0,0.0
discordjetpackcompose,True,False,False,,False,,None,GitHub,,False,False,False,False,False,False,False,False,False,False,False,False,False,False,False,False,False,1.0,0.0
discreet-launcher,True,False,False,,False,,None,GitHub,,False,False,False,False,False,False,False,False,False,False,False,False,False,False,False,False,False,1.0,0.0
discusim,False,False,False,,False,,None,CircleCI,,False,False,False,False,False,False,False,False,False,False,False,False,False,False,False,False,False,1.0,0.0
discuzhub,True,False,False,,False,,None,GitHub,,False,False,False,False,False,False,False,False,False,False,False,False,False,False,False,False,False,2.0,0.0
disneymotions,True,False,False,,False,,None,GitHub,,False,False,False,False,False,False,False,False,False,False,False,False,False,False,False,False,False,1.0,0.0
display-nearby-places-ar-android,True,False,False,,False,,None,GitHub,,False,False,False,False,False,False,False,False,False,False,False,False,False,False,False,False,False,1.0,0.0
distantworlds-muzei,True,False,False,,False,,None,GitHub,,False,False,False,False,False,False,False,False,False,False,False,False,False,False,False,False,False,2.0,0.0
ditonton,True,False,False,,False,,None,GitHub,,False,False,False,False,False,False,False,False,False,False,False,False,False,False,False,False,False,1.0,0.0
dividerseekbar,True,False,False,,False,,None,GitHub,,False,False,False,False,False,False,False,False,False,False,False,False,False,False,False,False,False,1.0,0.0
dmix,True,False,False,,False,,None,Travis CI,,False,False,False,False,False,False,False,False,False,False,False,False,False,False,False,False,False,1.0,0.0
dms-android,True,False,False,,False,,None,GitHub,,False,False,False,False,False,False,False,False,False,False,False,False,False,False,False,False,False,1.0,0.0
dndplayer,True,False,False,,False,,None,GitHub,,False,False,False,False,False,False,False,False,False,False,False,False,False,False,False,False,False,1.0,0.0
dns66,True,False,False,,False,,None,"GitHub, Travis CI",,False,False,False,False,False,False,False,False,False,False,False,False,False,False,False,False,False,2.0,0.0
dnshero,True,False,False,,False,,None,GitHub,,False,False,False,False,False,False,False,False,False,False,False,False,False,False,False,False,False,1.0,0.0
documentocr,True,True,False,,True,Travis CI_emulator_manual,Manual_ThirdParty,Travis CI,Travis CI,False,False,False,False,False,False,False,False,False,False,False,False,False,False,False,False,False,1.0,0.0
dodroid,True,False,False,,False,,None,CircleCI,,False,False,False,False,False,False,False,False,False,False,False,False,False,False,False,False,False,1.0,0.0
dokuwikiandroid,True,False,False,,False,,None,"GitHub, GitLab CI",,False,False,False,False,False,False,False,False,False,False,False,False,False,False,False,False,False,2.0,0.0
domaine-nc-mobile,True,False,False,,False,,None,GitHub,,False,False,False,False,False,False,False,False,False,False,False,False,False,False,False,False,False,3.0,0.0
domodroid,True,False,False,,False,,None,Travis CI,,False,False,False,False,False,False,False,False,False,False,False,False,False,False,False,False,False,1.0,0.0
donezo,True,False,False,,False,,None,GitHub,,False,False,False,False,False,False,False,False,False,False,False,False,False,False,False,False,False,1.0,0.0
doubanmovie,True,False,False,,False,,None,GitHub,,False,False,False,False,False,False,False,False,False,False,False,False,False,False,False,False,False,1.0,0.0
douya,False,False,False,,False,,None,Travis CI,,False,False,False,False,False,False,False,False,False,False,False,False,False,False,False,False,False,1.0,0.0
dowel,True,False,False,,False,,None,GitHub,,False,False,False,False,False,False,False,False,False,False,False,False,False,False,False,False,False,1.0,0.0
download-navi,True,False,False,,False,,None,GitHub,,False,False,False,False,False,False,False,False,False,False,False,False,False,False,False,False,False,1.0,0.0
draftsman,True,False,False,,False,,None,GitHub,,False,False,False,False,False,False,False,False,False,False,False,False,False,False,False,False,False,2.0,0.0
draggable-menu,True,False,False,,False,,None,GitHub,,False,False,False,False,False,False,False,False,False,False,False,False,False,False,False,False,False,1.0,0.0
drawa-android,False,False,False,,False,,None,"CircleCI, Travis CI",,False,False,False,False,False,False,False,False,False,False,False,False,False,False,False,False,False,2.0,0.0
dreamdroid,False,False,False,,False,,None,Travis CI,,False,False,False,False,False,False,False,False,False,False,False,False,False,False,False,False,False,1.0,0.0
dribbbleclient,True,True,False,,True,Travis CI_emulator_manual,Manual_ThirdParty,Travis CI,Travis CI,False,False,False,False,False,False,False,False,False,False,False,False,False,False,False,False,False,1.0,0.0
drinkable,True,False,False,,False,,None,GitHub,,False,False,False,False,False,False,False,False,False,False,False,False,False,False,False,False,False,3.0,0.0
drinks,True,False,False,,False,,None,"CircleCI, Travis CI",,False,False,False,False,False,False,False,False,False,False,False,False,False,False,False,False,False,2.0,0.0
drip,True,False,False,,False,,None,GitLab CI,,False,False,False,False,False,False,False,False,False,False,False,False,False,False,False,False,False,1.0,0.0
drive,True,True,False,,True,Travis CI_emulator_manual,Manual_ThirdParty,Travis CI,Travis CI,False,False,False,False,False,False,False,False,False,False,False,False,False,False,False,False,False,1.0,0.0
driver-android,True,True,False,,True,Travis CI_emulator_manual,Manual_ThirdParty,Travis CI,Travis CI,False,False,False,False,False,False,False,False,False,False,False,False,False,False,False,False,False,1.0,0.0
droid-feed,True,True,True,GitHub_emulator_full,False,,"GitHub_Hosted, None",GitHub,GitHub,False,False,True,False,False,False,False,False,False,False,True,False,False,False,False,False,2.0,2.0,0.0
droidinfo,True,False,False,,False,,None,Travis CI,,False,False,False,False,False,False,False,False,False,False,False,False,False,False,False,False,False,1.0,0.0
drona,False,False,False,,False,,None,Travis CI,,False,False,False,False,False,False,False,False,False,False,False,False,False,False,False,False,False,1.0,0.0
drone-scanner,True,False,False,,False,,None,GitHub,,False,False,False,False,False,False,False,False,False,False,False,False,False,False,False,False,False,2.0,0.0
dropdowntextview,False,False,False,,False,,None,CircleCI,,False,False,False,False,False,False,False,False,False,False,False,False,False,False,False,False,False,1.0,1.0
dsrweatherapp,False,False,False,,False,,None,CircleCI,,False,False,False,False,False,False,False,False,False,False,False,False,False,False,False,False,False,1.0,0.0
dui-android,True,False,False,,False,,None,GitHub,,False,False,False,False,False,False,False,False,False,False,False,False,False,False,False,False,False,1.0,0.0
duocamera,False,False,False,,False,,None,Travis CI,,False,False,False,False,False,False,False,False,False,False,False,False,False,False,False,False,False,1.0,0.0
duress,True,False,False,,False,,None,GitHub,,False,False,False,False,False,False,False,False,False,False,False,False,False,False,False,False,False,2.0,0.0
dvachmovie,True,True,False,,True,Travis CI_emulator_manual,Manual_ThirdParty,Travis CI,Travis CI,False,False,False,False,False,False,False,False,False,False,False,False,False,False,False,False,False,1.0,0.0
dwyco,False,False,False,,False,,None,Travis CI,,False,False,False,False,False,False,False,False,False,False,False,False,False,False,False,False,False,1.0,0.0
dynamic-island-android-full-application,True,False,False,,False,,None,GitHub,,False,False,False,False,False,False,False,False,False,False,False,False,False,False,False,False,False,1.0,0.0
dynamicnightlight,True,True,False,,True,Travis CI_emulator_manual,Manual_ThirdParty,Travis CI,Travis CI,False,False,False,False,False,False,False,False,False,False,False,False,False,False,False,False,False,1.0,0.0
dynamicoperu,True,True,False,,True,Travis CI_emulator_manual,Manual_ThirdParty,Travis CI,Travis CI,False,False,False,False,False,False,False,False,False,False,False,False,False,False,False,False,False,1.0,0.0
dzikirqu-android,True,False,False,,False,,None,GitHub,,False,False,False,False,False,False,False,False,False,False,False,False,False,False,False,False,False,2.0,0.0
e2e-detox,True,True,False,,True,CircleCI_emulator_manual,"Manual_ThirdParty, None","CircleCI, Travis CI",CircleCI,False,False,False,False,False,False,False,False,False,False,False,False,False,False,False,False,False,2.0,0.0
e_luminous_mobile,True,False,False,,False,,None,GitHub,,False,False,False,False,False,False,False,False,False,False,False,False,False,False,False,False,False,1.0,0.0
easel,False,False,False,,False,,None,Travis CI,,False,False,False,False,False,False,False,False,False,False,False,False,False,False,False,False,False,1.0,0.0
easer,True,True,True,GitHub_emulator_full,True,Travis CI_emulator_manual,"GitHub_Hosted, Manual_ThirdParty","GitHub, Travis CI","GitHub, Travis CI",False,False,False,False,False,False,False,False,False,False,True,False,False,False,False,False,1.0,2.0,0.0
eastfoods,True,False,False,,False,,None,GitHub,,False,False,False,False,False,False,False,False,False,False,False,False,False,False,False,False,False,1.0,0.0
easy_xkcd,True,False,False,,False,,None,GitHub,,False,False,False,False,False,False,False,False,False,False,False,False,False,False,False,False,False,1.0,0.0
easyadapter,True,False,False,,False,,None,"CircleCI, GitHub",,False,False,False,False,False,False,False,False,False,False,False,False,False,False,False,False,False,2.0,0.0
easybangumi,True,False,False,,False,,None,GitHub,,False,False,False,False,False,False,False,False,False,False,False,False,False,False,False,False,False,1.0,0.0
easylocationfetch,True,False,False,,False,,None,GitHub,,False,False,False,False,False,False,False,False,False,False,False,False,False,False,False,False,False,1.0,0.0
easyrecipe,True,True,True,"GitHub_emulator_full, GitHub_emulator_manual",False,,"GitHub_Hosted, None",GitHub,GitHub,False,False,False,False,False,False,False,False,False,True,False,False,False,False,False,False,1.0,3.0,0.0
easyrepost,True,False,False,,False,,None,GitLab CI,,False,False,False,False,False,False,False,False,False,False,False,False,False,False,False,False,False,1.0,0.0
easyshapeview,True,False,False,,False,,None,GitHub,,False,False,False,False,False,False,False,False,False,False,False,False,False,False,False,False,False,1.0,0.0
easysshfs,True,False,False,,False,,None,GitHub,,False,False,False,False,False,False,False,False,False,False,False,False,False,False,False,False,False,1.0,0.0
easythread,False,False,False,,False,,None,Travis CI,,False,False,False,False,False,False,False,False,False,False,False,False,False,False,False,False,False,1.0,0.0
easywatermark,True,False,False,,False,,None,GitHub,,False,False,False,False,False,False,False,False,False,False,False,False,False,False,False,False,False,2.0,0.0
eat-poop-you-cat-android,True,False,False,,False,,None,GitHub,,False,False,False,False,False,False,False,False,False,False,False,False,False,False,False,False,False,2.0,0.0
ebeveynkontrollutwitter,False,False,False,,False,,None,Travis CI,,False,False,False,False,False,False,False,False,False,False,False,False,False,False,False,False,False,1.0,0.0
ebookreader,True,False,False,,False,,None,GitHub,,False,False,False,False,False,False,False,False,False,False,False,False,False,False,False,False,False,1.0,0.0
editor,True,False,False,,False,,None,GitHub,,False,False,False,False,False,False,False,False,False,False,False,False,False,False,False,False,False,2.0,0.0
edmflare,True,False,False,,False,,None,GitHub,,False,False,False,False,False,False,False,False,False,False,False,False,False,False,False,False,False,1.0,0.0
edokuri,True,False,False,,False,,None,GitHub,,False,False,False,False,False,False,False,False,False,False,False,False,False,False,False,False,False,1.0,0.0
edtrack,True,True,True,GitHub_emulator_compact,False,,GitHub_Hosted,GitHub,GitHub,False,False,False,False,False,False,False,False,False,False,False,False,True,False,False,False,1.0,1.0,0.0
edujam,True,False,False,,False,,None,GitHub,,False,False,False,False,False,False,False,False,False,False,False,False,False,False,False,False,False,1.0,0.0
eh-redux,True,False,False,,False,,None,GitHub,,False,False,False,False,False,False,False,False,False,False,False,False,False,False,False,False,False,3.0,0.0
ehviewer,True,False,False,,False,,None,GitHub,,False,False,False,False,False,False,False,False,False,False,False,False,False,False,False,False,False,1.0,0.0
ehviewer_cn_sxj,True,False,False,,False,,None,GitHub,,False,False,False,False,False,False,False,False,False,False,False,False,False,False,False,False,False,1.0,0.0
einkbro,True,False,False,,False,,None,"GitHub, Travis CI",,False,False,False,False,False,False,False,False,False,False,False,False,False,False,False,False,False,2.0,0.0
elder_launcher,True,False,False,,False,,None,GitHub,,False,False,False,False,False,False,False,False,False,False,False,False,False,False,False,False,False,1.0,0.0
electricity_front,True,False,False,,False,,None,GitHub,,False,False,False,False,False,False,False,False,False,False,False,False,False,False,False,False,False,1.0,0.0
electrode-native,True,False,False,,False,,None,"GitHub, Unknown",,False,False,False,False,False,False,False,False,False,False,False,False,False,False,False,False,False,4.0,0.0
elegantdialog,True,False,False,,False,,None,Unknown,,False,False,False,False,False,False,False,False,False,False,False,False,False,False,False,False,False,1.0,0.0
element-android,True,True,True,GitHub_emulator_full,False,,"GitHub_Hosted, None",GitHub,GitHub,False,False,False,False,False,False,False,False,False,True,False,False,False,False,False,False,1.0,19.0,0.0
elfeed-cljsrn,True,False,False,,False,,None,GitHub,,False,False,False,False,False,False,False,False,False,False,False,False,False,False,False,False,False,3.0,0.0
emblaflutterapp,True,False,False,,False,,None,GitHub,,False,False,False,False,False,False,False,False,False,False,False,False,False,False,False,False,False,1.0,0.0
emojibottomsheetdialog,True,False,False,,False,,None,GitHub,,False,False,False,False,False,False,False,False,False,False,False,False,False,False,False,False,False,2.0,0.0
empty-view,False,False,False,,False,,None,Travis CI,,False,False,False,False,False,False,False,False,False,False,False,False,False,False,False,False,False,1.0,0.0
emulator-detector,False,False,False,,False,,None,Travis CI,,False,False,False,False,False,False,False,False,False,False,False,False,False,False,False,False,False,1.0,0.0
enchantedfortress,True,False,False,,False,,None,GitHub,,False,False,False,False,False,False,False,False,False,False,False,False,False,False,False,False,False,1.0,0.0
encoder,True,False,False,,False,,None,Travis CI,,False,False,False,False,False,False,False,False,False,False,False,False,False,False,False,False,False,1.0,0.0
encrypted-datastore,True,False,False,,False,,None,GitHub,,False,False,False,False,False,False,False,False,False,False,False,False,False,False,False,False,False,1.0,0.0
encryptedsharedpreferences,True,True,False,,True,Travis CI_emulator_manual,Manual_ThirdParty,Travis CI,Travis CI,False,False,False,False,False,False,False,False,False,False,False,False,False,False,False,False,False,1.0,0.0
energy-meter-scanner,True,False,False,,False,,None,Unknown,,False,False,False,False,False,False,False,False,False,False,False,False,False,False,False,False,False,1.0,0.0
engine,True,False,False,,False,,None,GitHub,,False,False,False,False,False,False,False,False,False,False,False,False,False,False,False,False,False,1.0,0.0
enginedatalogger---dashboard,True,False,False,,False,,None,"GitHub, Travis CI",,False,False,False,False,False,False,False,False,False,False,False,False,False,False,False,False,False,2.0,0.0
enginedriver,True,True,False,,True,Travis CI_emulator_manual,Manual_ThirdParty,Travis CI,Travis CI,False,False,False,False,False,False,False,False,False,False,False,False,False,False,False,False,False,1.0,0.0
enigmatic-mouse,False,False,False,,False,,None,Travis CI,,False,False,False,False,False,False,False,False,False,False,False,False,False,False,False,False,False,1.0,0.0
enroute,True,False,False,,False,,None,GitHub,,False,False,False,False,False,False,False,False,False,False,False,False,False,False,False,False,False,4.0,0.0
ensicord,True,False,False,,False,,None,GitHub,,False,False,False,False,False,False,False,False,False,False,False,False,False,False,False,False,False,2.0,0.0
envelop-android,True,True,False,,True,Firebase_Full,"None, ThirdParty_Service",GitHub,GitHub,False,False,False,False,False,False,False,False,False,False,False,False,False,False,False,False,False,2.0,0.0
epicture,False,False,False,,False,,None,Travis CI,,False,False,False,False,False,False,False,False,False,False,False,False,False,False,False,False,False,1.0,0.0
epimetheus,True,False,False,,False,,None,GitHub,,False,False,False,False,False,False,False,False,False,False,False,False,False,False,False,False,False,1.0,0.0
epistolaire,False,False,False,,False,,None,GitLab CI,,False,False,False,False,False,False,False,False,False,False,False,False,False,False,False,False,False,1.0,0.0
epoch,True,False,False,,False,,None,GitHub,,False,False,False,False,False,False,False,False,False,False,False,False,False,False,False,False,False,2.0,0.0
equate,True,False,False,,False,,None,CircleCI,,False,False,False,False,False,False,False,False,False,False,False,False,False,False,False,False,False,1.0,0.0
eshop-android,True,False,False,,False,,None,GitHub,,False,False,False,False,False,False,False,False,False,False,False,False,False,False,False,False,False,3.0,0.0
espeak-ng,True,False,False,,False,,None,"GitHub, Travis CI",,False,False,False,False,False,False,False,False,False,False,False,False,False,False,False,False,False,8.0,0.0
espionage,False,False,False,,False,,None,GitLab CI,,False,False,False,False,False,False,False,False,False,False,False,False,False,False,False,False,False,1.0,0.0
eta-android-2048,True,False,False,,False,,None,CircleCI,,False,False,False,False,False,False,False,False,False,False,False,False,False,False,False,False,False,1.0,0.0
etar-calendar,True,False,False,,False,,None,GitHub,,False,False,False,False,False,False,False,False,False,False,False,False,False,False,False,False,False,1.0,0.0
etopa,True,False,False,,False,,None,GitHub,,False,False,False,False,False,False,False,False,False,False,False,False,False,False,False,False,False,1.0,0.0
etsmobile-android2,True,False,False,,False,,None,Travis CI,,False,False,False,False,False,False,False,False,False,False,False,False,False,False,False,False,False,1.0,0.0
euphony-hub-collector,True,True,True,GitHub_emulator_full,False,,GitHub_Hosted,GitHub,GitHub,False,False,False,False,False,False,False,False,False,True,False,False,False,False,False,False,1.0,1.0,0.0
event-registration-app,True,False,False,,False,,None,GitHub,,False,False,False,False,False,False,False,False,False,False,False,False,False,False,False,False,False,1.0,0.0
eventfahrplan,True,True,True,GitHub_emulator_full,False,,"GitHub_Hosted, None","GitHub, Travis CI",GitHub,False,False,True,False,False,False,False,False,False,False,False,False,False,False,False,False,1.0,2.0,0.0
every_door,True,False,False,,False,,None,GitHub,,False,False,False,False,False,False,False,False,False,False,False,False,False,False,False,False,False,1.0,0.0
evmap,True,False,False,,False,,None,GitHub,,False,False,False,False,False,False,False,False,False,False,False,False,False,False,False,False,False,2.0,0.0
evrimnews,False,False,False,,False,,None,Travis CI,,False,False,False,False,False,False,False,False,False,False,False,False,False,False,False,False,False,1.0,0.0
exif-thumbnail-adder,True,True,True,"GitHub_emulator_full, GitHub_emulator_manual",False,,GitHub_Hosted,GitHub,GitHub,False,False,False,False,False,False,False,True,True,True,True,True,True,True,True,False,8.0,1.0,0.0
exodus-android-app,True,False,False,,False,,None,GitHub,,False,False,False,False,False,False,False,False,False,False,False,False,False,False,False,False,False,2.0,0.0
exokit,True,False,False,,False,,None,"Travis CI, Unknown",,False,False,False,False,False,False,False,False,False,False,False,False,False,False,False,False,False,2.0,0.0
expandablebottombar,True,False,False,,False,,None,CircleCI,,False,False,False,False,False,False,False,False,False,False,False,False,False,False,False,False,False,1.0,0.0
expense-tracker,True,False,False,,False,,None,GitHub,,False,False,False,False,False,False,False,False,False,False,False,False,False,False,False,False,False,2.0,0.0
expensemanager,True,True,True,GitHub_emulator_full,False,,GitHub_Hosted,GitHub,GitHub,False,False,False,False,False,False,False,False,False,False,True,False,False,False,False,False,1.0,1.0,0.0
expensetracker,False,False,False,,False,,None,Travis CI,,False,False,False,False,False,False,False,False,False,False,False,False,False,False,False,False,False,1.0,0.0
experiment-compose,True,False,False,,False,,None,GitHub,,False,False,False,False,False,False,False,False,False,False,False,False,False,False,False,False,False,1.0,0.0
exploitdb,True,False,False,,False,,None,"GitHub, Travis CI",,False,False,False,False,False,False,False,False,False,False,False,False,False,False,False,False,False,2.0,0.0
explorern,True,False,False,,False,,None,GitHub,,False,False,False,False,False,False,False,False,False,False,False,False,False,False,False,False,False,1.0,0.0
external_jbirdvegas_mgerrit,False,False,False,,False,,None,Travis CI,,False,False,False,False,False,False,False,False,False,False,False,False,False,False,False,False,False,1.0,0.0
ez-recipes-android,True,True,True,GitHub_emulator_full,False,,"GitHub_Hosted, None",GitHub,GitHub,False,False,False,False,False,False,False,False,False,False,True,False,True,False,True,False,3.0,2.0,0.0
f5n,True,False,False,,False,,None,Travis CI,,False,False,False,False,False,False,False,False,False,False,False,False,False,False,False,False,False,1.0,0.0
face_animate,False,False,False,,False,,None,Travis CI,,False,False,False,False,False,False,False,False,False,False,False,False,False,False,False,False,False,1.0,0.0
facerecognitionapp,True,False,False,,False,,None,Travis CI,,False,False,False,False,False,False,False,False,False,False,False,False,False,False,False,False,False,1.0,0.0
faceslim,False,False,False,,False,,None,Travis CI,,False,False,False,False,False,False,False,False,False,False,False,False,False,False,False,False,False,1.0,0.0
facted-camera,False,False,False,,False,,None,Travis CI,,False,False,False,False,False,False,False,False,False,False,False,False,False,False,False,False,False,1.0,0.0
faker,True,True,False,,True,Travis CI_emulator_manual,Manual_ThirdParty,Travis CI,Travis CI,False,False,False,False,False,False,False,False,False,False,False,False,False,False,False,False,False,1.0,0.0
fakestandby,True,False,False,,False,,None,GitHub,,False,False,False,False,False,False,False,False,False,False,False,False,False,False,False,False,False,1.0,0.0
faketraveler,True,False,False,,False,,None,GitHub,,False,False,False,False,False,False,False,False,False,False,False,False,False,False,False,False,False,2.0,0.0
fallasleep,True,False,False,,False,,None,GitHub,,False,False,False,False,False,False,False,False,False,False,False,False,False,False,False,False,False,1.0,0.0
family-care,True,True,False,,True,Travis CI_emulator_manual,Manual_ThirdParty,Travis CI,Travis CI,False,False,False,False,False,False,False,False,False,False,False,False,False,False,False,False,False,1.0,0.0
familyfinance-android,True,False,False,,False,,None,GitHub,,False,False,False,False,False,False,False,False,False,False,False,False,False,False,False,False,False,2.0,0.0
fancyplaces,False,False,False,,False,,None,Travis CI,,False,False,False,False,False,False,False,False,False,False,False,False,False,False,False,False,False,1.0,0.0
fancyshowcaseview,True,False,False,,False,,None,GitHub,,False,False,False,False,False,False,False,False,False,False,False,False,False,False,False,False,False,1.0,0.0
fantlab-android,False,False,False,,False,,None,Travis CI,,False,False,False,False,False,False,False,False,False,False,False,False,False,False,False,False,False,1.0,0.0
farebot,False,False,False,,False,,None,Travis CI,,False,False,False,False,False,False,False,False,False,False,False,False,False,False,False,False,False,1.0,0.0
fast-face-android,False,False,False,,False,,None,Travis CI,,False,False,False,False,False,False,False,False,False,False,False,False,False,False,False,False,False,1.0,0.0
fastadapter,False,False,False,,False,,None,Travis CI,,False,False,False,False,False,False,False,False,False,False,False,False,False,False,False,False,False,1.0,0.0
fastexoplayerseeker,False,False,False,,False,,None,Travis CI,,False,False,False,False,False,False,False,False,False,False,False,False,False,False,False,False,False,1.0,0.0
fastlane-android-ci,False,False,False,,False,,None,Travis CI,,False,False,False,False,False,False,False,False,False,False,False,False,False,False,False,False,False,1.0,0.0
fastshopping,True,True,True,GitHub_emulator_full,False,,"GitHub_Hosted, None",GitHub,GitHub,False,False,False,False,False,False,False,False,False,True,False,False,False,False,False,False,1.0,6.0,0.0
fbp-go,True,False,False,,False,,None,GitHub,,False,False,False,False,False,False,False,False,False,False,False,False,False,False,False,False,False,1.0,0.0
feather,True,False,False,,False,,None,Travis CI,,False,False,False,False,False,False,False,False,False,False,False,False,False,False,False,False,False,1.0,0.0
fediverse,True,False,False,,False,,None,GitHub,,False,False,False,False,False,False,False,False,False,False,False,False,False,False,False,False,False,6.0,0.0
feed-watcher,True,False,False,,False,,None,GitHub,,False,False,False,False,False,False,False,False,False,False,False,False,False,False,False,False,False,1.0,0.0
feedback-prime,True,False,False,,False,,None,GitHub,,False,False,False,False,False,False,False,False,False,False,False,False,False,False,False,False,False,1.0,0.0
feudaltactics,True,False,False,,False,,None,GitHub,,False,False,False,False,False,False,False,False,False,False,False,False,False,False,False,False,False,1.0,0.0
ffupdater,True,False,False,,False,,None,GitHub,,False,False,False,False,False,False,False,False,False,False,False,False,False,False,False,False,False,2.0,0.0
file,False,False,False,,False,,None,Travis CI,,False,False,False,False,False,False,False,False,False,False,False,False,False,False,False,False,False,1.0,0.0
file-android,True,False,False,,False,,None,Travis CI,,False,False,False,False,False,False,False,False,False,False,False,False,False,False,False,False,False,1.0,0.0
file-explorer,True,False,False,,False,,None,GitHub,,False,False,False,False,False,False,False,False,False,False,False,False,False,False,False,False,False,2.0,0.0
filepickerdialog-master,True,False,False,,False,,None,Travis CI,,False,False,False,False,False,False,False,False,False,False,False,False,False,False,False,False,False,1.0,0.0
fileshortcut,True,False,False,,False,,None,Travis CI,,False,False,False,False,False,False,False,False,False,False,False,False,False,False,False,False,False,1.0,0.0
filmchecker,True,False,False,,False,,None,Travis CI,,False,False,False,False,False,False,False,False,False,False,False,False,False,False,False,False,False,1.0,0.0
finance-manager,True,False,False,,False,,None,GitHub,,False,False,False,False,False,False,False,False,False,False,False,False,False,False,False,False,False,1.0,0.0
findapet,True,False,False,,False,,None,CircleCI,,False,False,False,False,False,False,False,False,False,False,False,False,False,False,False,False,False,1.0,0.0
finder,False,False,False,,False,,None,Travis CI,,False,False,False,False,False,False,False,False,False,False,False,False,False,False,False,False,False,1.0,0.0
fineract-cn-mobile,True,False,False,,False,,None,Travis CI,,False,False,False,False,False,False,False,False,False,False,False,False,False,False,False,False,False,1.0,0.0
firebasechatapp,False,False,False,,False,,None,Travis CI,,False,False,False,False,False,False,False,False,False,False,False,False,False,False,False,False,False,1.0,0.0
firestoreadapter,False,False,False,,False,,None,Travis CI,,False,False,False,False,False,False,False,False,False,False,False,False,False,False,False,False,False,1.0,0.0
fitary,True,False,False,,False,,None,GitHub,,False,False,False,False,False,False,False,False,False,False,False,False,False,False,False,False,False,2.0,0.0
fitbuddy,True,False,False,,False,,None,Travis CI,,False,False,False,False,False,False,False,False,False,False,False,False,False,False,False,False,False,1.0,0.0
fitofy-india,True,False,False,,False,,None,GitHub,,False,False,False,False,False,False,False,False,False,False,False,False,False,False,False,False,False,1.0,0.0
fitternumberpicker,False,False,False,,False,,None,Travis CI,,False,False,False,False,False,False,False,False,False,False,False,False,False,False,False,False,False,1.0,0.0
fivethingskotlin,True,False,False,,False,,None,CircleCI,,False,False,False,False,False,False,False,False,False,False,False,False,False,False,False,False,False,1.0,0.0
flaiter,True,False,False,,False,,None,Travis CI,,False,False,False,False,False,False,False,False,False,False,False,False,False,False,False,False,False,1.0,0.0
flap,False,False,False,,False,,None,Travis CI,,False,False,False,False,False,False,False,False,False,False,False,False,False,False,False,False,False,1.0,0.0
flappybird,True,False,False,,False,,None,GitHub,,False,False,False,False,False,False,False,False,False,False,False,False,False,False,False,False,False,1.0,0.0
flappyface,False,False,False,,False,,None,Travis CI,,False,False,False,False,False,False,False,False,False,False,False,False,False,False,False,False,False,1.0,0.0
flare-engine,False,False,False,,False,,None,"GitHub, Travis CI",,False,False,False,False,False,False,False,False,False,False,False,False,False,False,False,False,False,2.0,0.0
flash-drive,True,False,False,,False,,None,GitHub,,False,False,False,False,False,False,False,False,False,False,False,False,False,False,False,False,False,1.0,0.0
flashdim,True,False,False,,False,,None,GitHub,,False,False,False,False,False,False,False,False,False,False,False,False,False,False,False,False,False,3.0,0.0
flashy,True,False,False,,False,,None,GitHub,,False,False,False,False,False,False,False,False,False,False,False,False,False,False,False,False,False,2.0,0.0
flashy-alarm,True,False,False,,False,,None,GitHub,,False,False,False,False,False,False,False,False,False,False,False,False,False,False,False,False,False,2.0,0.0
flexbooru,False,False,False,,False,,None,CircleCI,,False,False,False,False,False,False,False,False,False,False,False,False,False,False,False,False,False,1.0,0.0
fling,True,False,False,,False,,None,GitHub,,False,False,False,False,False,False,False,False,False,False,False,False,False,False,False,False,False,1.0,0.0
flinspirer,True,False,False,,False,,None,GitHub,,False,False,False,False,False,False,False,False,False,False,False,False,False,False,False,False,False,1.0,0.0
flipper-android-app,True,False,False,,False,,None,GitHub,,False,False,False,False,False,False,False,False,False,False,False,False,False,False,False,False,False,5.0,0.0
flir_app,True,False,False,,False,,None,GitHub,,False,False,False,False,False,False,False,False,False,False,False,False,False,False,False,False,False,1.0,0.0
floatingactionbutton-menu,True,False,False,,False,,None,GitHub,,False,False,False,False,False,False,False,False,False,False,False,False,False,False,False,False,False,1.0,0.0
floccus,True,False,False,,False,,None,GitHub,,False,False,False,False,False,False,False,False,False,False,False,False,False,False,False,False,False,7.0,0.0
flone-android,True,True,False,,True,Travis CI_emulator_manual,Manual_ThirdParty,Travis CI,Travis CI,False,False,False,False,False,False,False,False,False,False,False,False,False,False,False,False,False,1.0,0.0
flowit,True,False,False,,False,,None,GitHub,,False,False,False,False,False,False,False,False,False,False,False,False,False,False,False,False,False,1.0,0.0
fluidsynth-midi-service-j,True,False,False,,False,,None,GitHub,,False,False,False,False,False,False,False,False,False,False,False,False,False,False,False,False,False,1.0,0.0
flutsapp,False,False,False,,False,,None,Travis CI,,False,False,False,False,False,False,False,False,False,False,False,False,False,False,False,False,False,1.0,0.0
flutter,True,False,False,,False,,None,GitHub,,False,False,False,False,False,False,False,False,False,False,False,False,False,False,False,False,False,5.0,0.0
flutter-calculator,True,False,False,,False,,None,GitHub,,False,False,False,False,False,False,False,False,False,False,False,False,False,False,False,False,False,1.0,0.0
flutter-ci-deployment,True,False,False,,False,,None,GitHub,,False,False,False,False,False,False,False,False,False,False,False,False,False,False,False,False,False,1.0,0.0
flutter-gif-search,True,False,False,,False,,None,GitHub,,False,False,False,False,False,False,False,False,False,False,False,False,False,False,False,False,False,1.0,0.0
flutter-hackernews,True,False,False,,False,,None,GitHub,,False,False,False,False,False,False,False,False,False,False,False,False,False,False,False,False,False,1.0,0.0
flutter-healthbook,True,False,False,,False,,None,Travis CI,,False,False,False,False,False,False,False,False,False,False,False,False,False,False,False,False,False,1.0,0.0
flutter-learn,True,False,False,,False,,None,GitHub,,False,False,False,False,False,False,False,False,False,False,False,False,False,False,False,False,False,2.0,0.0
flutter-movie,True,False,False,,False,,None,GitHub,,False,False,False,False,False,False,False,False,False,False,False,False,False,False,False,False,False,1.0,0.0
flutter-music-app,False,False,False,,False,,None,GitHub,,False,False,False,False,False,False,False,False,False,False,False,False,False,False,False,False,False,1.0,1.0
flutter-social,True,False,False,,False,,None,GitHub,,False,False,False,False,False,False,False,False,False,False,False,False,False,False,False,False,False,2.0,0.0
flutter-timesheet,True,False,False,,False,,None,GitHub,,False,False,False,False,False,False,False,False,False,False,False,False,False,False,False,False,False,1.0,0.0
flutter-weather,True,False,False,,False,,None,Travis CI,,False,False,False,False,False,False,False,False,False,False,False,False,False,False,False,False,False,1.0,0.0
flutter_book,True,False,False,,False,,None,GitHub,,False,False,False,False,False,False,False,False,False,False,False,False,False,False,False,False,False,1.0,0.0
flutter_callkit_incoming,True,False,False,,False,,None,GitHub,,False,False,False,False,False,False,False,False,False,False,False,False,False,False,False,False,False,1.0,0.0
flutter_developer_portfolio,True,False,False,,False,,None,GitHub,,False,False,False,False,False,False,False,False,False,False,False,False,False,False,False,False,False,1.0,0.0
flutter_instagram,True,False,False,,False,,None,GitHub,,False,False,False,False,False,False,False,False,False,False,False,False,False,False,False,False,False,1.0,0.0
flutter_japanese_restaurant_app,True,False,False,,False,,None,GitHub,,False,False,False,False,False,False,False,False,False,False,False,False,False,False,False,False,False,1.0,0.0
flutter_permission_using_bloc,True,False,False,,False,,None,GitHub,,False,False,False,False,False,False,False,False,False,False,False,False,False,False,False,False,False,1.0,0.0
flutter_server_box,True,False,False,,False,,None,GitHub,,False,False,False,False,False,False,False,False,False,False,False,False,False,False,False,False,False,2.0,0.0
flutter_thrio,True,False,False,,False,,None,GitHub,,False,False,False,False,False,False,False,False,False,False,False,False,False,False,False,False,False,1.0,0.0
flutterwechat,True,False,False,,False,,None,Travis CI,,False,False,False,False,False,False,False,False,False,False,False,False,False,False,False,False,False,1.0,0.0
fontster,True,True,False,,True,Travis CI_emulator_manual,Manual_ThirdParty,Travis CI,Travis CI,False,False,False,False,False,False,False,False,False,False,False,False,False,False,False,False,False,1.0,0.0
foocam,False,False,False,,False,,None,GitLab CI,,False,False,False,False,False,False,False,False,False,False,False,False,False,False,False,False,False,1.0,0.0
food_delivery_ui_flutter,True,False,False,,False,,None,GitHub,,False,False,False,False,False,False,False,False,False,False,False,False,False,False,False,False,False,1.0,0.0
forage,True,False,False,,False,,None,CircleCI,,False,False,False,False,False,False,False,False,False,False,False,False,False,False,False,False,False,1.0,0.0
forecast,True,False,False,,False,,None,GitHub,,False,False,False,False,False,False,False,False,False,False,False,False,False,False,False,False,False,1.0,0.0
forecastie,True,False,False,,False,,None,"CircleCI, GitHub",,False,False,False,False,False,False,False,False,False,False,False,False,False,False,False,False,False,2.0,0.0
fosdem-companion-android,True,False,False,,False,,None,GitHub,,False,False,False,False,False,False,False,False,False,False,False,False,False,False,False,False,False,1.0,0.0
foss_warn,True,False,False,,False,,None,GitHub,,False,False,False,False,False,False,False,False,False,False,False,False,False,False,False,False,False,1.0,0.0
foundry,True,False,False,,False,,None,GitHub,,False,False,False,False,False,False,False,False,False,False,False,False,False,False,False,False,False,1.0,0.0
fpv-dvca,True,False,False,,False,,None,GitHub,,False,False,False,False,False,False,False,False,False,False,False,False,False,False,False,False,False,3.0,0.0
fractalzoo,True,True,False,,True,Travis CI_emulator_manual,"Manual_ThirdParty, None","GitHub, Travis CI",Travis CI,False,False,False,False,False,False,False,False,False,False,False,False,False,False,False,False,False,2.0,0.0
frag-den-staat-app,False,False,False,,False,,None,Travis CI,,False,False,False,False,False,False,False,False,False,False,False,False,False,False,False,False,False,1.0,0.0
framer,True,False,False,,False,,None,GitHub,,False,False,False,False,False,False,False,False,False,False,False,False,False,False,False,False,False,1.0,0.0
frames,True,False,False,,False,,None,GitHub,,False,False,False,False,False,False,False,False,False,False,False,False,False,False,False,False,False,1.0,0.0
frameview,True,False,False,,False,,None,CircleCI,,False,False,False,False,False,False,False,False,False,False,False,False,False,False,False,False,False,1.0,0.0
frankenstein,False,False,False,,False,,None,Travis CI,,False,False,False,False,False,False,False,False,False,False,False,False,False,False,False,False,False,1.0,0.0
freeotp-android,False,False,False,,False,,None,Travis CI,,False,False,False,False,False,False,False,False,False,False,False,False,False,False,False,False,False,1.0,0.0
freesound-android,True,True,False,,True,Travis CI_emulator_manual,Manual_ThirdParty,Travis CI,Travis CI,False,False,False,False,False,False,False,False,False,False,False,False,False,False,False,False,False,1.0,0.0
freetamilebooks,True,False,False,,False,,None,GitHub,,False,False,False,False,False,False,False,False,False,False,False,False,False,False,False,False,False,1.0,0.0
freezer,False,False,False,,False,,None,Travis CI,,False,False,False,False,False,False,False,False,False,False,False,False,False,False,False,False,False,1.0,0.0
freezeyou,True,False,False,,False,,None,"GitHub, Travis CI",,False,False,False,False,False,False,False,False,False,False,False,False,False,False,False,False,False,2.0,0.0
freifunkautoconnectapp,True,True,False,,True,Travis CI_emulator_manual,Manual_ThirdParty,Travis CI,Travis CI,False,False,False,False,False,False,False,False,False,False,False,False,False,False,False,False,False,1.0,0.0
fridgexlight,True,False,False,,False,,None,GitHub,,False,False,False,False,False,False,False,False,False,False,False,False,False,False,False,False,False,1.0,0.0
frinder-app,True,True,False,,True,Travis CI_emulator_manual,Manual_ThirdParty,Travis CI,Travis CI,False,False,False,False,False,False,False,False,False,False,False,False,False,False,False,False,False,1.0,0.0
frisbee,True,False,False,,False,,None,Travis CI,,False,False,False,False,False,False,False,False,False,False,False,False,False,False,False,False,False,1.0,0.0
fritter,True,False,False,,False,,None,GitHub,,False,False,False,False,False,False,False,False,False,False,False,False,False,False,False,False,False,2.0,0.0
frogo-notification,True,False,False,,False,,None,GitHub,,False,False,False,False,False,False,False,False,False,False,False,False,False,False,False,False,False,2.0,0.0
frost-for-facebook,True,False,False,,False,,None,GitHub,,False,False,False,False,False,False,False,False,False,False,False,False,False,False,False,False,False,1.0,0.0
fucksgiven,True,False,False,,False,,None,GitHub,,False,False,False,False,False,False,False,False,False,False,False,False,False,False,False,False,False,4.0,0.0
fuckview,False,False,False,,False,,None,Travis CI,,False,False,False,False,False,False,False,False,False,False,False,False,False,False,False,False,False,1.0,0.0
fuelup,True,True,False,,True,Travis CI_emulator_manual,Manual_ThirdParty,Travis CI,Travis CI,False,False,False,False,False,False,False,False,False,False,False,False,False,False,False,False,False,1.0,0.0
fulguris,True,False,False,,False,,None,"GitHub, Travis CI",,False,False,False,False,False,False,False,False,False,False,False,False,False,False,False,False,False,5.0,0.0
functionalandroidreference,True,True,False,,True,Travis CI_emulator_manual,Manual_ThirdParty,Travis CI,Travis CI,False,False,False,False,False,False,False,False,False,False,False,False,False,False,False,False,False,1.0,0.0
fwdportforwardingapp,False,False,False,,False,,None,Travis CI,,False,False,False,False,False,False,False,False,False,False,False,False,False,False,False,False,False,1.0,0.0
gallerywall,True,False,False,,False,,None,GitHub,,False,False,False,False,False,False,False,False,False,False,False,False,False,False,False,False,False,2.0,0.0
gamedealz,True,False,False,,False,,None,CircleCI,,False,False,False,False,False,False,False,False,False,False,False,False,False,False,False,False,False,1.0,1.0
garlic-launcher,True,False,False,,False,,None,GitHub,,False,False,False,False,False,False,False,False,False,False,False,False,False,False,False,False,False,1.0,0.0
gauchoshare,True,False,False,,False,,None,GitHub,,False,False,False,False,False,False,False,False,False,False,False,False,False,False,False,False,False,1.0,0.0
gaugeprogressview,True,False,False,,False,,None,GitHub,,False,False,False,False,False,False,False,False,False,False,False,False,False,False,False,False,False,1.0,0.0
gbooks,True,False,False,,False,,None,GitHub,,False,False,False,False,False,False,False,False,False,False,False,False,False,False,False,False,False,1.0,0.0
gcam-services-provider,True,False,False,,False,,None,GitHub,,False,False,False,False,False,False,False,False,False,False,False,False,False,False,False,False,False,1.0,0.0
gdgpune-devfest19-android,False,False,False,,False,,None,Travis CI,,False,False,False,False,False,False,False,False,False,False,False,False,False,False,False,False,False,1.0,0.0
gdps-android-public,True,False,False,,False,,None,GitHub,,False,False,False,False,False,False,False,False,False,False,False,False,False,False,False,False,False,2.0,0.0
gearoenix,True,False,False,,False,,None,GitHub,,False,False,False,False,False,False,False,False,False,False,False,False,False,False,False,False,False,2.0,0.0
gearshift,True,False,False,,False,,None,Travis CI,,False,False,False,False,False,False,False,False,False,False,False,False,False,False,False,False,False,1.0,0.0
gelli,True,False,False,,False,,None,GitHub,,False,False,False,False,False,False,False,False,False,False,False,False,False,False,False,False,False,1.0,0.0
general-feedback,True,False,False,,False,,None,GitHub,,False,False,False,False,False,False,False,False,False,False,False,False,False,False,False,False,False,1.0,0.0
generation,True,False,False,,False,,None,GitHub,,False,False,False,False,False,False,False,False,False,False,False,False,False,False,False,False,False,3.0,0.0
generika_android,False,False,False,,False,,None,Travis CI,,False,False,False,False,False,False,False,False,False,False,False,False,False,False,False,False,False,1.0,0.0
geometricweather,True,False,False,,False,,None,GitHub,,False,False,False,False,False,False,False,False,False,False,False,False,False,False,False,False,False,1.0,0.0
geonotesplus,True,False,False,,False,,None,"GitHub, GitLab CI",,False,False,False,False,False,False,False,False,False,False,False,False,False,False,False,False,False,2.0,0.0
gesturelockview,True,False,False,,False,,None,GitHub,,False,False,False,False,False,False,False,False,False,False,False,False,False,False,False,False,False,1.0,0.0
getback_gps,True,False,False,,False,,None,Travis CI,,False,False,False,False,False,False,False,False,False,False,False,False,False,False,False,False,False,1.0,0.0
gh-release-monitor,True,False,False,,False,,None,GitHub,,False,False,False,False,False,False,False,False,False,False,False,False,False,False,False,False,False,5.0,0.0
ghala-android,True,False,False,,False,,None,GitHub,,False,False,False,False,False,False,False,False,False,False,False,False,False,False,False,False,False,1.0,0.0
ghini,True,True,False,,True,GitLab CI_emulator_manual,Manual_ThirdParty,GitLab CI,GitLab CI,False,False,False,False,False,False,False,False,False,False,False,False,False,False,False,False,False,1.0,0.0
ghostotp,True,False,False,,False,,None,GitHub,,False,False,False,False,False,False,False,False,False,False,False,False,False,False,False,False,False,1.0,0.0
gidget,True,False,False,,False,,None,GitHub,,False,False,False,False,False,False,False,False,False,False,False,False,False,False,False,False,False,3.0,0.0
gif-wallpaper,True,False,False,,False,,None,GitHub,,False,False,False,False,False,False,False,False,False,False,False,False,False,False,False,False,False,7.0,0.0
gifimageview,False,False,False,,False,,None,Travis CI,,False,False,False,False,False,False,False,False,False,False,False,False,False,False,False,False,False,1.0,0.0
gifit,True,False,False,,False,,None,GitHub,,False,False,False,False,False,False,False,False,False,False,False,False,False,False,False,False,False,1.0,0.0
gift-card-guard,True,False,False,,False,,None,Travis CI,,False,False,False,False,False,False,False,False,False,False,False,False,False,False,False,False,False,1.0,0.0
giggity,True,False,False,,False,,None,GitHub,,False,False,False,False,False,False,False,False,False,False,False,False,False,False,False,False,False,2.0,0.0
git-point,True,False,False,,False,,None,Travis CI,,False,False,False,False,False,False,False,False,False,False,False,False,False,False,False,False,False,1.0,0.0
git-touch,True,False,False,,False,,None,GitHub,,False,False,False,False,False,False,False,False,False,False,False,False,False,False,False,False,False,1.0,0.0
gitexplorer-android,True,False,False,,False,,None,GitHub,,False,False,False,False,False,False,False,False,False,False,False,False,False,False,False,False,False,1.0,0.0
githubvisualizer,False,False,False,,False,,None,Travis CI,,False,False,False,False,False,False,False,False,False,False,False,False,False,False,False,False,False,1.0,0.0
gitnotes,True,False,False,,False,,None,Travis CI,,False,False,False,False,False,False,False,False,False,False,False,False,False,False,False,False,False,1.0,0.0
gitpositive,True,False,False,,False,,None,GitHub,,False,False,False,False,False,False,False,False,False,False,False,False,False,False,False,False,False,2.0,0.0
gitsurf,True,False,False,,False,,None,GitHub,,False,False,False,False,False,False,False,False,False,False,False,False,False,False,False,False,False,1.0,0.0
gjzs,True,False,False,,False,,None,GitHub,,False,False,False,False,False,False,False,False,False,False,False,False,False,False,False,False,False,3.0,0.0
glass-notes-app,False,False,False,,False,,None,Travis CI,,False,False,False,False,False,False,False,False,False,False,False,False,False,False,False,False,False,1.0,0.0
glider,True,False,False,,False,,None,GitHub,,False,False,False,False,False,False,False,False,False,False,False,False,False,False,False,False,False,2.0,0.0
gloom,True,False,False,,False,,None,GitHub,,False,False,False,False,False,False,False,False,False,False,False,False,False,False,False,False,False,2.0,0.0
glowbutton,True,False,False,,False,,None,Travis CI,,False,False,False,False,False,False,False,False,False,False,False,False,False,False,False,False,False,1.0,0.0
glowing-potato,True,False,False,,False,,None,Travis CI,,False,False,False,False,False,False,False,False,False,False,False,False,False,False,False,False,False,1.0,0.0
glucosio-android,True,False,False,,False,,None,Travis CI,,False,False,False,False,False,False,False,False,False,False,False,False,False,False,False,False,False,1.0,0.0
glut,True,False,False,,False,,None,GitHub,,False,False,False,False,False,False,False,False,False,False,False,False,False,False,False,False,False,2.0,0.0
gnucash-android,True,True,False,,True,Travis CI_emulator_manual,Manual_ThirdParty,Travis CI,Travis CI,False,False,False,False,False,False,False,False,False,False,False,False,False,False,False,False,False,1.0,0.0
go4lunch,True,True,False,,True,Travis CI_emulator_manual,Manual_ThirdParty,Travis CI,Travis CI,False,False,False,False,False,False,False,False,False,False,False,False,False,False,False,False,False,1.0,0.0
gobandroid,True,False,False,,False,,None,GitHub,,False,False,False,False,False,False,False,False,False,False,False,False,False,False,False,False,False,1.0,0.0
gobi-player,False,False,False,,False,,None,Travis CI,,False,False,False,False,False,False,False,False,False,False,False,False,False,False,False,False,False,1.0,0.0
gocorona,True,False,False,,False,,None,GitHub,,False,False,False,False,False,False,False,False,False,False,False,False,False,False,False,False,False,1.0,0.0
godot,True,False,False,,False,,None,GitHub,,False,False,False,False,False,False,False,False,False,False,False,False,False,False,False,False,False,9.0,0.0
gofun-android,False,False,False,,False,,None,Travis CI,,False,False,False,False,False,False,False,False,False,False,False,False,False,False,False,False,False,1.0,0.0
golearning,True,False,False,,False,,None,GitHub,,False,False,False,False,False,False,False,False,False,False,False,False,False,False,False,False,False,1.0,0.0
gomobile-ipfs,True,True,True,GitHub_emulator_manual,False,,"GitHub_Hosted, None",GitHub,GitHub,False,False,False,False,False,False,False,False,False,False,False,False,False,False,False,False,False,4.0,0.0
good-weather,False,False,False,,False,,None,Travis CI,,False,False,False,False,False,False,False,False,False,False,False,False,False,False,False,False,False,1.0,0.0
good_first_issue,True,False,False,,False,,None,GitHub,,False,False,False,False,False,False,False,False,False,False,False,False,False,False,False,False,False,1.0,0.0
gorestaurant-app,True,False,False,,False,,None,GitHub,,False,False,False,False,False,False,False,False,False,False,False,False,False,False,False,False,False,1.0,0.0
got-trivia,False,False,False,,False,,None,Travis CI,,False,False,False,False,False,False,False,False,False,False,False,False,False,False,False,False,False,1.0,0.0
gpslogger,True,False,False,,False,,None,GitHub,,False,False,False,False,False,False,False,False,False,False,False,False,False,False,False,False,False,2.0,0.0
gptassist,True,False,False,,False,,None,GitHub,,False,False,False,False,False,False,False,False,False,False,False,False,False,False,False,False,False,1.0,0.0
grabredenvelope,True,False,False,,False,,None,Travis CI,,False,False,False,False,False,False,False,False,False,False,False,False,False,False,False,False,False,1.0,0.0
graphhopper-maps-capacitor,True,False,False,,False,,None,GitHub,,False,False,False,False,False,False,False,False,False,False,False,False,False,False,False,False,False,2.0,0.0
grblcontroller,True,False,False,,False,,None,GitHub,,False,False,False,False,False,False,False,False,False,False,False,False,False,False,False,False,False,2.0,0.0
green_android,True,False,False,,False,,None,"GitLab CI, Travis CI",,False,False,False,False,False,False,False,False,False,False,False,False,False,False,False,False,False,2.0,0.0
greencloud,True,True,False,,True,CircleCI_emulator_manual,"Manual_ThirdParty, None","CircleCI, GitHub",CircleCI,False,False,False,False,False,False,False,False,False,False,False,False,False,False,False,False,False,2.0,0.0
greenpass-android,True,True,True,GitHub_emulator_full,False,,"GitHub_Hosted, None",GitHub,GitHub,False,False,False,False,False,False,False,False,False,False,False,False,True,False,False,False,1.0,4.0,0.0
greenstash,True,False,False,,False,,None,GitHub,,False,False,False,False,False,False,False,False,False,False,False,False,False,False,False,False,False,2.0,0.0
gridle,True,False,False,,False,,None,GitHub,,False,False,False,False,False,False,False,False,False,False,False,False,False,False,False,False,False,2.0,0.0
grocy-android,True,False,False,,False,,None,GitHub,,False,False,False,False,False,False,False,False,False,False,False,False,False,False,False,False,False,1.0,0.0
group-05,True,True,False,,True,Travis CI_emulator_manual,Manual_ThirdParty,Travis CI,Travis CI,False,False,False,False,False,False,False,False,False,False,False,False,False,False,False,False,False,1.0,0.0
groupno1-vehicular-traffic-abatement,False,False,False,,False,,None,Travis CI,,False,False,False,False,False,False,False,False,False,False,False,False,False,False,False,False,False,1.0,0.0
gsy_github_app_flutter,True,False,False,,False,,None,GitHub,,False,False,False,False,False,False,False,False,False,False,False,False,False,False,False,False,False,1.0,0.0
gsyricktext,False,False,False,,False,,None,Travis CI,,False,False,False,False,False,False,False,False,False,False,False,False,False,False,False,False,False,1.0,0.0
gsyvideoplayer,True,False,False,,False,,None,GitHub,,False,False,False,False,False,False,False,False,False,False,False,False,False,False,False,False,False,2.0,0.0
guide7,True,False,False,,False,,None,Travis CI,,False,False,False,False,False,False,False,False,False,False,False,False,False,False,False,False,False,1.0,0.0
guideapp,False,False,False,,False,,None,Travis CI,,False,False,False,False,False,False,False,False,False,False,False,False,False,False,False,False,False,1.0,0.0
gurgle,True,False,False,,False,,None,GitHub,,False,False,False,False,False,False,False,False,False,False,False,False,False,False,False,False,False,2.0,0.0
gymaths,False,False,False,,False,,None,GitHub,,False,False,False,False,False,False,False,False,False,False,False,False,False,False,False,False,False,1.0,0.0
gymroutines,False,False,False,,False,,None,CircleCI,,False,False,False,False,False,False,False,False,False,False,False,False,False,False,False,False,False,1.0,0.0
gyrodraw,True,True,False,,True,Travis CI_emulator_manual,Manual_ThirdParty,Travis CI,Travis CI,False,False,False,False,False,False,False,False,False,False,False,False,False,False,False,False,False,1.0,1.0
habitbuilder,True,False,False,,False,,None,GitHub,,False,False,False,False,False,False,False,False,False,False,False,False,False,False,False,False,False,1.0,0.0
habot,True,False,False,,False,,None,GitHub,,False,False,False,False,False,False,False,False,False,False,False,False,False,False,False,False,False,1.0,0.0
hackdash,False,False,False,,False,,None,Travis CI,,False,False,False,False,False,False,False,False,False,False,False,False,False,False,False,False,False,1.0,0.0
hacked,True,False,False,,False,,None,GitHub,,False,False,False,False,False,False,False,False,False,False,False,False,False,False,False,False,False,1.0,0.0
hackernews-react-native,True,False,False,,False,,None,GitHub,,False,False,False,False,False,False,False,False,False,False,False,False,False,False,False,False,False,1.0,0.0
hacki,True,False,False,,False,,None,GitHub,,False,False,False,False,False,False,False,False,False,False,False,False,False,False,False,False,False,2.0,0.0
hadithmv,True,False,False,,False,,None,GitLab CI,,False,False,False,False,False,False,False,False,False,False,False,False,False,False,False,False,False,1.0,0.0
haifa3d-hand-app,True,False,False,,False,,None,Unknown,,False,False,False,False,False,False,False,False,False,False,False,False,False,False,False,False,False,1.0,0.0
hail,True,False,False,,False,,None,GitHub,,False,False,False,False,False,False,False,False,False,False,False,False,False,False,False,False,False,1.0,0.0
hair-segmentation,True,False,False,,False,,None,Travis CI,,False,False,False,False,False,False,False,False,False,False,False,False,False,False,False,False,False,1.0,0.0
hajk,True,False,False,,False,,None,"GitHub, Unknown",,False,False,False,False,False,False,False,False,False,False,False,False,False,False,False,False,False,2.0,0.0
halfdot,True,False,False,,False,,None,GitHub,,False,False,False,False,False,False,False,False,False,False,False,False,False,False,False,False,False,1.0,0.0
halma,True,False,False,,False,,None,GitHub,,False,False,False,False,False,False,False,False,False,False,False,False,False,False,False,False,False,4.0,0.0
handy,True,False,False,,False,,None,GitHub,,False,False,False,False,False,False,False,False,False,False,False,False,False,False,False,False,False,1.0,0.0
hanstargram,True,False,False,,False,,None,GitHub,,False,False,False,False,False,False,False,False,False,False,False,False,False,False,False,False,False,1.0,0.0
happybubble,True,False,False,,False,,None,GitHub,,False,False,False,False,False,False,False,False,False,False,False,False,False,False,False,False,False,1.0,0.0
harbour-berlin-vegan,True,False,False,,False,,None,Travis CI,,False,False,False,False,False,False,False,False,False,False,False,False,False,False,False,False,False,1.0,0.0
harmony,True,True,False,,True,Firebase_Full,"None, ThirdParty_Service","CircleCI, GitHub, GitLab CI",CircleCI,False,False,False,False,False,False,False,False,False,False,False,False,False,False,False,False,False,3.0,0.0
hash-checker,True,True,True,GitHub_emulator_full,False,,"GitHub_Hosted, None",GitHub,GitHub,False,False,False,False,False,False,False,False,True,False,False,False,False,False,False,False,1.0,2.0,0.0
hash-launcher,True,False,False,,False,,None,GitHub,,False,False,False,False,False,False,False,False,False,False,False,False,False,False,False,False,False,1.0,0.0
hashr,True,True,False,,True,Travis CI_emulator_manual,Manual_ThirdParty,Travis CI,Travis CI,False,False,False,False,False,False,False,False,False,False,False,False,False,False,False,False,False,1.0,0.0
hathor-wallet-mobile,True,False,False,,False,,None,GitHub,,False,False,False,False,False,False,False,False,False,False,False,False,False,False,False,False,False,1.0,0.0
headingcalculator,False,False,False,,False,,None,Travis CI,,False,False,False,False,False,False,False,False,False,False,False,False,False,False,False,False,False,1.0,0.0
healersdiary,True,True,True,"GitHub_emulator_full, GitHub_emulator_manual",False,,"GitHub_Hosted, None",GitHub,GitHub,False,False,False,False,False,False,False,False,False,False,False,False,False,False,False,False,False,3.0,0.0
hearmenow-depressionchatbot-dialogflow,True,False,False,,False,,None,Travis CI,,False,False,False,False,False,False,False,False,False,False,False,False,False,False,False,False,False,1.0,0.0
heartbeat,True,False,False,,False,,None,GitHub,,False,False,False,False,False,False,False,False,False,False,False,False,False,False,False,False,False,1.0,0.0
heed,True,False,False,,False,,None,GitHub,,False,False,False,False,False,False,False,False,False,False,False,False,False,False,False,False,False,1.0,0.0
helio-workstation,True,False,False,,False,,None,"Travis CI, Unknown",,False,False,False,False,False,False,False,False,False,False,False,False,False,False,False,False,False,2.0,0.0
hello-java-android,True,False,False,,False,,None,GitHub,,False,False,False,False,False,False,False,False,False,False,False,False,False,False,False,False,False,1.0,0.0
hello-react-native,True,False,False,,False,,None,GitHub,,False,False,False,False,False,False,False,False,False,False,False,False,False,False,False,False,False,3.0,0.0
herculade,True,False,False,,False,,None,GitHub,,False,False,False,False,False,False,False,False,False,False,False,False,False,False,False,False,False,3.0,0.0
hex,True,False,False,,False,,None,Travis CI,,False,False,False,False,False,False,False,False,False,False,False,False,False,False,False,False,False,1.0,0.0
hexviewer,True,False,False,,False,,None,GitHub,,False,False,False,False,False,False,False,False,False,False,False,False,False,False,False,False,False,3.0,0.0
hglauncher,True,True,False,,True,Travis CI_emulator_manual,"Manual_ThirdParty, None","GitHub, Travis CI",Travis CI,False,False,False,False,False,False,False,False,False,False,False,False,False,False,False,False,False,2.0,0.0
hid-barcode-scanner,True,False,False,,False,,None,GitHub,,False,False,False,False,False,False,False,False,False,False,False,False,False,False,False,False,False,3.0,0.0
hilt-sandbox,True,True,True,GitHub_emulator_full,False,,GitHub_Hosted,GitHub,GitHub,False,False,True,False,True,False,False,True,False,False,True,True,True,False,False,False,6.0,1.0,0.0
hishoot2i,True,False,False,,False,,None,GitHub,,False,False,False,False,False,False,False,False,False,False,False,False,False,False,False,False,False,2.0,0.0
hmi-android,False,False,False,,False,,None,Travis CI,,False,False,False,False,False,False,False,False,False,False,False,False,False,False,False,False,False,1.0,0.0
hnews,True,False,False,,False,,None,GitHub,,False,False,False,False,False,False,False,False,False,False,False,False,False,False,False,False,False,1.0,0.0
holokenmod,False,False,False,,False,,None,Travis CI,,False,False,False,False,False,False,False,False,False,False,False,False,False,False,False,False,False,1.0,0.0
homepi-android,True,False,False,,False,,None,GitHub,,False,False,False,False,False,False,False,False,False,False,False,False,False,False,False,False,False,1.0,0.0
horizontalpicker,False,False,False,,False,,None,Travis CI,,False,False,False,False,False,False,False,False,False,False,False,False,False,False,False,False,False,1.0,0.0
hostel,True,True,False,,True,Firebase_Full,ThirdParty_Service,CircleCI,CircleCI,False,False,False,False,False,False,False,False,False,False,False,False,False,False,False,False,False,1.0,0.0
hostelite,True,False,False,,False,,None,GitHub,,False,False,False,False,False,False,False,False,False,False,False,False,False,False,False,False,False,1.0,0.0
house,True,False,False,,False,,None,GitHub,,False,False,False,False,False,False,False,False,False,False,False,False,False,False,False,False,False,1.0,0.0
houseparty,True,False,False,,False,,None,Travis CI,,False,False,False,False,False,False,False,False,False,False,False,False,False,False,False,False,False,1.0,0.0
how-to-flutter,True,False,False,,False,,None,GitHub,,False,False,False,False,False,False,False,False,False,False,False,False,False,False,False,False,False,1.0,0.0
hrv-band,True,False,False,,False,,None,Travis CI,,False,False,False,False,False,False,False,False,False,False,False,False,False,False,False,False,False,1.0,0.0
http-shortcuts,True,False,False,,False,,None,GitHub,,False,False,False,False,False,False,False,False,False,False,False,False,False,False,False,False,False,1.0,0.0
httptracking,True,False,False,,False,,None,GitHub,,False,False,False,False,False,False,False,False,False,False,False,False,False,False,False,False,False,1.0,0.0
huaxiaoyu-fe,True,False,False,,False,,None,GitHub,,False,False,False,False,False,False,False,False,False,False,False,False,False,False,False,False,False,2.0,0.0
humanizer,True,False,False,,False,,None,GitHub,,False,False,False,False,False,False,False,False,False,False,False,False,False,False,False,False,False,1.0,0.0
hungarianringsforandroid,True,True,False,,True,Travis CI_emulator_manual,Manual_ThirdParty,Travis CI,Travis CI,False,False,False,False,False,False,False,False,False,False,False,False,False,False,False,False,False,1.0,0.0
hunters,True,False,False,,False,,None,GitHub,,False,False,False,False,False,False,False,False,False,False,False,False,False,False,False,False,False,1.0,0.0
hydra-android,True,False,False,,False,,None,GitHub,,False,False,False,False,False,False,False,False,False,False,False,False,False,False,False,False,False,1.0,0.0
hypatia,True,False,False,,False,,None,GitLab CI,,False,False,False,False,False,False,False,False,False,False,False,False,False,False,False,False,False,1.0,0.0
hyperrogue,True,True,True,GitHub_emulator_full,False,,"GitHub_Hosted, None","GitHub, Travis CI",GitHub,False,False,False,False,False,False,False,False,False,True,False,False,False,False,False,False,1.0,3.0,0.0
hyperupnp,True,False,False,,False,,None,GitHub,,False,False,False,False,False,False,False,False,False,False,False,False,False,False,False,False,False,1.0,0.0
i2pd-android,True,False,False,,False,,None,GitHub,,False,False,False,False,False,False,False,False,False,False,False,False,False,False,False,False,False,1.0,0.0
ichnaeanlpbackend,True,False,False,,False,,None,GitHub,,False,False,False,False,False,False,False,False,False,False,False,False,False,False,False,False,False,2.0,0.0
iconic-tab-bar,True,True,False,,True,Travis CI_emulator_manual,Manual_ThirdParty,Travis CI,Travis CI,False,False,False,False,False,False,False,False,False,False,False,False,False,False,False,False,False,1.0,0.0
iconify,True,False,False,,False,,None,GitHub,,False,False,False,False,False,False,False,False,False,False,False,False,False,False,False,False,False,1.0,0.0
ics-openconnect,False,False,False,,False,,None,Travis CI,,False,False,False,False,False,False,False,False,False,False,False,False,False,False,False,False,False,1.0,0.0
ics-openvpn,True,False,False,,False,,None,"GitHub, Travis CI",,False,False,False,False,False,False,False,False,False,False,False,False,False,False,False,False,False,2.0,0.0
icsx5,True,True,True,"GitHub_emulator_full, GitHub_emulator_manual",False,,"GitHub_Hosted, None",GitHub,GitHub,False,False,False,False,False,False,False,False,False,False,False,False,True,False,False,False,1.0,4.0,0.0
ideabag2,True,False,False,,False,,None,Travis CI,,False,False,False,False,False,False,False,False,False,False,False,False,False,False,False,False,False,1.0,0.0
ideatrackerplus,True,True,False,,True,Travis CI_emulator_manual,Manual_ThirdParty,Travis CI,Travis CI,False,False,False,False,False,False,False,False,False,False,False,False,False,False,False,False,False,1.0,0.0
idee-android,True,False,False,,False,,None,CircleCI,,False,False,False,False,False,False,False,False,False,False,False,False,False,False,False,False,False,1.0,0.0
ididit,True,False,False,,False,,None,GitHub,,False,False,False,False,False,False,False,False,False,False,False,False,False,False,False,False,False,4.0,0.0
ies-ips-android,False,False,False,,False,,None,GitHub,,False,False,False,False,False,False,False,False,False,False,False,False,False,False,False,False,False,1.0,0.0
if26-projet-android,True,False,False,,False,,None,Travis CI,,False,False,False,False,False,False,False,False,False,False,False,False,False,False,False,False,False,1.0,0.0
iit-bhu-app,True,False,False,,False,,None,GitHub,,False,False,False,False,False,False,False,False,False,False,False,False,False,False,False,False,False,3.0,0.0
iitp-connect,True,False,False,,False,,None,"CircleCI, Travis CI",,False,False,False,False,False,False,False,False,False,False,False,False,False,False,False,False,False,2.0,0.0
ijh-android,True,False,False,,False,,None,GitHub,,False,False,False,False,False,False,False,False,False,False,False,False,False,False,False,False,False,1.0,0.0
iliad,True,False,False,,False,,None,Travis CI,,False,False,False,False,False,False,False,False,False,False,False,False,False,False,False,False,False,1.0,0.0
imagepicker,False,False,False,,False,,None,Travis CI,,False,False,False,False,False,False,False,False,False,False,False,False,False,False,False,False,False,1.0,0.0
images-to-pdf,True,False,False,,False,,None,Travis CI,,False,False,False,False,False,False,False,False,False,False,False,False,False,False,False,False,False,1.0,0.0
imagesearcher,True,False,False,,False,,None,GitHub,,False,False,False,False,False,False,False,False,False,False,False,False,False,False,False,False,False,1.0,0.0
improov,True,False,False,,False,,None,GitHub,,False,False,False,False,False,False,False,False,False,False,False,False,False,False,False,False,False,2.0,0.0
in-app-update-compose,True,False,False,,False,,None,GitHub,,False,False,False,False,False,False,False,False,False,False,False,False,False,False,False,False,False,6.0,0.0
infinity-for-reddit,True,False,False,,False,,None,GitHub,,False,False,False,False,False,False,False,False,False,False,False,False,False,False,False,False,False,2.0,0.0
ingress-intel-total-conversion,True,False,False,,False,,None,GitHub,,False,False,False,False,False,False,False,False,False,False,False,False,False,False,False,False,False,5.0,0.0
inkpageindicator,False,False,False,,False,,None,Travis CI,,False,False,False,False,False,False,False,False,False,False,False,False,False,False,False,False,False,1.0,0.0
innertune,True,False,False,,False,,None,GitHub,,False,False,False,False,False,False,False,False,False,False,False,False,False,False,False,False,False,2.0,0.0
innoextract-android,True,False,False,,False,,None,GitHub,,False,False,False,False,False,False,False,False,False,False,False,False,False,False,False,False,False,3.0,0.0
inspector,True,False,False,,False,,None,GitHub,,False,False,False,False,False,False,False,False,False,False,False,False,False,False,False,False,False,3.0,0.0
instant,True,False,False,,False,,None,GitHub,,False,False,False,False,False,False,False,False,False,False,False,False,False,False,False,False,False,2.0,0.0
instiapp-android,True,False,False,,False,,None,GitHub,,False,False,False,False,False,False,False,False,False,False,False,False,False,False,False,False,False,1.0,0.0
insticomplaints-app,True,False,False,,False,,None,GitHub,,False,False,False,False,False,False,False,False,False,False,False,False,False,False,False,False,False,1.0,0.0
instigo,False,False,False,,False,,None,Travis CI,,False,False,False,False,False,False,False,False,False,False,False,False,False,False,False,False,False,1.0,0.0
insync,True,False,False,,False,,None,GitHub,,False,False,False,False,False,False,False,False,False,False,False,False,False,False,False,False,False,1.0,0.0
integral,True,False,False,,False,,None,GitHub,,False,False,False,False,False,False,False,False,False,False,False,False,False,False,False,False,False,1.0,0.0
intent-intercept,False,False,False,,False,,None,Travis CI,,False,False,False,False,False,False,False,False,False,False,False,False,False,False,False,False,False,1.0,0.0
interconnected_mobile_client,True,False,False,,False,,None,GitHub,,False,False,False,False,False,False,False,False,False,False,False,False,False,False,False,False,False,1.0,0.0
interfast,True,False,False,,False,,None,GitHub,,False,False,False,False,False,False,False,False,False,False,False,False,False,False,False,False,False,1.0,0.0
internallinkmovementmethod,False,False,False,,False,,None,Travis CI,,False,False,False,False,False,False,False,False,False,False,False,False,False,False,False,False,False,1.0,0.0
inure,True,False,False,,False,,None,GitHub,,False,False,False,False,False,False,False,False,False,False,False,False,False,False,False,False,False,1.0,0.0
inventory-tracker,True,False,False,,False,,None,GitHub,,False,False,False,False,False,False,False,False,False,False,False,False,False,False,False,False,False,1.0,0.0
iptv,True,False,False,,False,,None,GitHub,,False,False,False,False,False,False,False,False,False,False,False,False,False,False,False,False,False,1.0,0.0
ireader,True,False,False,,False,,None,GitHub,,False,False,False,False,False,False,False,False,False,False,False,False,False,False,False,False,False,7.0,0.0
irl-link,True,False,False,,False,,None,GitHub,,False,False,False,False,False,False,False,False,False,False,False,False,False,False,False,False,False,2.0,0.0
irmamobile,True,True,False,,True,Firebase_Full,"None, ThirdParty_Service",GitHub,GitHub,False,False,False,False,False,False,False,False,False,False,False,False,False,False,False,False,False,2.0,0.0
irremote,True,False,False,,False,,None,GitLab CI,,False,False,False,False,False,False,False,False,False,False,False,False,False,False,False,False,False,1.0,0.0
italianfiscalcodecalculatorapp,True,False,False,,False,,None,GitHub,,False,False,False,False,False,False,False,False,False,False,False,False,False,False,False,False,False,1.0,0.0
itc-lms-unofficial,True,False,False,,False,,None,GitHub,,False,False,False,False,False,False,False,False,False,False,False,False,False,False,False,False,False,2.0,0.0
ithakaboardgame,True,True,False,,True,Travis CI_emulator_manual,Manual_ThirdParty,Travis CI,Travis CI,False,False,False,False,False,False,False,False,False,False,False,False,False,False,False,False,False,1.0,0.0
itmoldova,False,False,False,,False,,None,Unknown,,False,False,False,False,False,False,False,False,False,False,False,False,False,False,False,False,False,1.0,0.0
itracing2,False,False,False,,False,,None,CircleCI,,False,False,False,False,False,False,False,False,False,False,False,False,False,False,False,False,False,1.0,0.0
jagrati,True,False,False,,False,,None,GitHub,,False,False,False,False,False,False,False,False,False,False,False,False,False,False,False,False,False,1.0,0.0
jamme,True,False,False,,False,,None,GitHub,,False,False,False,False,False,False,False,False,False,False,False,False,False,False,False,False,False,1.0,0.0
jamuz-remote,True,False,False,,False,,None,GitHub,,False,False,False,False,False,False,False,False,False,False,False,False,False,False,False,False,False,2.0,0.0
jazz2-native,True,False,False,,False,,None,GitHub,,False,False,False,False,False,False,False,False,False,False,False,False,False,False,False,False,False,12.0,0.0
jellyfin-android,True,False,False,,False,,None,GitHub,,False,False,False,False,False,False,False,False,False,False,False,False,False,False,False,False,False,8.0,0.0
jellyfin-androidtv,True,False,False,,False,,None,GitHub,,False,False,False,False,False,False,False,False,False,False,False,False,False,False,False,False,False,7.0,0.0
jellyfin-audio-player,True,False,False,,False,,None,GitHub,,False,False,False,False,False,False,False,False,False,False,False,False,False,False,False,False,False,2.0,0.0
jetcountrypicker,True,False,False,,False,,None,GitHub,,False,False,False,False,False,False,False,False,False,False,False,False,False,False,False,False,False,2.0,0.0
jetpack,True,False,False,,False,,None,GitHub,,False,False,False,False,False,False,False,False,False,False,False,False,False,False,False,False,False,1.0,0.0
jetpack-compose-bible,True,False,False,,False,,None,GitHub,,False,False,False,False,False,False,False,False,False,False,False,False,False,False,False,False,False,1.0,0.0
jetpack-mvvm-best-practice,True,False,False,,False,,None,GitHub,,False,False,False,False,False,False,False,False,False,False,False,False,False,False,False,False,False,1.0,0.0
jetpuppy,True,True,True,GitHub_emulator_full,False,,GitHub_Hosted,GitHub,GitHub,False,False,False,False,True,False,False,True,False,False,True,False,False,False,False,False,3.0,1.0,0.0
jetquotes,True,False,False,,False,,None,GitHub,,False,False,False,False,False,False,False,False,False,False,False,False,False,False,False,False,False,1.0,0.0
jisort,True,False,False,,False,,None,Travis CI,,False,False,False,False,False,False,False,False,False,False,False,False,False,False,False,False,False,1.0,0.0
jiten-webview,False,False,False,,False,,None,GitHub,,False,False,False,False,False,False,False,False,False,False,False,False,False,False,False,False,False,1.0,0.0
jitsi-meet,True,False,False,,False,,None,"GitHub, Travis CI",,False,False,False,False,False,False,False,False,False,False,False,False,False,False,False,False,False,4.0,0.0
jl-mod,True,False,False,,False,,None,GitHub,,False,False,False,False,False,False,False,False,False,False,False,False,False,False,False,False,False,1.0,0.0
joplin,True,False,False,,False,,None,GitHub,,False,False,False,False,False,False,False,False,False,False,False,False,False,False,False,False,False,5.0,0.0
jounce,True,False,False,,False,,None,GitHub,,False,False,False,False,False,False,False,False,False,False,False,False,False,False,False,False,False,1.0,0.0
journal3,True,False,False,,False,,None,GitHub,,False,False,False,False,False,False,False,False,False,False,False,False,False,False,False,False,False,3.0,0.0
jreader,True,False,False,,False,,None,GitHub,,False,False,False,False,False,False,False,False,False,False,False,False,False,False,False,False,False,2.0,1.0
jsonviewer,False,False,False,,False,,None,Travis CI,,False,False,False,False,False,False,False,False,False,False,False,False,False,False,False,False,False,1.0,0.0
jtt_android,True,True,False,,True,GitLab CI_emulator_manual,"Manual_ThirdParty, None","GitLab CI, Travis CI",GitLab CI,False,False,False,False,False,False,False,False,False,False,False,False,False,False,False,False,False,2.0,0.0
jtxboard,True,True,True,"GitHub_GMD, GitHub_emulator_full, GitHub_emulator_manual",False,,"GitHub_Hosted, None","GitHub, GitLab CI",GitHub,False,False,False,False,False,False,False,False,False,False,False,False,True,False,False,False,1.0,6.0,0.0
juicetimetable,True,False,False,,False,,None,GitHub,,False,False,False,False,False,False,False,False,False,False,False,False,False,False,False,False,False,2.0,0.0
jukuu,True,False,False,,False,,None,GitHub,,False,False,False,False,False,False,False,False,False,False,False,False,False,False,False,False,False,1.0,0.0
jumpdontdie,True,False,False,,False,,None,GitHub,,False,False,False,False,False,False,False,False,False,False,False,False,False,False,False,False,False,2.0,0.0
junior,True,False,False,,False,,None,GitHub,,False,False,False,False,False,False,False,False,False,False,False,False,False,False,False,False,False,1.0,0.0
just-chatting,True,False,False,,False,,None,GitHub,,False,False,False,False,False,False,False,False,False,False,False,False,False,False,False,False,False,2.0,0.0
just_another_workout_timer,True,False,False,,False,,None,GitHub,,False,False,False,False,False,False,False,False,False,False,False,False,False,False,False,False,False,2.0,0.0
jzandroidchart,True,True,False,,True,Travis CI_emulator_manual,Manual_ThirdParty,Travis CI,Travis CI,False,False,False,False,False,False,False,False,False,False,False,False,False,False,False,False,False,1.0,0.0
k-9,True,False,False,,False,,None,GitHub,,False,False,False,False,False,False,False,False,False,False,False,False,False,False,False,False,False,3.0,0.0
k6nele,True,False,False,,False,,None,GitHub,,False,False,False,False,False,False,False,False,False,False,False,False,False,False,False,False,False,1.0,0.0
ka27,False,False,False,,False,,None,Travis CI,,False,False,False,False,False,False,False,False,False,False,False,False,False,False,False,False,False,1.0,0.0
kaesekaestchen,True,False,False,,False,,None,GitHub,,False,False,False,False,False,False,False,False,False,False,False,False,False,False,False,False,False,1.0,0.0
kaidan,True,False,False,,False,,None,GitLab CI,,False,False,False,False,False,False,False,False,False,False,False,False,False,False,False,False,False,1.0,0.0
kaltura-device-info-android,False,False,False,,False,,None,Travis CI,,False,False,False,False,False,False,False,False,False,False,False,False,False,False,False,False,False,1.0,0.0
kanade,True,False,False,,False,,None,GitHub,,False,False,False,False,False,False,False,False,False,False,False,False,False,False,False,False,False,2.0,0.0
kanaquiz,True,True,False,,True,"Firebase_Full, Travis CI_emulator_manual","Manual_ThirdParty, ThirdParty_Service","CircleCI, Travis CI","CircleCI, Travis CI",False,False,False,False,False,False,False,False,False,False,False,False,False,False,False,False,False,2.0,0.0
kandroid,False,False,False,,False,,None,Travis CI,,False,False,False,False,False,False,False,False,False,False,False,False,False,False,False,False,False,1.0,0.0
kanji-recognition-android,True,False,False,,False,,None,GitHub,,False,False,False,False,False,False,False,False,False,False,False,False,False,False,False,False,False,1.0,0.0
kaptain,True,False,False,,False,,None,GitHub,,False,False,False,False,False,False,False,False,False,False,False,False,False,False,False,False,False,1.0,0.0
karma,True,False,False,,False,,None,GitHub,,False,False,False,False,False,False,False,False,False,False,False,False,False,False,False,False,False,1.0,0.0
keepass2android,True,False,False,,False,,None,GitHub,,False,False,False,False,False,False,False,False,False,False,False,False,False,False,False,False,False,1.0,0.0
keevault2,True,False,False,,False,,None,GitHub,,False,False,False,False,False,False,False,False,False,False,False,False,False,False,False,False,False,3.0,0.0
keibai-android,True,False,False,,False,,None,Travis CI,,False,False,False,False,False,False,False,False,False,False,False,False,False,False,False,False,False,1.0,0.0
keter-escape,True,False,False,,False,,None,CircleCI,,False,False,False,False,False,False,False,False,False,False,False,False,False,False,False,False,False,1.0,0.0
keyboard,True,False,False,,False,,None,GitHub,,False,False,False,False,False,False,False,False,False,False,False,False,False,False,False,False,False,3.0,0.0
keymapper,True,False,False,,False,,None,GitHub,,False,False,False,False,False,False,False,False,False,False,False,False,False,False,False,False,False,3.0,0.0
keypass,True,False,False,,False,,None,GitHub,,False,False,False,False,False,False,False,False,False,False,False,False,False,False,False,False,False,6.0,0.0
khel-ke-baat-karen,True,False,False,,False,,None,Travis CI,,False,False,False,False,False,False,False,False,False,False,False,False,False,False,False,False,False,1.0,0.0
khumu-android,True,False,False,,False,,None,GitHub,,False,False,False,False,False,False,False,False,False,False,False,False,False,False,False,False,False,1.0,0.0
kicpa-wordquiz,True,False,False,,False,,None,GitHub,,False,False,False,False,False,False,False,False,False,False,False,False,False,False,False,False,False,2.0,0.0
kidsphone,True,False,False,,False,,None,GitHub,,False,False,False,False,False,False,False,False,False,False,False,False,False,False,False,False,False,2.0,0.0
kikke,True,False,False,,False,,None,GitHub,,False,False,False,False,False,False,False,False,False,False,False,False,False,False,False,False,False,3.0,0.0
kiss,True,False,False,,False,,None,GitHub,,False,False,False,False,False,False,False,False,False,False,False,False,False,False,False,False,False,2.0,0.0
kitchenowl,True,False,False,,False,,None,GitHub,,False,False,False,False,False,False,False,False,False,False,False,False,False,False,False,False,False,6.0,0.0
kite-app,True,False,False,,False,,None,GitHub,,False,False,False,False,False,False,False,False,False,False,False,False,False,False,False,False,False,5.0,0.0
kiwix-android,True,True,True,GitHub_emulator_full,False,,"GitHub_Hosted, None",GitHub,GitHub,False,False,True,False,False,False,False,False,False,False,False,True,False,False,True,False,3.0,5.0,0.0
klimatic,True,False,False,,False,,None,GitHub,,False,False,False,False,False,False,False,False,False,False,False,False,False,False,False,False,False,3.0,0.0
klingar,False,False,False,,False,,None,CircleCI,,False,False,False,False,False,False,False,False,False,False,False,False,False,False,False,False,False,1.0,0.0
klooni1010,True,False,False,,False,,None,GitHub,,False,False,False,False,False,False,False,False,False,False,False,False,False,False,False,False,False,1.0,0.0
knigopis,False,False,False,,False,,None,Travis CI,,False,False,False,False,False,False,False,False,False,False,False,False,False,False,False,False,False,1.0,0.0
knot,True,False,False,,False,,None,GitHub,,False,False,False,False,False,False,False,False,False,False,False,False,False,False,False,False,False,5.0,0.0
know-corona,True,False,False,,False,,None,GitHub,,False,False,False,False,False,False,False,False,False,False,False,False,False,False,False,False,False,1.0,0.0
koffeemate,True,True,False,,True,Travis CI_emulator_manual,Manual_ThirdParty,Travis CI,Travis CI,False,False,False,False,False,False,False,False,False,False,False,False,False,False,False,False,False,1.0,0.0
kotatsu,True,False,False,,False,,None,GitHub,,False,False,False,False,False,False,False,False,False,False,False,False,False,False,False,False,False,1.0,0.0
kotlin-android-starter,True,False,False,,False,,None,Travis CI,,False,False,False,False,False,False,False,False,False,False,False,False,False,False,False,False,False,1.0,0.0
kotlin-native-superhero-app,True,False,False,,False,,None,Travis CI,,False,False,False,False,False,False,False,False,False,False,False,False,False,False,False,False,False,1.0,0.0
kotlin-order-food-app,True,False,False,,False,,None,GitHub,,False,False,False,False,False,False,False,False,False,False,False,False,False,False,False,False,False,2.0,0.0
kotlin-permissions,True,False,False,,False,,None,Travis CI,,False,False,False,False,False,False,False,False,False,False,False,False,False,False,False,False,False,1.0,0.0
kotlin-pokedex,True,False,False,,False,,None,GitHub,,False,False,False,False,False,False,False,False,False,False,False,False,False,False,False,False,False,1.0,0.0
kotlin-soundboard,True,False,False,,False,,None,GitHub,,False,False,False,False,False,False,False,False,False,False,False,False,False,False,False,False,False,1.0,0.0
kotlin-surfaceduo-duobahn,True,False,False,,False,,None,GitHub,,False,False,False,False,False,False,False,False,False,False,False,False,False,False,False,False,False,1.0,0.0
kotlinandroidbase,True,True,True,GitHub_emulator_full,False,,GitHub_Hosted,GitHub,GitHub,False,False,False,False,False,False,False,False,False,True,False,False,False,False,False,False,1.0,1.0,0.0
kotlinlogger,False,False,False,,False,,None,Travis CI,,False,False,False,False,False,False,False,False,False,False,False,False,False,False,False,False,False,1.0,0.0
kpassnotes,True,False,False,,False,,None,GitHub,,False,False,False,False,False,False,False,False,False,False,False,False,False,False,False,False,False,1.0,0.0
ktnes,True,False,False,,False,,None,GitHub,,False,False,False,False,False,False,False,False,False,False,False,False,False,False,False,False,False,1.0,0.0
ktrip,False,False,False,,False,,None,GitLab CI,,False,False,False,False,False,False,False,False,False,False,False,False,False,False,False,False,False,1.0,0.0
ktx,True,False,False,,False,,None,GitHub,,False,False,False,False,False,False,False,False,False,False,False,False,False,False,False,False,False,2.0,0.0
kubenav,True,False,False,,False,,None,GitHub,,False,False,False,False,False,False,False,False,False,False,False,False,False,False,False,False,False,3.0,0.0
kungfoo,True,False,False,,False,,None,Travis CI,,False,False,False,False,False,False,False,False,False,False,False,False,False,False,False,False,False,1.0,0.0
kuwas,True,False,False,,False,,None,GitHub,,False,False,False,False,False,False,False,False,False,False,False,False,False,False,False,False,False,1.0,0.0
kvaesitso,True,False,False,,False,,None,GitHub,,False,False,False,False,False,False,False,False,False,False,False,False,False,False,False,False,False,3.0,0.0
kyouen-android,True,False,False,,False,,None,CircleCI,,False,False,False,False,False,False,False,False,False,False,False,False,False,False,False,False,False,1.0,0.0
labcoat,True,False,False,,False,,None,"GitLab CI, Travis CI",,False,False,False,False,False,False,False,False,False,False,False,False,False,False,False,False,False,2.0,0.0
labeled-range-slider,True,False,False,,False,,None,GitHub,,False,False,False,False,False,False,False,False,False,False,False,False,False,False,False,False,False,1.0,0.0
labeledseekslider,True,False,False,,False,,None,GitHub,,False,False,False,False,False,False,False,False,False,False,False,False,False,False,False,False,False,1.0,0.0
lady-happy-android,True,False,False,,False,,None,GitHub,,False,False,False,False,False,False,False,False,False,False,False,False,False,False,False,False,False,2.0,0.0
ladybuddy-app,True,False,False,,False,,None,Unknown,,False,False,False,False,False,False,False,False,False,False,False,False,False,False,False,False,False,1.0,0.0
lapd,True,False,False,,False,,None,GitHub,,False,False,False,False,False,False,False,False,False,False,False,False,False,False,False,False,False,1.0,0.0
last-launcher,True,False,False,,False,,None,GitHub,,False,False,False,False,False,False,False,False,False,False,False,False,False,False,False,False,False,1.0,0.0
lastcaller,False,False,False,,False,,None,Travis CI,,False,False,False,False,False,False,False,False,False,False,False,False,False,False,False,False,False,1.0,0.0
latticify,False,False,False,,False,,None,Travis CI,,False,False,False,False,False,False,False,False,False,False,False,False,False,False,False,False,False,1.0,0.0
launcherc,True,False,False,,False,,None,GitHub,,False,False,False,False,False,False,False,False,False,False,False,False,False,False,False,False,False,1.0,0.0
launchpadflightcontrollerandroid,True,False,False,,False,,None,Travis CI,,False,False,False,False,False,False,False,False,False,False,False,False,False,False,False,False,False,1.0,0.0
laverna-android,True,False,False,,False,,None,Travis CI,,False,False,False,False,False,False,False,False,False,False,False,False,False,False,False,False,False,1.0,0.0
lawnchair,True,False,False,,False,,None,GitHub,,False,False,False,False,False,False,False,False,False,False,False,False,False,False,False,False,False,8.0,0.0
lawnicons,True,False,False,,False,,None,GitHub,,False,False,False,False,False,False,False,False,False,False,False,False,False,False,False,False,False,6.0,0.0
layouteditor,True,False,False,,False,,None,GitHub,,False,False,False,False,False,False,False,False,False,False,False,False,False,False,False,False,False,1.0,0.0
lazycolumnscrollbar,True,False,False,,False,,None,GitHub,,False,False,False,False,False,False,False,False,False,False,False,False,False,False,False,False,False,1.0,0.0
lazydb,True,False,False,,False,,None,Travis CI,,False,False,False,False,False,False,False,False,False,False,False,False,False,False,False,False,False,1.0,0.0
lbry-android,True,False,False,,False,,None,GitLab CI,,False,False,False,False,False,False,False,False,False,False,False,False,False,False,False,False,False,1.0,0.0
lbry-fdroid,True,False,False,,False,,None,GitLab CI,,False,False,False,False,False,False,False,False,False,False,False,False,False,False,False,False,False,1.0,0.0
leaflet,True,False,False,,False,,None,GitHub,,False,False,False,False,False,False,False,False,False,False,False,False,False,False,False,False,False,1.0,0.0
leafylauncher,True,False,False,,False,,None,GitHub,,False,False,False,False,False,False,False,False,False,False,False,False,False,False,False,False,False,5.0,0.0
leamonax,False,False,False,,False,,None,Travis CI,,False,False,False,False,False,False,False,False,False,False,False,False,False,False,False,False,False,1.0,0.0
leaonline-app,True,False,False,,False,,None,GitHub,,False,False,False,False,False,False,False,False,False,False,False,False,False,False,False,False,False,6.0,0.0
learn-android,False,False,False,,False,,None,GitHub,,False,False,False,False,False,False,False,False,False,False,False,False,False,False,False,False,False,1.0,0.0
learn-braille,True,True,True,GitHub_emulator_full,False,,GitHub_Hosted,GitHub,GitHub,False,False,False,False,False,False,False,False,False,False,True,False,False,False,False,False,1.0,1.0,0.0
learn-digits,True,False,False,,False,,None,GitHub,,False,False,False,False,False,False,False,False,False,False,False,False,False,False,False,False,False,1.0,0.0
leavesheet,True,False,False,,False,,None,GitHub,,False,False,False,False,False,False,False,False,False,False,False,False,False,False,False,False,False,1.0,0.0
leihen,True,False,False,,False,,None,CircleCI,,False,False,False,False,False,False,False,False,False,False,False,False,False,False,False,False,False,1.0,0.0
lemuroid,True,False,False,,False,,None,GitHub,,False,False,False,False,False,False,False,False,False,False,False,False,False,False,False,False,False,2.0,0.0
leon,True,False,False,,False,,None,GitHub,,False,False,False,False,False,False,False,False,False,False,False,False,False,False,False,False,False,2.0,0.0
lesscode,True,False,False,,False,,None,Travis CI,,False,False,False,False,False,False,False,False,False,False,False,False,False,False,False,False,False,1.0,0.0
lesspass,True,False,False,,False,,None,GitHub,,False,False,False,False,False,False,False,False,False,False,False,False,False,False,False,False,False,17.0,0.0
levelprogressbar,False,False,False,,False,,None,Travis CI,,False,False,False,False,False,False,False,False,False,False,False,False,False,False,False,False,False,1.0,0.0
lexica,True,False,False,,False,,None,GitHub,,False,False,False,False,False,False,False,False,False,False,False,False,False,False,False,False,False,2.0,0.0
life-dots,True,False,False,,False,,None,Travis CI,,False,False,False,False,False,False,False,False,False,False,False,False,False,False,False,False,False,1.0,0.0
lifecyclemodel,False,False,False,,False,,None,Travis CI,,False,False,False,False,False,False,False,False,False,False,False,False,False,False,False,False,False,1.0,0.0
lift,True,False,False,,False,,None,GitHub,,False,False,False,False,False,False,False,False,False,False,False,False,False,False,False,False,False,1.0,0.0
light-controller,False,False,False,,False,,None,Travis CI,,False,False,False,False,False,False,False,False,False,False,False,False,False,False,False,False,False,1.0,0.0
lilaoftheday_android,True,True,False,,True,Travis CI_emulator_manual,Manual_ThirdParty,Travis CI,Travis CI,False,False,False,False,False,False,False,False,False,False,False,False,False,False,False,False,False,1.0,0.0
limpazap,True,False,False,,False,,None,GitHub,,False,False,False,False,False,False,False,False,False,False,False,False,False,False,False,False,False,1.0,0.0
lineflag,True,False,False,,False,,None,GitHub,,False,False,False,False,False,False,False,False,False,False,False,False,False,False,False,False,False,3.0,0.0
lingvaandroid,True,False,False,,False,,None,GitHub,,False,False,False,False,False,False,False,False,False,False,False,False,False,False,False,False,False,1.0,0.0
linkhub,True,False,False,,False,,None,GitHub,,False,False,False,False,False,False,False,False,False,False,False,False,False,False,False,False,False,1.0,0.0
linphone-android,True,False,False,,False,,None,GitLab CI,,False,False,False,False,False,False,False,False,False,False,False,False,False,False,False,False,False,1.0,0.0
linux-mon,True,False,False,,False,,None,GitHub,,False,False,False,False,False,False,False,False,False,False,False,False,False,False,False,False,False,1.0,0.0
lionheart-remake,True,False,False,,False,,None,GitHub,,False,False,False,False,False,False,False,False,False,False,False,False,False,False,False,False,False,2.0,0.0
listen1_mobile,True,False,False,,False,,None,GitHub,,False,False,False,False,False,False,False,False,False,False,False,False,False,False,False,False,False,1.0,0.0
lisu-android,True,False,False,,False,,None,GitHub,,False,False,False,False,False,False,False,False,False,False,False,False,False,False,False,False,False,2.0,0.0
livepokemonfinder,False,False,False,,False,,None,Travis CI,,False,False,False,False,False,False,False,False,False,False,False,False,False,False,False,False,False,1.0,0.0
livescoreapp,True,False,False,,False,,None,GitHub,,False,False,False,False,False,False,False,False,False,False,False,False,False,False,False,False,False,2.0,0.0
lnch,True,False,False,,False,,None,GitHub,,False,False,False,False,False,False,False,False,False,False,False,False,False,False,False,False,False,1.0,0.0
loaderspack-android,True,False,False,,False,,None,CircleCI,,False,False,False,False,False,False,False,False,False,False,False,False,False,False,False,False,False,1.0,0.0
loadmorewrapper,True,True,False,,True,Travis CI_emulator_manual,Manual_ThirdParty,Travis CI,Travis CI,False,False,False,False,False,False,False,False,False,False,False,False,False,False,False,False,False,1.0,0.0
localsend,True,False,False,,False,,None,GitHub,,False,False,False,False,False,False,False,False,False,False,False,False,False,False,False,False,False,4.0,0.0
locationmapviewer,False,False,False,,False,,None,Travis CI,,False,False,False,False,False,False,False,False,False,False,False,False,False,False,False,False,False,1.0,0.0
lockscreennotes,True,False,False,,False,,None,"GitHub, Travis CI",,False,False,False,False,False,False,False,False,False,False,False,False,False,False,False,False,False,2.0,0.0
logcat,True,False,False,,False,,None,GitHub,,False,False,False,False,False,False,False,False,False,False,False,False,False,False,False,False,False,1.0,0.0
logcatreader,True,False,False,,False,,None,Travis CI,,False,False,False,False,False,False,False,False,False,False,False,False,False,False,False,False,False,1.0,0.0
logger,True,False,False,,False,,None,GitHub,,False,False,False,False,False,False,False,False,False,False,False,False,False,False,False,False,False,2.0,0.0
logginginterceptor,True,False,False,,False,,None,Travis CI,,False,False,False,False,False,False,False,False,False,False,False,False,False,False,False,False,False,1.0,0.0
login-multi-role,True,False,False,,False,,None,GitHub,,False,False,False,False,False,False,False,False,False,False,False,False,False,False,False,False,False,1.0,0.0
logmein-android,True,False,False,,False,,None,Travis CI,,False,False,False,False,False,False,False,False,False,False,False,False,False,False,False,False,False,1.0,0.0
looper,True,True,False,,True,Travis CI_emulator_manual,Manual_ThirdParty,Travis CI,Travis CI,False,False,False,False,False,False,False,False,False,False,False,False,False,False,False,False,False,1.0,0.0
loopviewpagerlayout,True,False,False,,False,,None,GitHub,,False,False,False,False,False,False,False,False,False,False,False,False,False,False,False,False,False,1.0,0.0
loopy,True,False,False,,False,,None,GitHub,,False,False,False,False,False,False,False,False,False,False,False,False,False,False,False,False,False,2.0,0.0
loread,True,False,False,,False,,None,GitHub,,False,False,False,False,False,False,False,False,False,False,False,False,False,False,False,False,False,1.0,0.0
losslessjpgcrop,True,False,False,,False,,None,Travis CI,,False,False,False,False,False,False,False,False,False,False,False,False,False,False,False,False,False,1.0,0.0
lotonaticos,True,False,False,,False,,None,GitHub,,False,False,False,False,False,False,False,False,False,False,False,False,False,False,False,False,False,1.0,0.0
loyalty-card-locker,True,False,False,,False,,None,GitHub,,False,False,False,False,False,False,False,False,False,False,False,False,False,False,False,False,False,1.0,0.0
lrkfm,True,False,False,,False,,None,"GitLab CI, Travis CI",,False,False,False,False,False,False,False,False,False,False,False,False,False,False,False,False,False,2.0,0.0
ltecleanerfoss,True,False,False,,False,,None,GitHub,,False,False,False,False,False,False,False,False,False,False,False,False,False,False,False,False,False,1.0,0.0
luadroid,True,False,False,,False,,None,Travis CI,,False,False,False,False,False,False,False,False,False,False,False,False,False,False,False,False,False,1.0,0.0
ludere,True,False,False,,False,,None,GitHub,,False,False,False,False,False,False,False,False,False,False,False,False,False,False,False,False,False,1.0,0.0
ludoscity,True,False,False,,False,,None,Travis CI,,False,False,False,False,False,False,False,False,False,False,False,False,False,False,False,False,False,1.0,0.0
ludwig-android,True,True,False,,True,Firebase_Full,ThirdParty_Service,CircleCI,CircleCI,False,False,False,False,False,False,False,False,False,False,False,False,False,False,False,False,False,1.0,0.0
lumicall,True,False,False,,False,,None,Travis CI,,False,False,False,False,False,False,False,False,False,False,False,False,False,False,False,False,False,1.0,0.0
lunar-launcher,True,False,False,,False,,None,GitHub,,False,False,False,False,False,False,False,False,False,False,False,False,False,False,False,False,False,2.0,0.0
lyricistant,True,False,False,,False,,None,GitHub,,False,False,False,False,False,False,False,False,False,False,False,False,False,False,False,False,False,4.0,0.0
lyricly,True,False,False,,False,,None,CircleCI,,False,False,False,False,False,False,False,False,False,False,False,False,False,False,False,False,False,1.0,0.0
machbarschaft-android-kotlin,True,False,False,,False,,None,GitHub,,False,False,False,False,False,False,False,False,False,False,False,False,False,False,False,False,False,1.0,0.0
macronium-android,True,False,False,,False,,None,GitHub,,False,False,False,False,False,False,False,False,False,False,False,False,False,False,False,False,False,2.0,0.0
macrozilla,True,False,False,,False,,None,GitHub,,False,False,False,False,False,False,False,False,False,False,False,False,False,False,False,False,False,4.0,0.0
macstransitapp,True,False,False,,False,,None,GitHub,,False,False,False,False,False,False,False,False,False,False,False,False,False,False,False,False,False,3.0,0.0
madesubmsission,True,False,False,,False,,None,CircleCI,,False,False,False,False,False,False,False,False,False,False,False,False,False,False,False,False,False,1.0,0.0
mafqud-android,True,False,False,,False,,None,GitHub,,False,False,False,False,False,False,False,False,False,False,False,False,False,False,False,False,False,1.0,0.0
magicphotos-android,True,False,False,,False,,None,GitHub,,False,False,False,False,False,False,False,False,False,False,False,False,False,False,False,False,False,2.0,0.0
magisk,True,False,False,,False,,None,GitHub,,False,False,False,False,True,False,False,True,False,True,True,False,False,False,False,True,5.0,1.0,0.0
magnum-extras,False,False,False,,False,,None,CircleCI,,False,False,False,False,False,False,False,False,False,False,False,False,False,False,False,False,False,1.0,0.0
main,False,False,False,,False,,None,Travis CI,,False,False,False,False,False,False,False,False,False,False,False,False,False,False,False,False,False,1.0,0.0
mandarin-android,False,False,False,,False,,None,Travis CI,,False,False,False,False,False,False,False,False,False,False,False,False,False,False,False,False,False,1.0,0.0
manga2kindle,True,False,False,,False,,None,Travis CI,,False,False,False,False,False,False,False,False,False,False,False,False,False,False,False,False,False,1.0,0.0
mangaka,True,False,False,,False,,None,GitHub,,False,False,False,False,False,False,False,False,False,False,False,False,False,False,False,False,False,2.0,0.0
mangindo,True,True,False,,True,Travis CI_emulator_manual,Manual_ThirdParty,Travis CI,Travis CI,False,False,False,False,False,False,False,False,False,False,False,False,False,False,False,False,False,1.0,0.0
manji,True,False,False,,False,,None,GitHub,,False,False,False,False,False,False,False,False,False,False,False,False,False,False,False,False,False,1.0,0.0
manyverse,True,False,False,,False,,None,"GitHub, GitLab CI",,False,False,False,False,False,False,False,False,False,False,False,False,False,False,False,False,False,5.0,0.0
mapnotes,True,True,False,,True,Firebase_Full,ThirdParty_Service,CircleCI,CircleCI,False,False,False,False,False,False,False,False,False,False,False,False,False,False,False,False,False,1.0,0.0
maps,True,False,False,,False,,None,GitLab CI,,False,False,False,False,False,False,False,False,False,False,False,False,False,False,False,False,False,1.0,0.0
maps-platform-101-android,True,False,False,,False,,None,GitHub,,False,False,False,False,False,False,False,False,False,False,False,False,False,False,False,False,False,1.0,0.0
mapwall,True,False,False,,False,,None,Travis CI,,False,False,False,False,False,False,False,False,False,False,False,False,False,False,False,False,False,1.0,0.0
markdownr,True,False,False,,False,,None,GitHub,,False,False,False,False,False,False,False,False,False,False,False,False,False,False,False,False,False,2.0,0.0
marketplace-list,True,False,False,,False,,None,GitHub,,False,False,False,False,False,False,False,False,False,False,False,False,False,False,False,False,False,1.0,0.0
marknote,False,False,False,,False,,None,Travis CI,,False,False,False,False,False,False,False,False,False,False,False,False,False,False,False,False,False,1.0,0.0
markor,True,False,False,,False,,None,GitHub,,False,False,False,False,False,False,False,False,False,False,False,False,False,False,False,False,False,1.0,0.0
marky,True,False,False,,False,,None,GitHub,,False,False,False,False,False,False,False,False,False,False,False,False,False,False,False,False,False,1.0,0.0
marvel,True,True,True,GitHub_emulator_full,False,,GitHub_Hosted,GitHub,GitHub,False,False,False,False,True,False,False,True,False,False,True,False,False,False,False,False,3.0,1.0,0.0
marvel-app,True,True,True,GitHub_emulator_full,True,"Firebase_Full, Travis CI_emulator_manual","GitHub_Hosted, Manual_ThirdParty, ThirdParty_Service","CircleCI, GitHub, Travis CI","CircleCI, GitHub, Travis CI",False,False,True,False,False,False,False,False,False,False,False,False,False,False,False,False,1.0,3.0,0.0
marvel-client,True,False,False,,False,,None,CircleCI,,False,False,False,False,False,False,False,False,False,False,False,False,False,False,False,False,False,1.0,0.0
marvelapp,True,False,False,,False,,None,GitHub,,False,False,False,False,False,False,False,False,False,False,False,False,False,False,False,False,False,1.0,0.0
mascota-android,True,False,False,,False,,None,GitHub,,False,False,False,False,False,False,False,False,False,False,False,False,False,False,False,False,False,1.0,0.0
maskara,False,False,False,,False,,None,Travis CI,,False,False,False,False,False,False,False,False,False,False,False,False,False,False,False,False,False,1.0,0.0
masterpassword,True,False,False,,False,,None,GitLab CI,,False,False,False,False,False,False,False,False,False,False,False,False,False,False,False,False,False,1.0,0.0
matcha,True,False,False,,False,,None,CircleCI,,False,False,False,False,False,False,False,False,False,False,False,False,False,False,False,False,False,1.0,0.0
mate_app,True,False,False,,False,,None,GitHub,,False,False,False,False,False,False,False,False,False,False,False,False,False,False,False,False,False,1.0,0.0
material-intro-screen,False,False,False,,False,,None,Travis CI,,False,False,False,False,False,False,False,False,False,False,False,False,False,False,False,False,False,1.0,0.0
material-sudoku,True,False,False,,False,,None,CircleCI,,False,False,False,False,False,False,False,False,False,False,False,False,False,False,False,False,False,1.0,0.0
materialfilepicker,True,False,False,,False,,None,Travis CI,,False,False,False,False,False,False,False,False,False,False,False,False,False,False,False,False,False,1.0,0.0
materialfiles,True,False,False,,False,,None,GitHub,,False,False,False,False,False,False,False,False,False,False,False,False,False,False,False,False,False,1.0,0.0
materialtextfield,True,False,False,,False,,None,GitHub,,False,False,False,False,False,False,False,False,False,False,False,False,False,False,False,False,False,1.0,0.0
materialwecenter,True,False,False,,False,,None,Travis CI,,False,False,False,False,False,False,False,False,False,False,False,False,False,False,False,False,False,1.0,0.0
mather,False,False,False,,False,,None,Travis CI,,False,False,False,False,False,False,False,False,False,False,False,False,False,False,False,False,False,1.0,0.0
mathview,True,False,False,,False,,None,"GitHub, Travis CI",,False,False,False,False,False,False,False,False,False,False,False,False,False,False,False,False,False,2.0,0.0
matsuri,True,False,False,,False,,None,GitHub,,False,False,False,False,False,False,False,False,False,False,False,False,False,False,False,False,False,1.0,0.0
mattermost-mobile,True,False,False,,False,,None,GitHub,,False,False,False,False,False,False,False,False,False,False,False,False,False,False,False,False,False,8.0,0.0
mausam-app,True,False,False,,False,,None,Travis CI,,False,False,False,False,False,False,False,False,False,False,False,False,False,False,False,False,False,1.0,0.0
mauth,True,False,False,,False,,None,GitHub,,False,False,False,False,False,False,False,False,False,False,False,False,False,False,False,False,False,1.0,0.0
mbrc,True,False,False,,False,,None,GitHub,,False,False,False,False,False,False,False,False,False,False,False,False,False,False,False,False,False,1.0,0.0
mcerebrum-autosense,False,False,False,,False,,None,Travis CI,,False,False,False,False,False,False,False,False,False,False,False,False,False,False,False,False,False,1.0,0.0
mcerebrum-emascheduler,False,False,False,,False,,None,Travis CI,,False,False,False,False,False,False,False,False,False,False,False,False,False,False,False,False,False,1.0,0.0
mcerebrum-microsoftband,False,False,False,,False,,None,Travis CI,,False,False,False,False,False,False,False,False,False,False,False,False,False,False,False,False,False,1.0,0.0
mcerebrum-moodsurfing,True,False,False,,False,,None,Travis CI,,False,False,False,False,False,False,False,False,False,False,False,False,False,False,False,False,False,1.0,0.0
mcerebrum-omron,False,False,False,,False,,None,Travis CI,,False,False,False,False,False,False,False,False,False,False,False,False,False,False,False,False,False,1.0,0.0
mcerebrum-phonesensor,False,False,False,,False,,None,Travis CI,,False,False,False,False,False,False,False,False,False,False,False,False,False,False,False,False,False,1.0,0.0
mcerebrum-plotter,False,False,False,,False,,None,Travis CI,,False,False,False,False,False,False,False,False,False,False,False,False,False,False,False,False,False,1.0,0.0
mcerebrum-streamprocessor,False,False,False,,False,,None,Travis CI,,False,False,False,False,False,False,False,False,False,False,False,False,False,False,False,False,False,1.0,0.0
mcerebrum-study,False,False,False,,False,,None,Travis CI,,False,False,False,False,False,False,False,False,False,False,False,False,False,False,False,False,False,1.0,0.0
mcerebrum-thoughtshakeup,False,False,False,,False,,None,Travis CI,,False,False,False,False,False,False,False,False,False,False,False,False,False,False,False,False,False,1.0,0.0
mcinabox,True,False,False,,False,,None,GitHub,,False,False,False,False,False,False,False,False,False,False,False,False,False,False,False,False,False,1.0,0.0
mcpwn,True,False,False,,False,,None,CircleCI,,False,False,False,False,False,False,False,False,False,False,False,False,False,False,False,False,False,1.0,0.0
mealient,True,False,False,,False,,None,GitHub,,False,False,False,False,False,False,False,False,False,False,False,False,False,False,False,False,False,2.0,0.0
mealmania,True,False,False,,False,,None,Travis CI,,False,False,False,False,False,False,False,False,False,False,False,False,False,False,False,False,False,1.0,0.0
meaning_android,True,False,False,,False,,None,GitHub,,False,False,False,False,False,False,False,False,False,False,False,False,False,False,False,False,False,1.0,0.0
mediagallery,False,False,False,,False,,None,Travis CI,,False,False,False,False,False,False,False,False,False,False,False,False,False,False,False,False,False,1.0,0.0
medicationmanager,True,False,False,,False,,None,"CircleCI, GitHub",,False,False,False,False,False,False,False,False,False,False,False,False,False,False,False,False,False,2.0,0.0
medito-app,True,False,False,,False,,None,GitHub,,False,False,False,False,False,False,False,False,False,False,False,False,False,False,False,False,False,3.0,0.0
mediumclap-android,True,False,False,,False,,None,GitHub,,False,False,False,False,False,False,False,False,False,False,False,False,False,False,False,False,False,1.0,0.0
medusa,True,False,False,,False,,None,GitHub,,False,False,False,False,False,False,False,False,False,False,False,False,False,False,False,False,False,1.0,0.0
meeroo,True,False,False,,False,,None,GitHub,,False,False,False,False,False,False,False,False,False,False,False,False,False,False,False,False,False,1.0,0.0
mefab,True,False,False,,False,,None,GitHub,,False,False,False,False,False,False,False,False,False,False,False,False,False,False,False,False,False,1.0,0.0
melodeon,True,False,False,,False,,None,GitHub,,False,False,False,False,False,False,False,False,False,False,False,False,False,False,False,False,False,2.0,0.0
melon,True,False,False,,False,,None,"CircleCI, GitHub",,False,False,False,False,False,False,False,False,False,False,False,False,False,False,False,False,False,3.0,0.0
memecreator,True,False,False,,False,,None,GitHub,,False,False,False,False,False,False,False,False,False,False,False,False,False,False,False,False,False,1.0,0.0
memerizeapp,True,False,False,,False,,None,GitHub,,False,False,False,False,False,False,False,False,False,False,False,False,False,False,False,False,False,1.0,0.0
memetastic,True,False,False,,False,,None,GitHub,,False,False,False,False,False,False,False,False,False,False,False,False,False,False,False,False,False,1.0,0.0
memorygame,True,False,False,,False,,None,GitHub,,False,False,False,False,False,False,False,False,False,False,False,False,False,False,False,False,False,1.0,0.0
mensa,True,False,False,,False,,None,Travis CI,,False,False,False,False,False,False,False,False,False,False,False,False,False,False,False,False,False,1.0,0.0
mensaplan,True,False,False,,False,,None,"CircleCI, GitHub, GitLab CI",,False,False,False,False,False,False,False,False,False,False,False,False,False,False,False,False,False,3.0,0.0
mentorship-android,True,False,False,,False,,None,GitHub,,False,False,False,False,False,False,False,False,False,False,False,False,False,False,False,False,False,4.0,0.0
mentra-app,True,False,False,,False,,None,GitHub,,False,False,False,False,False,False,False,False,False,False,False,False,False,False,False,False,False,1.0,0.0
meow,False,False,False,,False,,None,Travis CI,,False,False,False,False,False,False,False,False,False,False,False,False,False,False,False,False,False,1.0,0.0
mercy-emotion-sns,True,False,False,,False,,None,GitHub,,False,False,False,False,False,False,False,False,False,False,False,False,False,False,False,False,False,1.0,0.0
messenger-android,True,False,False,,False,,None,GitHub,,False,False,False,False,False,False,False,False,False,False,False,False,False,False,False,False,False,1.0,0.0
messsy,True,False,False,,False,,None,GitHub,,False,False,False,False,False,False,False,False,False,False,False,False,False,False,False,False,False,1.0,0.0
met-cs622-chatbot-project,True,False,False,,False,,None,GitHub,,False,False,False,False,False,False,False,False,False,False,False,False,False,False,False,False,False,2.0,0.0
metadataremover,True,True,True,GitHub_emulator_full,False,,"GitHub_Hosted, None",GitHub,GitHub,False,False,False,False,False,False,True,False,False,False,False,False,False,False,False,False,1.0,2.0,0.0
meteorite,True,False,False,,False,,None,Travis CI,,False,False,False,False,False,False,False,False,False,False,False,False,False,False,False,False,False,1.0,0.0
meteroid,True,False,False,,False,,None,GitHub,,False,False,False,False,False,False,False,False,False,False,False,False,False,False,False,False,False,1.0,0.0
metro-compose,True,False,False,,False,,None,GitHub,,False,False,False,False,False,False,False,False,False,False,False,False,False,False,False,False,False,3.0,0.0
metrodroid,True,False,False,,False,,None,Travis CI,,False,False,False,False,False,False,False,False,False,False,False,False,False,False,False,False,False,1.0,0.0
metronome,True,False,False,,False,,None,GitHub,,False,False,False,False,False,False,False,False,False,False,False,False,False,False,False,False,False,1.0,0.0
mewconnect-android,False,False,False,,False,,None,Travis CI,,False,False,False,False,False,False,False,False,False,False,False,False,False,False,False,False,False,1.0,0.0
mgit,True,False,False,,False,,None,GitHub,,False,False,False,False,False,False,False,False,False,False,False,False,False,False,False,False,False,1.0,0.0
mhabit,True,False,False,,False,,None,GitHub,,False,False,False,False,False,False,False,False,False,False,False,False,False,False,False,False,False,4.0,0.0
mhworlddatabase,True,False,False,,False,,None,CircleCI,,False,False,False,False,False,False,False,False,False,False,False,False,False,False,False,False,False,1.0,0.0
micropinner,True,True,False,,True,Travis CI_emulator_manual,"Manual_ThirdParty, None","GitHub, Travis CI",Travis CI,False,False,False,False,False,False,False,False,False,False,False,False,False,False,False,False,False,2.0,0.0
microsphere,False,False,False,,False,,None,Travis CI,,False,False,False,False,False,False,False,False,False,False,False,False,False,False,False,False,False,1.0,0.0
milia,True,False,False,,False,,None,GitHub,,False,False,False,False,False,False,False,False,False,False,False,False,False,False,False,False,False,1.0,0.0
milktea,False,False,False,,False,,None,GitHub,,False,False,False,False,False,False,False,False,False,False,False,False,False,False,False,False,False,2.0,0.0
millennium-for-reddit,True,False,False,,False,,None,GitHub,,False,False,False,False,False,False,False,False,False,False,False,False,False,False,False,False,False,1.0,0.0
minder,True,False,False,,False,,None,GitHub,,False,False,False,False,False,False,False,False,False,False,False,False,False,False,False,False,False,1.0,0.0
mindful-android-launcher,True,False,False,,False,,None,GitLab CI,,False,False,False,False,False,False,False,False,False,False,False,False,False,False,False,False,False,1.0,0.0
mindustry,True,False,False,,False,,None,GitHub,,False,False,False,False,False,False,False,False,False,False,False,False,False,False,False,False,False,3.0,0.0
mini-games,True,False,False,,False,,None,GitHub,,False,False,False,False,False,False,False,False,False,False,False,False,False,False,False,False,False,2.0,0.0
minijvm,False,False,False,,False,,None,Travis CI,,False,False,False,False,False,False,False,False,False,False,False,False,False,False,False,False,False,1.0,0.0
minimal-quotes,True,False,False,,False,,None,Travis CI,,False,False,False,False,False,False,False,False,False,False,False,False,False,False,False,False,False,1.0,0.0
minimal-todo,False,False,False,,False,,None,Travis CI,,False,False,False,False,False,False,False,False,False,False,False,False,False,False,False,False,False,1.0,0.0
minimal_todo,True,False,False,,False,,None,"GitHub, Travis CI",,False,False,False,False,False,False,False,False,False,False,False,False,False,False,False,False,False,2.0,0.0
minimalin-watchface,True,False,False,,False,,None,GitHub,,False,False,False,False,False,False,False,False,False,False,False,False,False,False,False,False,False,1.0,0.0
miocheck,False,False,False,,False,,None,Travis CI,,False,False,False,False,False,False,False,False,False,False,False,False,False,False,False,False,False,1.0,0.0
mirakel-android,True,False,False,,False,,None,Travis CI,,False,False,False,False,False,False,False,False,False,False,False,False,False,False,False,False,False,1.0,0.0
mirrordisplay,True,False,False,,False,,None,GitHub,,False,False,False,False,False,False,False,False,False,False,False,False,False,False,False,False,False,1.0,0.0
mirru-android,True,False,False,,False,,None,GitHub,,False,False,False,False,False,False,False,False,False,False,False,False,False,False,False,False,False,1.0,0.0
mitsumine,True,False,False,,False,,None,CircleCI,,False,False,False,False,False,False,False,False,False,False,False,False,False,False,False,False,False,1.0,0.0
mityurl,True,False,False,,False,,None,GitHub,,False,False,False,False,False,False,False,False,False,False,False,False,False,False,False,False,False,1.0,0.0
miuinativenotifyicon,True,False,False,,False,,None,GitHub,,False,False,False,False,False,False,False,False,False,False,False,False,False,False,False,False,False,2.0,0.0
miwok-app,True,False,False,,False,,None,GitHub,,False,False,False,False,False,False,False,False,False,False,False,False,False,False,False,False,False,1.0,0.0
mixpanel-android,True,True,False,,True,Travis CI_emulator_manual,Manual_ThirdParty,Travis CI,Travis CI,False,False,False,False,False,False,False,False,False,False,False,False,False,False,False,False,False,1.0,0.0
mkdocseditor-android,True,False,False,,False,,None,GitHub,,False,False,False,False,False,False,False,False,False,False,False,False,False,False,False,False,False,1.0,0.0
mkloader,False,False,False,,False,,None,Travis CI,,False,False,False,False,False,False,False,False,False,False,False,False,False,False,False,False,False,1.0,0.0
mlmanager,True,False,False,,False,,None,Travis CI,,False,False,False,False,False,False,False,False,False,False,False,False,False,False,False,False,False,1.0,0.0
mmdb,True,False,False,,False,,None,GitHub,,False,False,False,False,False,False,False,False,False,False,True,False,False,False,False,False,1.0,4.0,0.0
mobile,True,True,True,GitHub_emulator_full,False,,"GitHub_Hosted, None","GitHub, Travis CI",GitHub,False,False,False,False,False,False,False,False,False,False,False,False,True,False,False,False,1.0,9.0,0.0
mobile-android-legacy,True,False,False,,False,,None,GitHub,,False,False,False,False,False,False,False,False,False,False,False,False,False,False,False,False,False,1.0,0.0
mobile-app,False,True,True,GitHub_emulator_full,True,Browserstack,"GitHub_Hosted, None, ThirdParty_Service",GitHub,GitHub,False,False,False,False,False,False,False,False,False,False,False,False,False,True,False,False,1.0,3.0,0.0
mobile-cardio,False,False,False,,False,,None,Travis CI,,False,False,False,False,False,False,False,False,False,False,False,False,False,False,False,False,False,1.0,0.0
mobile-jisho,True,True,False,,True,Travis CI_emulator_manual,Manual_ThirdParty,Travis CI,Travis CI,False,False,False,False,False,False,False,False,False,False,False,False,False,False,False,False,False,1.0,0.0
mobile_nebula,True,False,False,,False,,None,GitHub,,False,False,False,False,False,False,False,False,False,False,False,False,False,False,False,False,False,3.0,0.0
mobileprism,True,False,False,,False,,None,GitHub,,False,False,False,False,False,False,False,False,False,False,False,False,False,False,False,False,False,2.0,0.0
mobilert,True,True,True,GitHub_emulator_full,False,,"GitHub_Hosted, None",GitHub,GitHub,False,False,False,False,False,False,False,False,False,False,False,False,False,False,False,False,False,7.0,0.0
modalbottomsheetdialog,True,False,False,,False,,None,GitHub,,False,False,False,False,False,False,False,False,False,False,False,False,False,False,False,False,False,1.0,0.0
modularized-flicker-showcase,True,False,False,,False,,None,CircleCI,,False,False,False,False,False,False,False,False,False,False,False,False,False,False,False,False,False,1.0,0.0
modularized-marvel-showcase,True,False,False,,False,,None,CircleCI,,False,False,False,False,False,False,False,False,False,False,False,False,False,False,False,False,False,1.0,0.0
momento,True,False,False,,False,,None,GitHub,,False,False,False,False,False,False,False,False,False,False,False,False,False,False,False,False,False,1.0,0.0
momentum,True,False,False,,False,,None,GitHub,,False,False,False,False,False,False,False,False,False,False,False,False,False,False,False,False,False,1.0,0.0
moneybook,True,False,False,,False,,None,CircleCI,,False,False,False,False,False,False,False,False,False,False,False,False,False,False,False,False,False,1.0,0.0
moneycontrol,True,False,False,,False,,None,Travis CI,,False,False,False,False,False,False,False,False,False,False,False,False,False,False,False,False,False,1.0,0.0
monoadapter,False,False,False,,False,,None,CircleCI,,False,False,False,False,False,False,False,False,False,False,False,False,False,False,False,False,False,1.0,0.0
monotweety,True,False,False,,False,,None,GitHub,,False,False,False,False,False,False,False,False,False,False,False,False,False,False,False,False,False,1.0,0.0
monster-compendium,True,False,False,,False,,None,GitHub,,False,False,False,False,False,False,False,False,False,False,False,False,False,False,False,False,False,1.0,0.0
mood-tracker-android,True,False,False,,False,,None,GitHub,,False,False,False,False,False,False,False,False,False,False,False,False,False,False,False,False,False,1.0,0.0
mooltik,True,False,False,,False,,None,GitHub,,False,False,False,False,False,False,False,False,False,False,False,False,False,False,False,False,False,1.0,0.0
moonlight-android,False,False,False,,False,,None,Unknown,,False,False,False,False,False,False,False,False,False,False,False,False,False,False,False,False,False,1.0,0.0
moonmeet-crossplatform,True,False,False,,False,,None,GitHub,,False,False,False,False,False,False,False,False,False,False,False,False,False,False,False,False,False,4.0,0.0
moonshot,True,True,True,GitHub_emulator_full,False,,GitHub_Hosted,GitHub,GitHub,False,False,False,False,False,False,False,False,False,False,True,False,False,False,False,False,1.0,1.0,0.0
moretype,False,False,False,,False,,None,Travis CI,,False,False,False,False,False,False,False,False,False,False,False,False,False,False,False,False,False,1.0,0.0
morningwood,True,False,False,,False,,None,GitHub,,False,False,False,False,False,False,False,False,False,False,False,False,False,False,False,False,False,2.0,0.0
morphtransitions,True,False,False,,False,,None,GitHub,,False,False,False,False,False,False,False,False,False,False,False,False,False,False,False,False,False,1.0,0.0
motionlock,True,False,False,,False,,None,GitLab CI,,False,False,False,False,False,False,False,False,False,False,False,False,False,False,False,False,False,1.0,0.0
motionmate,True,False,False,,False,,None,"GitHub, Travis CI",,False,False,False,False,False,False,False,False,False,False,False,False,False,False,False,False,False,2.0,0.0
motorsport-circuits,True,True,False,,True,Travis CI_emulator_manual,"Manual_ThirdParty, None","GitHub, Travis CI",Travis CI,False,False,False,False,False,False,False,False,False,False,False,False,False,False,False,False,False,2.0,0.0
move-tickets-seats,True,False,False,,False,,None,GitHub,,False,False,False,False,False,False,False,False,False,False,False,False,False,False,False,False,False,1.0,0.0
moveery,True,True,False,,True,Travis CI_emulator_manual,Manual_ThirdParty,Travis CI,Travis CI,False,False,False,False,False,False,False,False,False,False,False,False,False,False,False,False,False,1.0,0.0
movie-app-android,True,False,False,,False,,None,"GitHub, GitLab CI",,False,False,False,False,False,False,False,False,False,False,False,False,False,False,False,False,False,3.0,0.0
movie-list-by-jetpack-compose-01,True,False,False,,False,,None,GitHub,,False,False,False,False,False,False,False,False,False,False,False,False,False,False,False,False,False,1.0,0.0
movieapp,True,True,False,,True,Travis CI_emulator_manual,Manual_ThirdParty,Travis CI,Travis CI,False,False,False,False,False,False,False,False,False,False,False,False,False,False,False,False,False,1.0,0.0
moviedatabase,True,False,False,,False,,None,GitHub,,False,False,False,False,False,False,False,False,False,False,False,False,False,False,False,False,False,2.0,0.0
moviedb,False,False,False,,False,,None,Travis CI,,False,False,False,False,False,False,False,False,False,False,False,False,False,False,False,False,False,1.0,0.0
movieland,True,False,False,,False,,None,GitHub,,False,False,False,False,False,False,False,False,False,False,False,False,False,False,False,False,False,3.0,0.0
movies,True,False,False,,False,,None,GitHub,,False,False,False,False,False,False,False,False,False,False,False,False,False,False,False,False,False,4.0,0.0
movies_tmdb,True,False,False,,False,,None,Travis CI,,False,False,False,False,False,False,False,False,False,False,False,False,False,False,False,False,False,1.0,0.0
moviesy,True,False,False,,False,,None,GitHub,,False,False,False,False,False,False,False,False,False,False,False,False,False,False,False,False,False,1.0,0.0
movistartv,True,False,False,,False,,None,GitHub,,False,False,False,False,False,False,False,False,False,False,False,False,False,False,False,False,False,1.0,0.0
mp3player,True,True,False,,True,Firebase_Full,"None, ThirdParty_Service",GitHub,GitHub,False,False,False,False,False,False,False,False,False,False,False,False,False,False,False,False,False,6.0,0.0
mpd,True,False,False,,False,,None,GitHub,,False,False,False,False,False,False,False,False,False,False,False,False,False,False,False,False,False,1.0,0.0
mpp-kotlin,True,False,False,,False,,None,GitHub,,False,False,False,False,False,False,False,False,False,False,False,False,False,False,False,False,False,1.0,0.0
mpv-android,False,False,False,,False,,None,"GitHub, Travis CI",,False,False,False,False,False,False,False,False,False,False,False,False,False,False,False,False,False,2.0,0.0
mss,True,False,False,,False,,None,GitHub,,False,False,False,False,False,False,False,False,False,False,False,False,False,False,False,False,False,3.0,0.0
mszprogressindicator,True,False,False,,False,,None,GitHub,,False,False,False,False,False,False,False,False,False,False,False,False,False,False,False,False,False,1.0,0.0
mtg-familiar,True,False,False,,False,,None,CircleCI,,False,False,False,False,False,False,False,False,False,False,False,False,False,False,False,False,False,1.0,0.0
mtmods4android,True,False,False,,False,,None,Travis CI,,False,False,False,False,False,False,False,False,False,False,False,False,False,False,False,False,False,1.0,0.0
mtuo,True,False,False,,False,,None,GitHub,,False,False,False,False,False,False,False,False,False,False,False,False,False,False,False,False,False,2.0,0.0
mucke,True,False,False,,False,,None,GitHub,,False,False,False,False,False,False,False,False,False,False,False,False,False,False,False,False,False,4.0,0.0
mullvadvpn-app,True,False,False,,False,,None,GitHub,,False,False,False,False,False,False,False,False,False,False,False,False,False,False,False,False,False,19.0,0.0
multilanguages,True,False,False,,False,,None,GitHub,,False,False,False,False,False,False,False,False,False,False,False,False,False,False,False,False,False,1.0,0.0
multiplatform-markdown-renderer,True,False,False,,False,,None,GitHub,,False,False,False,False,False,False,False,False,False,False,False,False,False,False,False,False,False,1.0,0.0
multiplatformgithubtopics,True,False,False,,False,,None,GitHub,,False,False,False,False,False,False,False,False,False,False,False,False,False,False,False,False,False,1.0,0.0
multiplestatuslayout,False,False,False,,False,,None,Travis CI,,False,False,False,False,False,False,False,False,False,False,False,False,False,False,False,False,False,1.0,0.0
munchkin-counter-android,False,False,False,,False,,None,CircleCI,,False,False,False,False,False,False,False,False,False,False,False,False,False,False,False,False,False,1.0,0.0
mundraub-android,True,False,False,,False,,None,Travis CI,,False,False,False,False,False,False,False,False,False,False,False,False,False,False,False,False,False,1.0,0.0
munich-ways-app,True,False,False,,False,,None,GitHub,,False,False,False,False,False,False,False,False,False,False,False,False,False,False,False,False,False,2.0,0.0
mupen64plus-ae,True,False,False,,False,,None,GitHub,,False,False,False,False,False,False,False,False,False,False,False,False,False,False,False,False,False,1.0,0.0
musekit,True,False,False,,False,,None,GitHub,,False,False,False,False,False,False,False,False,False,False,False,False,False,False,False,False,False,2.0,0.0
music-player,True,False,False,,False,,None,GitHub,,False,False,False,False,False,False,False,False,False,False,False,False,False,False,False,False,False,1.0,0.0
music-player-go,True,False,False,,False,,None,GitHub,,False,False,False,False,False,False,False,False,False,False,False,False,False,False,False,False,False,1.0,0.0
musicbrainz-android,True,False,False,,False,,None,GitHub,,False,False,False,False,False,False,False,False,False,False,False,False,False,False,False,False,False,4.0,0.0
musicmanager,False,False,False,,False,,None,Travis CI,,False,False,False,False,False,False,False,False,False,False,False,False,False,False,False,False,False,1.0,0.0
musify,True,False,False,,False,,None,GitHub,,False,False,False,False,False,False,False,False,False,False,False,False,False,False,False,False,False,7.0,0.0
muslimday,False,False,False,,False,,None,Travis CI,,False,False,False,False,False,False,False,False,False,False,False,False,False,False,False,False,False,1.0,0.0
mutecamera,False,False,False,,False,,None,GitHub,,False,False,False,False,False,False,False,False,False,False,False,False,False,False,False,False,False,1.0,0.0
mutify,True,False,False,,False,,None,GitHub,,False,False,False,False,False,False,False,False,False,False,False,False,False,False,False,False,False,1.0,0.0
muzesto,False,False,False,,False,,None,Travis CI,,False,False,False,False,False,False,False,False,False,False,False,False,False,False,False,False,False,1.0,0.0
mvez,True,False,False,,False,,None,Travis CI,,False,False,False,False,False,False,False,False,False,False,False,False,False,False,False,False,False,1.0,0.0
mvi-dispatcher-ktx,True,False,False,,False,,None,GitHub,,False,False,False,False,False,False,False,False,False,False,False,False,False,False,False,False,False,1.0,0.0
mvoterandroid,True,False,False,,False,,None,GitHub,,False,False,False,False,False,False,False,False,False,False,False,False,False,False,False,False,False,2.0,0.0
my-bank,True,False,False,,False,,None,GitHub,,False,False,False,False,False,False,False,False,False,False,False,False,False,False,False,False,False,3.0,0.0
my-career,True,False,False,,False,,None,GitHub,,False,False,False,False,False,False,False,False,False,False,False,False,False,False,False,False,False,3.0,0.0
my-fitness-app,True,False,False,,False,,None,GitHub,,False,False,False,False,False,False,False,False,False,False,False,False,False,False,False,False,False,1.0,0.0
my-music,True,False,False,,False,,None,GitHub,,False,False,False,False,False,False,False,False,False,False,False,False,False,False,False,False,False,1.0,0.0
my-soothe,True,True,True,GitHub_emulator_full,False,,GitHub_Hosted,GitHub,GitHub,False,False,False,False,True,False,False,True,False,False,True,False,False,False,False,False,3.0,1.0,0.0
my-special-way-android,True,False,False,,False,,None,Travis CI,,False,False,False,False,False,False,False,False,False,False,False,False,False,False,False,False,False,1.0,0.0
my_pos_android,False,False,False,,False,,None,Travis CI,,False,False,False,False,False,False,False,False,False,False,False,False,False,False,False,False,False,1.0,0.0
myanimeviewer,True,True,False,,True,Travis CI_emulator_manual,Manual_ThirdParty,Travis CI,Travis CI,False,False,False,False,False,False,False,False,False,False,False,False,False,False,False,False,False,1.0,0.0
myapplication,False,False,False,,False,,None,Travis CI,,False,False,False,False,False,False,False,False,False,False,False,False,False,False,False,False,False,1.0,0.0
mygithubuser,True,False,False,,False,,None,GitHub,,False,False,False,False,False,False,False,False,False,False,False,False,False,False,False,False,False,1.0,0.0
myhackerspace,True,False,False,,False,,None,CircleCI,,False,False,False,False,False,False,False,False,False,False,False,False,False,False,False,False,False,1.0,0.0
mylocation,True,False,False,,False,,None,CircleCI,,False,False,False,False,False,False,False,False,False,False,False,False,False,False,False,False,False,1.0,0.0
myluaapp,True,False,False,,False,,None,GitHub,,False,False,False,False,False,False,False,False,False,False,False,False,False,False,False,False,False,1.0,0.0
myntratinder,True,True,False,,True,Travis CI_emulator_manual,Manual_ThirdParty,Travis CI,Travis CI,False,False,False,False,False,False,False,False,False,False,False,False,False,False,False,False,False,1.0,0.0
mypass-app,True,False,False,,False,,None,Unknown,,False,False,False,False,False,False,False,False,False,False,False,False,False,False,False,False,False,1.0,0.0
mypesa,True,False,False,,False,,None,GitHub,,False,False,False,False,False,False,False,False,False,False,False,False,False,False,False,False,False,2.0,0.0
mypetsage,True,False,False,,False,,None,GitHub,,False,False,False,False,False,False,False,False,False,False,False,False,False,False,False,False,False,1.0,0.0
mypodcasts-android,True,False,False,,False,,None,Travis CI,,False,False,False,False,False,False,False,False,False,False,False,False,False,False,False,False,False,1.0,0.0
mysterium-vpn-mobile,True,False,False,,False,,None,GitLab CI,,False,False,False,False,False,False,False,False,False,False,False,False,False,False,False,False,False,1.0,0.0
myweatherforecast,True,True,True,GitHub_emulator_full,False,,GitHub_Hosted,GitHub,GitHub,False,False,False,False,False,False,False,False,False,False,True,False,False,False,False,False,1.0,1.0,0.0
nabung,True,False,False,,False,,None,Unknown,,False,False,False,False,False,False,False,False,False,False,False,False,False,False,False,False,False,1.0,0.0
napkin-collect-android,True,False,False,,False,,None,GitHub,,False,False,False,False,False,False,False,False,False,False,False,False,False,False,False,False,False,1.0,0.0
national-geography,False,False,False,,False,,None,Travis CI,,False,False,False,False,False,False,False,False,False,False,False,False,False,False,False,False,False,1.0,0.0
native,True,False,False,,False,,None,"CircleCI, GitHub, Travis CI, Unknown",,False,False,False,False,False,False,False,False,False,False,False,False,False,False,False,False,False,4.0,0.0
native-app,True,False,False,,False,,None,"GitHub, Travis CI",,False,False,False,False,False,False,False,False,False,False,False,False,False,False,False,False,False,3.0,0.0
nativescript-inappbrowser,True,True,False,,True,Travis CI_emulator_manual,Manual_ThirdParty,Travis CI,Travis CI,False,False,False,False,False,False,False,False,False,False,False,False,False,False,False,False,False,1.0,0.0
ncihost,True,False,False,,False,,None,GitHub,,False,False,False,False,False,False,False,False,False,False,False,False,False,False,False,False,False,1.0,0.0
ncine,True,False,False,,False,,None,GitHub,,False,False,False,False,False,False,False,False,False,False,False,False,False,False,False,False,False,6.0,0.0
ncsms-android,False,False,False,,False,,None,Travis CI,,False,False,False,False,False,False,False,False,False,False,False,False,False,False,False,False,False,1.0,0.0
ndx,True,False,False,,False,,None,GitHub,,False,False,False,False,False,False,False,False,False,False,False,False,False,False,False,False,False,1.0,0.0
nearby-live,True,False,False,,False,,None,Travis CI,,False,False,False,False,False,False,False,False,False,False,False,False,False,False,False,False,False,1.0,0.0
nearbychat,False,False,False,,False,,None,Travis CI,,False,False,False,False,False,False,False,False,False,False,False,False,False,False,False,False,False,1.0,0.0
neko,True,False,False,,False,,None,GitHub,,False,False,False,False,False,False,False,False,False,False,False,False,False,False,False,False,False,4.0,0.0
nekome,True,False,False,,False,,None,GitHub,,False,False,False,False,False,False,False,False,False,False,False,False,False,False,False,False,False,2.0,0.0
nekox,True,False,False,,False,,None,GitHub,,False,False,False,False,False,False,False,False,False,False,False,False,False,False,False,False,False,2.0,0.0
neoterm,True,False,False,,False,,None,GitHub,,False,False,False,False,False,False,False,False,False,False,False,False,False,False,False,False,False,1.0,0.0
nepaltoday-app-old,True,True,True,GitHub_emulator_manual,False,,"GitHub_Hosted, None",GitHub,GitHub,False,False,False,False,False,False,False,False,False,False,False,False,False,False,False,False,False,3.0,0.0
nes-emulator,True,False,False,,False,,None,GitHub,,False,False,False,False,False,False,False,False,False,False,False,False,False,False,False,False,False,1.0,0.0
net,False,False,False,,False,,None,Travis CI,,False,False,False,False,False,False,False,False,False,False,False,False,False,False,False,False,False,1.0,0.0
netflix,True,False,False,,False,,None,GitHub,,False,False,False,False,False,False,False,False,False,False,False,False,False,False,False,False,False,1.0,0.0
networkmapper,True,True,False,,True,Travis CI_emulator_manual,Manual_ThirdParty,Travis CI,Travis CI,False,False,False,False,False,False,False,False,False,False,False,False,False,False,False,False,False,1.0,0.0
neurolab-android,False,False,False,,False,,None,Travis CI,,False,False,False,False,False,False,False,False,False,False,False,False,False,False,False,False,False,1.0,0.0
new-ultrasonic-fork-for-mymusicqoe,True,False,False,,False,,None,CircleCI,,False,False,False,False,False,False,False,False,False,False,False,False,False,False,False,False,False,1.0,0.0
newpipe,True,True,True,GitHub_emulator_full,False,,"GitHub_Hosted, None",GitHub,GitHub,False,False,True,False,False,False,False,False,False,False,False,False,False,False,True,False,2.0,3.0,0.0
news,True,False,False,,False,,None,GitHub,,False,False,False,False,False,False,False,False,False,False,False,False,False,False,False,False,False,1.0,0.0
news-android,True,False,False,,False,,None,GitHub,,False,False,False,False,False,False,False,False,False,False,False,False,False,False,False,False,False,3.0,0.0
newsapp,False,False,False,,False,,None,Travis CI,,False,False,False,False,False,False,False,False,False,False,False,False,False,False,False,False,False,1.0,0.0
newsapp-retrofit,True,True,True,"GitHub_emulator_full, GitHub_emulator_manual",False,,"GitHub_Hosted, None",GitHub,GitHub,False,False,True,False,True,False,False,False,False,False,True,False,False,False,False,False,3.0,2.0,0.0
nexd-android,True,False,False,,False,,None,GitHub,,False,False,False,False,False,False,False,False,False,False,False,False,False,False,False,False,False,3.0,0.0
nextcloud-deck,True,False,False,,False,,None,GitHub,,False,False,False,False,False,False,False,False,False,False,False,False,False,False,False,False,False,2.0,0.0
nextcloud-quicknotes-android,True,False,False,,False,,None,GitHub,,False,False,False,False,False,False,False,False,False,False,False,False,False,False,False,False,False,1.0,0.0
nextcloud-tables,True,False,False,,False,,None,GitHub,,False,False,False,False,False,False,False,False,False,False,False,False,False,False,False,False,False,2.0,0.0
nextcloudpasswords,True,False,False,,False,,None,GitHub,,False,False,False,False,False,False,False,False,False,False,False,False,False,False,False,False,False,1.0,0.0
nextcloudservices,True,False,False,,False,,None,GitHub,,False,False,False,False,False,False,False,False,False,False,False,False,False,False,False,False,False,1.0,0.0
nextinpact-unofficial,True,False,False,,False,,None,GitHub,,False,False,False,False,False,False,False,False,False,False,False,False,False,False,False,False,False,1.0,0.0
nextrot_android,True,False,False,,False,,None,GitHub,,False,False,False,False,False,False,False,False,False,False,False,False,False,False,False,False,False,1.0,0.0
nfc-explorer,False,False,False,,False,,None,Travis CI,,False,False,False,False,False,False,False,False,False,False,False,False,False,False,False,False,False,1.0,0.0
nfcgate,False,False,False,,False,,None,GitLab CI,,False,False,False,False,False,False,False,False,False,False,False,False,False,False,False,False,False,1.0,0.0
nfcreader,True,False,False,,False,,None,GitHub,,False,False,False,False,False,False,False,False,False,False,False,False,False,False,False,False,False,3.0,0.0
nfsee,True,False,False,,False,,None,GitHub,,False,False,False,False,False,False,False,False,False,False,False,False,False,False,False,False,False,2.0,0.0
nice-animals,True,False,False,,False,,None,GitHub,,False,False,False,False,False,False,False,False,False,False,False,False,False,False,False,False,False,1.0,0.0
nicevieoplayer,True,True,False,,True,Travis CI_emulator_manual,Manual_ThirdParty,Travis CI,Travis CI,False,False,False,False,False,False,False,False,False,False,False,False,False,False,False,False,False,1.0,0.0
nightlight,False,False,False,,False,,None,Travis CI,,False,False,False,False,False,False,False,False,False,False,False,False,False,False,False,False,False,1.0,0.0
ning,False,False,False,,False,,None,GitLab CI,,False,False,False,False,False,False,False,False,False,False,False,False,False,False,False,False,False,1.0,0.0
nitmgpt,True,False,False,,False,,None,GitHub,,False,False,False,False,False,False,False,False,False,False,False,False,False,False,False,False,False,2.0,0.0
nitroshare-android,False,False,False,,False,,None,Travis CI,,False,False,False,False,False,False,False,False,False,False,False,False,False,False,False,False,False,1.0,0.0
nkit-launcher,True,False,False,,False,,None,GitHub,,False,False,False,False,False,False,False,False,False,False,False,False,False,False,False,False,False,2.0,0.0
nlweer,True,False,False,,False,,None,GitHub,,False,False,False,False,False,False,False,False,False,False,False,False,False,False,False,False,False,1.0,0.0
nmedia,False,False,False,,False,,None,GitHub,,False,False,False,False,False,False,False,False,False,False,False,False,False,False,False,False,False,1.0,0.0
noefinderlein,False,False,False,,False,,None,Travis CI,,False,False,False,False,False,False,False,False,False,False,False,False,False,False,False,False,False,1.0,0.0
noefinderlein_flutter,True,False,False,,False,,None,GitHub,,False,False,False,False,False,False,False,False,False,False,False,False,False,False,False,False,False,8.0,0.0
nofbeventscraper,True,False,False,,False,,None,GitHub,,False,False,False,False,False,False,False,False,False,False,False,False,False,False,False,False,False,2.0,0.0
noisecapture,True,False,False,,False,,None,GitHub,,False,False,False,False,False,False,False,False,False,False,False,False,False,False,False,False,False,1.0,0.0
noisepercolator,True,True,False,,True,Travis CI_emulator_manual,Manual_ThirdParty,Travis CI,Travis CI,False,False,False,False,False,False,False,False,False,False,False,False,False,False,False,False,False,1.0,0.0
nominatimgeocoderbackend,False,False,False,,False,,None,Travis CI,,False,False,False,False,False,False,False,False,False,False,False,False,False,False,False,False,False,1.0,0.0
nonocross,True,False,False,,False,,None,GitHub,,False,False,False,False,False,False,False,False,False,False,False,False,False,False,False,False,False,1.0,0.0
noodle,True,False,False,,False,,None,Travis CI,,False,False,False,False,False,False,False,False,False,False,False,False,False,False,False,False,False,1.0,0.0
norimaki,True,False,False,,False,,None,CircleCI,,False,False,False,False,False,False,False,False,False,False,False,False,False,False,False,False,False,1.0,0.0
nospy,False,False,False,,False,,None,Travis CI,,False,False,False,False,False,False,False,False,False,False,False,False,False,False,False,False,False,1.0,0.0
nostros,True,False,False,,False,,None,GitHub,,False,False,False,False,False,False,False,False,False,False,False,False,False,False,False,False,False,4.0,0.0
note-me,True,False,False,,False,,None,GitHub,,False,False,False,False,False,False,False,False,False,False,False,False,False,False,False,False,False,1.0,0.0
notely,True,False,False,,False,,None,GitHub,,False,False,False,False,False,False,False,False,False,False,False,False,False,False,False,False,False,1.0,0.0
notepad,True,True,True,"GitHub_emulator_full, GitHub_emulator_manual",False,,"GitHub_Hosted, None",GitHub,GitHub,False,False,False,False,True,False,True,False,True,False,True,False,True,False,True,False,6.0,4.0,0.0
notes,True,True,True,GitHub_emulator_full,False,,"GitHub_Hosted, None",GitHub,GitHub,False,False,False,False,False,False,False,False,False,False,True,False,False,False,False,False,1.0,5.0,0.0
notes-android,True,False,False,,False,,None,GitHub,,False,False,False,False,False,False,False,False,False,False,False,False,False,False,False,False,False,10.0,0.0
notesnook,True,False,False,,False,,None,GitHub,,False,False,False,False,False,False,False,False,False,False,False,False,False,False,False,False,False,11.0,0.0
notesx,False,False,False,,False,,None,GitHub,,False,False,False,False,False,False,False,False,False,False,False,False,False,False,False,False,False,1.0,0.0
nothing,True,False,False,,False,,None,GitHub,,False,False,False,False,False,False,False,False,False,False,False,False,False,False,False,False,False,1.0,0.0
noticap,False,False,False,,False,,None,Travis CI,,False,False,False,False,False,False,False,False,False,False,False,False,False,False,False,False,False,1.0,0.0
notifer,True,False,False,,False,,None,GitHub,,False,False,False,False,False,False,False,False,False,False,False,False,False,False,False,False,False,1.0,0.0
notification-notes,True,False,False,,False,,None,GitHub,,False,False,False,False,False,False,False,False,False,False,False,False,False,False,False,False,False,2.0,0.0
notifier,True,False,False,,False,,None,GitHub,,False,False,False,False,False,False,False,False,False,False,False,False,False,False,False,False,False,1.0,0.0
notify-abroad,True,False,False,,False,,None,GitHub,,False,False,False,False,False,False,False,False,False,False,False,False,False,False,False,False,False,1.0,0.0
notinotes,True,False,False,,False,,None,GitHub,,False,False,False,False,False,False,False,False,False,False,False,False,False,False,False,False,False,1.0,0.0
notipush,True,False,False,,False,,None,CircleCI,,False,False,False,False,False,False,False,False,False,False,False,False,False,False,False,False,False,1.0,0.0
notre-dame,True,False,False,,False,,None,GitHub,,False,False,False,False,False,False,False,False,False,False,False,False,False,False,False,False,False,3.0,0.0
notre-dame-v3,True,True,False,,True,Travis CI_emulator_manual,Manual_ThirdParty,Travis CI,Travis CI,False,False,False,False,False,False,False,False,False,False,False,False,False,False,False,False,False,1.0,0.0
notykt,True,False,False,,False,,None,GitHub,,False,False,False,False,False,False,False,False,False,False,False,False,False,False,False,False,False,3.0,0.0
now-u-app,True,False,False,,False,,None,GitHub,,False,False,False,False,False,False,False,False,False,False,False,False,False,False,False,False,False,4.0,0.0
ns-usbloader-mobile,True,False,False,,False,,None,GitHub,,False,False,False,False,False,False,False,False,False,False,False,False,False,False,False,False,False,1.0,0.0
ntravel-app,True,False,False,,False,,None,GitHub,,False,False,False,False,False,False,False,False,False,False,False,False,False,False,False,False,False,2.0,0.0
numberprogressbar,False,False,False,,False,,None,Travis CI,,False,False,False,False,False,False,False,False,False,False,False,False,False,False,False,False,False,1.0,0.0
numberslidingpicker,False,False,False,,False,,None,Travis CI,,False,False,False,False,False,False,False,False,False,False,False,False,False,False,False,False,False,1.0,0.0
nuntius-android,False,False,False,,False,,None,Travis CI,,False,False,False,False,False,False,False,False,False,False,False,False,False,False,False,False,False,1.0,0.0
nusic,True,False,False,,False,,None,Travis CI,,False,False,False,False,False,False,False,False,False,False,False,False,False,False,False,False,False,1.0,0.0
nutrifit,True,False,False,,False,,None,GitHub,,False,False,False,False,False,False,False,False,False,False,False,False,False,False,False,False,False,3.0,0.0
nuwm-frontend,True,False,False,,False,,None,Travis CI,,False,False,False,False,False,False,False,False,False,False,False,False,False,False,False,False,False,1.0,0.0
nwipe-android,True,False,False,,False,,None,GitHub,,False,False,False,False,False,False,False,False,False,False,False,False,False,False,False,False,False,1.0,0.0
ny-times-popular-articles,True,True,True,"GitHub_emulator_full, GitHub_emulator_manual",False,,"GitHub_Hosted, None",GitHub,GitHub,False,False,False,False,False,False,False,False,False,False,True,False,False,False,False,False,1.0,3.0,0.0
nyaapantsu-android-app,False,False,False,,False,,None,Travis CI,,False,False,False,False,False,False,False,False,False,False,False,False,False,False,False,False,False,1.0,0.0
nyandroid,False,False,False,,False,,None,Travis CI,,False,False,False,False,False,False,False,False,False,False,False,False,False,False,False,False,False,1.0,0.0
o-fish-android,True,False,False,,False,,None,GitHub,,False,False,False,False,False,False,False,False,False,False,False,False,False,False,False,False,False,1.0,0.0
oandbackup,True,False,False,,False,,None,"GitLab CI, Travis CI",,False,False,False,False,False,False,False,False,False,False,False,False,False,False,False,False,False,2.0,0.0
obdgraphs,True,True,True,GitHub_emulator_full,False,,GitHub_Hosted,GitHub,GitHub,False,False,False,False,False,False,False,False,False,False,True,False,False,False,False,False,1.0,1.0,0.0
objectbox-performance,True,False,False,,False,,None,GitHub,,False,False,False,False,False,False,False,False,False,False,False,False,False,False,False,False,False,1.0,0.0
oblique,False,False,False,,False,,None,Travis CI,,False,False,False,False,False,False,False,False,False,False,False,False,False,False,False,False,False,1.0,0.0
obscuracam,False,False,False,,False,,None,Travis CI,,False,False,False,False,False,False,False,False,False,False,False,False,False,False,False,False,False,1.0,0.0
obsqr,False,False,False,,False,,None,Travis CI,,False,False,False,False,False,False,False,False,False,False,False,False,False,False,False,False,False,1.0,0.0
ocelot,True,False,False,,False,,None,GitHub,,False,False,False,False,False,False,False,False,False,False,False,False,False,False,False,False,False,1.0,0.0
ocnus,True,False,False,,False,,None,Travis CI,,False,False,False,False,False,False,False,False,False,False,False,False,False,False,False,False,False,1.0,0.0
ocquarium,False,False,False,,False,,None,Travis CI,,False,False,False,False,False,False,False,False,False,False,False,False,False,False,False,False,False,1.0,0.0
ocrliteandroidncnn,True,False,False,,False,,None,GitHub,,False,False,False,False,False,False,False,False,False,False,False,False,False,False,False,False,False,1.0,0.0
octi,True,False,False,,False,,None,GitHub,,False,False,False,False,False,False,False,False,False,False,False,False,False,False,False,False,False,3.0,0.0
octo4a,True,False,False,,False,,None,GitHub,,False,False,False,False,False,False,False,False,False,False,False,False,False,False,False,False,False,1.0,0.0
odysee-android,True,False,False,,False,,None,"GitHub, GitLab CI",,False,False,False,False,False,False,False,False,False,False,False,False,False,False,False,False,False,2.0,0.0
oeis-android,True,False,False,,False,,None,GitHub,,False,False,False,False,False,False,False,False,False,False,False,False,False,False,False,False,False,3.0,0.0
office-assistant-legacy,True,False,False,,False,,None,Travis CI,,False,False,False,False,False,False,False,False,False,False,False,False,False,False,False,False,False,1.0,0.0
offlinecookbook,True,False,False,,False,,None,GitHub,,False,False,False,False,False,False,False,False,False,False,False,False,False,False,False,False,False,2.0,0.0
oiapp,True,False,False,,False,,None,CircleCI,,False,False,False,False,False,False,False,False,False,False,False,False,False,False,False,False,False,1.0,0.0
omni-notes,True,True,True,GitHub_emulator_full,False,,"GitHub_Hosted, None",GitHub,GitHub,False,False,False,False,False,False,False,False,False,False,False,True,False,False,False,False,1.0,2.0,0.0
omrecorder,False,False,False,,False,,None,Travis CI,,False,False,False,False,False,False,False,False,False,False,False,False,False,False,False,False,False,1.0,0.0
one_second_diary,True,False,False,,False,,None,GitHub,,False,False,False,False,False,False,False,False,False,False,False,False,False,False,False,False,False,1.0,0.0
onebusaway-android,True,True,True,"GitHub_emulator_full, GitHub_emulator_manual",False,,GitHub_Hosted,GitHub,GitHub,False,False,False,False,False,True,False,False,False,False,True,False,False,False,False,False,2.0,1.0,0.0
onedrawable,True,True,False,,True,Travis CI_emulator_manual,Manual_ThirdParty,Travis CI,Travis CI,False,False,False,False,False,False,False,False,False,False,False,False,False,False,False,False,False,1.0,0.0
onehotminute-compose,True,True,True,GitHub_emulator_full,False,,GitHub_Hosted,GitHub,GitHub,False,False,False,False,True,False,False,True,False,False,True,False,False,False,False,False,3.0,1.0,0.0
onesentence,True,False,False,,False,,None,GitHub,,False,False,False,False,False,False,False,False,False,False,False,False,False,False,False,False,False,1.0,0.0
onliner,True,False,False,,False,,None,Travis CI,,False,False,False,False,False,False,False,False,False,False,False,False,False,False,False,False,False,1.0,0.0
onscripteryuri,True,False,False,,False,,None,GitHub,,False,False,False,False,False,False,False,False,False,False,False,False,False,False,False,False,False,5.0,0.0
open-fcu,True,False,False,,False,,None,GitHub,,False,False,False,False,False,False,False,False,False,False,False,False,False,False,False,False,False,3.0,0.0
open-keychain,True,True,True,GitHub_emulator_compact,False,,"GitHub_Hosted, None",GitHub,GitHub,False,False,False,False,False,False,False,False,False,True,False,False,False,False,False,False,1.0,3.0,0.0
open-source-android-weather-app,False,False,False,,False,,None,Travis CI,,False,False,False,False,False,False,False,False,False,False,False,False,False,False,False,False,False,1.0,0.0
open2share,True,False,False,,False,,None,GitHub,,False,False,False,False,False,False,False,False,False,False,False,False,False,False,False,False,False,1.0,0.0
open_edisu,True,False,False,,False,,None,GitHub,,False,False,False,False,False,False,False,False,False,False,False,False,False,False,False,False,False,1.0,0.0
openair-android,True,False,False,,False,,None,GitHub,,False,False,False,False,False,False,False,False,False,False,False,False,False,False,False,False,False,1.0,0.0
openbikesharing,True,False,False,,False,,None,Travis CI,,False,False,False,False,False,False,False,False,False,False,False,False,False,False,False,False,False,1.0,0.0
openblocks-app,True,False,False,,False,,None,GitHub,,False,False,False,False,False,False,False,False,False,False,False,False,False,False,False,False,False,1.0,0.0
opencamera-sensors,True,False,False,,False,,None,GitHub,,False,False,False,False,False,False,False,False,False,False,False,False,False,False,False,False,False,3.0,0.0
openchord,False,False,False,,False,,None,Travis CI,,False,False,False,False,False,False,False,False,False,False,False,False,False,False,False,False,False,1.0,0.0
opencomicvine,True,False,False,,False,,None,GitHub,,False,False,False,False,False,False,False,False,False,False,False,False,False,False,False,False,False,1.0,0.0
opencookieclicker,True,False,False,,False,,None,GitHub,,False,False,False,False,False,False,False,False,False,False,False,False,False,False,False,False,False,1.0,0.0
opencord,True,False,False,,False,,None,GitHub,,False,False,False,False,False,False,False,False,False,False,False,False,False,False,False,False,False,2.0,0.0
opendocument,True,True,True,"GitHub_emulator_full, GitHub_emulator_manual",False,,GitHub_Hosted,GitHub,GitHub,False,True,True,False,False,False,False,False,False,False,True,False,False,False,False,False,3.0,1.0,0.0
openfe-android,True,False,False,,False,,None,GitHub,,False,False,False,False,False,False,False,False,False,False,False,False,False,False,False,False,False,1.0,0.0
opengapps_downloader,False,False,False,,False,,None,Travis CI,,False,False,False,False,False,False,False,False,False,False,False,False,False,False,False,False,False,1.0,0.0
openhab-android,True,False,False,,False,,None,GitHub,,False,False,False,False,False,False,False,False,False,False,False,False,False,False,False,False,False,5.0,0.0
openinwa,True,True,False,,True,Travis CI_emulator_manual,"Manual_ThirdParty, None","GitHub, GitLab CI, Travis CI",Travis CI,False,False,False,False,False,False,False,False,False,False,False,False,False,False,False,False,False,3.0,0.0
openmapkitandroid,True,True,False,,True,Travis CI_emulator_manual,Manual_ThirdParty,Travis CI,Travis CI,False,False,False,False,False,False,False,False,False,False,False,False,False,False,False,False,False,1.0,0.0
openmsupply-client,True,False,False,,False,,None,GitHub,,False,False,False,False,False,False,False,False,False,False,False,False,False,False,False,False,False,1.0,0.0
opennotescanner,True,False,False,,False,,None,"GitHub, GitLab CI, Travis CI",,False,False,False,False,False,False,False,False,False,False,False,False,False,False,False,False,False,4.0,0.0
openreads-android,True,False,False,,False,,None,GitHub,,False,False,False,False,False,False,False,False,False,False,False,False,False,False,False,False,False,1.0,0.0
openredmine,False,False,False,,False,,None,Travis CI,,False,False,False,False,False,False,False,False,False,False,False,False,False,False,False,False,False,1.0,0.0
openscale,True,False,False,,False,,None,GitHub,,False,False,False,False,False,False,False,False,False,False,False,False,False,False,False,False,False,1.0,0.0
opensesame,True,False,False,,False,,None,GitHub,,False,False,False,False,False,False,False,False,False,False,False,False,False,False,False,False,False,1.0,0.0
openstop,True,False,False,,False,,None,GitHub,,False,False,False,False,False,False,False,False,False,False,False,False,False,False,False,False,False,4.0,0.0
opentasks,True,True,False,,True,Travis CI_emulator_manual,Manual_ThirdParty,Travis CI,Travis CI,False,False,False,False,False,False,False,False,False,False,False,False,False,False,False,False,False,1.0,0.0
openticator,True,False,False,,False,,None,Travis CI,,False,False,False,False,False,False,False,False,False,False,False,False,False,False,False,False,False,1.0,0.0
opentopomapviewer,True,False,False,,False,,None,Travis CI,,False,False,False,False,False,False,False,False,False,False,False,False,False,False,False,False,False,1.0,0.0
opentracks,True,True,True,GitHub_emulator_full,False,,"GitHub_Hosted, None",GitHub,GitHub,False,False,False,False,False,False,False,False,False,False,False,False,False,False,False,False,False,2.0,0.0
opentraining,True,True,False,,True,Travis CI_emulator_manual,Manual_ThirdParty,Travis CI,Travis CI,False,False,False,False,False,False,False,False,False,False,False,False,False,False,False,False,False,1.0,0.0
openworkout,True,False,False,,False,,None,GitHub,,False,False,False,False,False,False,False,False,False,False,False,False,False,False,False,False,False,1.0,0.0
opmt,True,False,False,,False,,None,GitHub,,False,False,False,False,False,False,False,False,False,False,False,False,False,False,False,False,False,1.0,0.0
organicmaps,True,True,False,,True,Firebase_Full,"None, ThirdParty_Service",GitHub,GitHub,False,False,False,False,False,False,False,False,False,False,False,False,False,False,False,False,False,15.0,0.0
orgro,True,False,False,,False,,None,GitHub,,False,False,False,False,False,False,False,False,False,False,False,False,False,False,False,False,False,1.0,0.0
orgzly-android,False,False,False,,False,,None,GitHub,,False,False,False,False,False,False,False,False,False,False,False,False,False,False,False,False,False,1.0,0.0
oring_reminder,True,False,False,,False,,None,GitHub,,False,False,False,False,False,False,False,False,False,False,False,False,False,False,False,False,False,1.0,0.0
orion-viewer,False,False,False,,False,,None,GitHub,,False,False,False,False,False,False,False,False,False,False,False,False,False,False,False,False,False,1.0,0.0
osmand,True,False,False,,False,,None,GitHub,,False,False,False,False,False,False,False,False,False,False,False,False,False,False,False,False,False,3.0,0.0
osmdashboard,True,False,False,,False,,None,GitHub,,False,False,False,False,False,False,False,False,False,False,False,False,False,False,False,False,False,2.0,0.0
osmeditor4android,True,False,False,,False,,None,GitHub,,False,False,False,False,False,False,False,False,False,False,False,False,False,False,False,False,False,2.0,0.0
osmin,True,False,False,,False,,None,GitHub,,False,False,False,False,False,False,False,False,False,False,False,False,False,False,False,False,False,3.0,0.0
osrm-text-instructions,True,False,False,,False,,None,CircleCI,,False,False,False,False,False,False,False,False,False,False,False,False,False,False,False,False,False,1.0,0.0
osu-droid,True,False,False,,False,,None,GitHub,,False,False,False,False,False,False,False,False,False,False,False,False,False,False,False,False,False,2.0,0.0
osu-lab,True,False,False,,False,,None,Travis CI,,False,False,False,False,False,False,False,False,False,False,False,False,False,False,False,False,False,1.0,0.0
otl-app,True,True,True,GitHub_emulator_full,False,,"GitHub_Hosted, None",GitHub,GitHub,False,False,False,False,False,False,False,False,False,True,False,False,False,False,False,False,1.0,6.0,0.0
otpview,False,False,False,,False,,None,Travis CI,,False,False,False,False,False,False,False,False,False,False,False,False,False,False,False,False,False,1.0,0.0
otter,True,False,False,,False,,None,GitHub,,False,False,False,False,False,False,False,False,False,False,False,False,False,False,False,False,False,2.0,0.0
ottodiyapp,True,False,False,,False,,None,CircleCI,,False,False,False,False,False,False,False,False,False,False,False,False,False,False,False,False,False,1.0,0.0
ouilookup,True,False,False,,False,,None,GitHub,,False,False,False,False,False,False,False,False,False,False,False,False,False,False,False,False,False,2.0,0.0
oxygen-updater,True,False,False,,False,,None,GitHub,,False,False,False,False,False,False,False,False,False,False,False,False,False,False,False,False,False,1.0,0.0
packagemanager,True,False,False,,False,,None,GitHub,,False,False,False,False,False,False,False,False,False,False,False,False,False,False,False,False,False,1.0,0.0
packlist,True,False,False,,False,,None,Travis CI,,False,False,False,False,False,False,False,False,False,False,False,False,False,False,False,False,False,1.0,0.0
packman,False,False,False,,False,,None,GitHub,,False,False,False,False,False,False,False,False,False,False,False,False,False,False,False,False,False,2.0,0.0
padumper,True,False,False,,False,,None,GitHub,,False,False,False,False,False,False,False,False,False,False,False,False,False,False,False,False,False,1.0,0.0
pageindicator,False,False,False,,False,,None,Travis CI,,False,False,False,False,False,False,False,False,False,False,False,False,False,False,False,False,False,1.0,0.0
paintroid,True,False,False,,False,,None,GitHub,,False,False,False,False,False,False,False,False,False,False,False,False,False,False,False,False,False,2.0,0.0
paisa,False,False,False,,False,,None,GitHub,,False,False,False,False,False,False,False,False,False,False,False,False,False,False,False,False,False,1.0,0.0
paladins-edge-client,True,False,False,,False,,None,GitHub,,False,False,False,False,False,False,False,False,False,False,False,False,False,False,False,False,False,3.0,0.0
palette-compose,True,True,True,GitHub_emulator_full,False,,"GitHub_Hosted, None",GitHub,GitHub,False,False,False,False,False,False,False,False,False,False,False,False,False,False,False,False,False,2.0,0.0
pandemia,True,False,False,,False,,None,GitHub,,False,False,False,False,False,False,False,False,False,False,False,False,False,False,False,False,False,1.0,0.0
pandroid,True,False,False,,False,,None,GitHub,,False,False,False,False,False,False,False,False,False,False,False,False,False,False,False,False,False,2.0,0.0
pangea,True,False,False,,False,,None,GitHub,,False,False,False,False,False,False,False,False,False,False,False,False,False,False,False,False,False,1.0,0.0
paper,True,True,False,,True,Travis CI_emulator_manual,Manual_ThirdParty,Travis CI,Travis CI,False,False,False,False,False,False,False,False,False,False,False,False,False,False,False,False,False,1.0,0.0
paperlaunch,True,False,False,,False,,None,GitHub,,False,False,False,False,False,False,False,False,False,False,False,False,False,False,False,False,False,1.0,0.0
paperless-mobile,True,False,False,,False,,None,GitHub,,False,False,False,False,False,False,False,False,False,False,False,False,False,False,False,False,False,4.0,0.0
paperless_app,True,False,False,,False,,None,GitHub,,False,False,False,False,False,False,False,False,False,False,False,False,False,False,False,False,False,5.0,0.0
parabox,True,False,False,,False,,None,GitHub,,False,False,False,False,False,False,False,False,False,False,False,False,False,False,False,False,False,1.0,0.0
parallaxscrollingview,False,False,False,,False,,None,Travis CI,,False,False,False,False,False,False,False,False,False,False,False,False,False,False,False,False,False,1.0,0.0
parandroid,False,False,False,,False,,None,"Travis CI, Unknown",,False,False,False,False,False,False,False,False,False,False,False,False,False,False,False,False,False,2.0,0.0
parceler,False,False,False,,False,,None,Travis CI,,False,False,False,False,False,False,False,False,False,False,False,False,False,False,False,False,False,1.0,0.0
paristransporttraffic,True,False,False,,False,,None,GitHub,,False,False,False,False,False,False,False,False,False,False,False,False,False,False,False,False,False,1.0,0.0
partyq-android,True,False,False,,False,,None,CircleCI,,False,False,False,False,False,False,False,False,False,False,False,False,False,False,False,False,False,1.0,0.0
passport-reader,True,False,False,,False,,None,GitHub,,False,False,False,False,False,False,False,False,False,False,False,False,False,False,False,False,False,2.0,0.0
passshout,True,False,False,,False,,None,GitHub,,False,False,False,False,False,False,False,False,False,False,False,False,False,False,False,False,False,1.0,0.0
passwd,True,False,False,,False,,None,GitHub,,False,False,False,False,False,False,False,False,False,False,False,False,False,False,False,False,False,1.0,0.0
patco-today,True,False,False,,False,,None,GitHub,,False,False,False,False,False,False,False,False,False,False,False,False,False,False,False,False,False,1.0,0.0
pdd-flow,True,True,False,,True,Travis CI_emulator_manual,Manual_ThirdParty,Travis CI,Travis CI,False,False,False,False,False,False,False,False,False,False,False,False,False,False,False,False,False,1.0,0.0
pdfviewer,True,False,False,,False,,None,"GitHub, Travis CI",,False,False,False,False,False,False,False,False,False,False,False,False,False,False,False,False,False,3.0,0.0
pedometer,False,False,False,,False,,None,Travis CI,,False,False,False,False,False,False,False,False,False,False,False,False,False,False,False,False,False,1.0,0.0
peekabook-aos,True,False,False,,False,,None,GitHub,,False,False,False,False,False,False,False,False,False,False,False,False,False,False,False,False,False,1.0,0.0
peepz,True,False,False,,False,,None,"CircleCI, GitHub",,False,False,False,False,False,False,False,False,False,False,False,False,False,False,False,False,False,2.0,0.0
peercoin_flutter,True,True,True,GitHub_emulator_full,False,,"GitHub_Hosted, None",GitHub,GitHub,False,False,False,False,False,False,False,False,False,False,True,True,True,False,False,False,3.0,2.0,0.0
peertube-android,True,False,False,,False,,None,"GitHub, GitLab CI",,False,False,False,False,False,False,False,False,False,False,False,False,False,False,False,False,False,2.0,0.0
pendu,True,False,False,,False,,None,GitHub,,False,False,False,False,False,False,False,False,False,False,False,False,False,False,False,False,False,1.0,0.0
pengchauferry,True,False,False,,False,,None,GitHub,,False,False,False,False,False,False,False,False,False,False,False,False,False,False,False,False,False,2.0,0.0
perfectus,False,False,False,,False,,None,CircleCI,,False,False,False,False,False,False,False,False,False,False,False,False,False,False,False,False,False,1.0,0.0
permission-nanny,True,False,False,,False,,None,Travis CI,,False,False,False,False,False,False,False,False,False,False,False,False,False,False,False,False,False,1.0,0.0
permission-pilot,True,False,False,,False,,None,GitHub,,False,False,False,False,False,False,False,False,False,False,False,False,False,False,False,False,False,3.0,0.0
persian-calendar,True,True,True,GitHub_emulator_full,False,,"GitHub_Hosted, None",GitHub,GitHub,False,False,False,False,False,False,False,False,False,False,True,False,False,False,False,False,1.0,5.0,0.0
perun-eth-mobile,True,False,False,,False,,None,GitHub,,False,False,False,False,False,False,False,False,False,False,False,False,False,False,False,False,False,1.0,0.0
peruvian-food-app,True,False,False,,False,,None,GitHub,,False,False,False,False,False,False,False,False,False,False,False,False,False,False,False,False,False,4.0,0.0
pet-owner-app,True,False,False,,False,,None,GitHub,,False,False,False,False,False,False,False,False,False,False,False,False,False,False,False,False,False,1.0,0.0
petals,True,False,False,,False,,None,GitHub,,False,False,False,False,False,False,False,False,False,False,False,False,False,False,False,False,False,5.0,0.0
phone-saver,False,False,False,,False,,None,Travis CI,,False,False,False,False,False,False,False,False,False,False,False,False,False,False,False,False,False,1.0,0.0
phonograph_plus,True,False,False,,False,,None,GitHub,,False,False,False,False,False,False,False,False,False,False,False,False,False,False,False,False,False,3.0,0.0
photo-sharing-android,True,True,False,,True,Travis CI_emulator_manual,"Manual_ThirdParty, None","GitHub, Travis CI",Travis CI,False,False,False,False,False,False,False,False,False,False,False,False,False,False,False,False,False,2.0,0.0
photo_club,True,False,False,,False,,None,GitHub,,False,False,False,False,False,False,False,False,False,False,False,False,False,False,False,False,False,1.0,0.0
photochat,True,True,True,GitHub_emulator_full,False,,"GitHub_Hosted, None",GitHub,GitHub,False,False,False,False,False,False,False,False,False,False,False,False,False,False,False,False,False,4.0,0.0
photok,True,False,False,,False,,None,GitHub,,False,False,False,False,False,False,False,False,False,False,False,False,False,False,False,False,False,4.0,0.0
photon,True,False,False,,False,,None,GitHub,,False,False,False,False,False,False,False,False,False,False,False,False,False,False,False,False,False,2.0,0.0
photonet,True,False,False,,False,,None,GitHub,,False,False,False,False,False,False,False,False,False,False,False,False,False,False,False,False,False,2.0,0.0
photophase,True,False,False,,False,,None,Travis CI,,False,False,False,False,False,False,False,False,False,False,False,False,False,False,False,False,False,1.0,0.0
photos,True,False,False,,False,,None,GitHub,,False,False,False,False,False,False,False,False,False,False,False,False,False,False,False,False,False,1.0,0.0
photos-app,True,False,False,,False,,None,GitHub,,False,False,False,False,False,False,False,False,False,False,False,False,False,False,False,False,False,3.0,0.0
phphub-android,False,False,False,,False,,None,Travis CI,,False,False,False,False,False,False,False,False,False,False,False,False,False,False,False,False,False,1.0,0.0
piano-tiles-clone,True,False,False,,False,,None,GitHub,,False,False,False,False,False,False,False,False,False,False,False,False,False,False,False,False,False,1.0,0.0
picardbarcodescanner,True,False,False,,False,,None,GitHub,,False,False,False,False,False,False,False,False,False,False,False,False,False,False,False,False,False,3.0,0.0
picasa-gallery-android,True,True,False,,True,Travis CI_emulator_manual,"Manual_ThirdParty, None","GitHub, Travis CI",Travis CI,False,False,False,False,False,False,False,False,False,False,False,False,False,False,False,False,False,2.0,0.0
picasso,True,False,False,,False,,None,GitHub,,False,False,False,False,False,False,False,False,False,False,False,False,False,False,False,False,False,4.0,0.0
picgo,True,False,False,,False,,None,Travis CI,,False,False,False,False,False,False,False,False,False,False,False,False,False,False,False,False,False,1.0,0.0
pict2cam,True,False,False,,False,,None,GitHub,,False,False,False,False,False,False,False,False,False,False,False,False,False,False,False,False,False,9.0,0.0
pikapika,True,False,False,,False,,None,GitHub,,False,False,False,False,False,False,False,False,False,False,False,False,False,False,False,False,False,1.0,0.0
pincredible,True,False,False,,False,,None,GitHub,,False,False,False,False,False,False,False,False,False,False,False,False,False,False,False,False,False,3.0,0.0
pindroid,True,True,False,,True,Travis CI_emulator_manual,Manual_ThirdParty,Travis CI,Travis CI,False,False,False,False,False,False,False,False,False,False,False,False,False,False,False,False,False,1.0,0.0
pinetime-companion,True,False,False,,False,,None,GitHub,,False,False,False,False,False,False,False,False,False,False,False,False,False,False,False,False,False,1.0,0.0
pingo,True,False,False,,False,,None,Travis CI,,False,False,False,False,False,False,False,False,False,False,False,False,False,False,False,False,False,1.0,0.0
piping-phone-android,True,False,False,,False,,None,CircleCI,,False,False,False,False,False,False,False,False,False,False,False,False,False,False,False,False,False,1.0,0.0
piwigo-android,True,True,False,,True,Travis CI_emulator_manual,Manual_ThirdParty,Travis CI,Travis CI,False,False,False,False,False,False,False,False,False,False,False,False,False,False,False,False,False,1.0,0.0
pixelcat,True,False,False,,False,,None,GitHub,,False,False,False,False,False,False,False,False,False,False,False,False,False,False,False,False,False,1.0,0.0
pixelgym,True,False,False,,False,,None,GitHub,,False,False,False,False,False,False,False,False,False,False,False,False,False,False,False,False,False,6.0,0.0
pixelwheels,True,False,False,,False,,None,GitHub,,False,False,False,False,False,False,False,False,False,False,False,False,False,False,False,False,False,2.0,0.0
piximagepicker,True,False,False,,False,,None,GitHub,,False,False,False,False,False,False,False,False,False,False,False,False,False,False,False,False,False,1.0,0.0
pjproject,True,False,False,,False,,None,GitHub,,False,False,False,False,False,False,False,False,False,False,False,False,False,False,False,False,False,7.0,0.0
planningpoker,True,False,False,,False,,None,"GitLab CI, Travis CI",,False,False,False,False,False,False,False,False,False,False,False,False,False,False,False,False,False,2.0,0.0
plantmanager,True,False,False,,False,,None,GitHub,,False,False,False,False,False,False,False,False,False,False,False,False,False,False,False,False,False,5.0,0.0
plasma,True,False,False,,False,,None,GitHub,,False,False,False,False,False,False,False,False,False,False,False,False,False,False,False,False,False,2.0,0.0
plasma-donor-app,True,False,False,,False,,None,GitHub,,False,False,False,False,False,False,False,False,False,False,False,False,False,False,False,False,False,1.0,0.0
playcode,True,False,False,,False,,None,GitHub,,False,False,False,False,False,False,False,False,False,False,False,False,False,False,False,False,False,1.0,0.0
player,True,False,False,,False,,None,GitHub,,False,False,False,False,False,False,False,False,False,False,False,False,False,False,False,False,False,3.0,0.0
playword,False,False,False,,False,,None,Travis CI,,False,False,False,False,False,False,False,False,False,False,False,False,False,False,False,False,False,1.0,0.0
podplayer,True,False,False,,False,,None,"GitHub, Travis CI",,False,False,False,False,False,False,False,False,False,False,False,False,False,False,False,False,False,2.0,0.0
poet-assistant,True,False,False,,False,,None,Travis CI,,False,False,False,False,False,False,False,False,False,False,False,False,False,False,False,False,False,1.0,0.0
pogoplusle,True,False,False,,False,,None,CircleCI,,False,False,False,False,False,False,False,False,False,False,False,False,False,False,False,False,False,1.0,0.0
pokeapi-compose,False,False,False,,False,,None,GitHub,,False,False,False,False,False,False,False,False,False,False,False,False,False,False,False,False,False,1.0,0.0
pokebase,True,False,False,,False,,None,"CircleCI, Travis CI",,False,False,False,False,False,False,False,False,False,False,False,False,False,False,False,False,False,2.0,0.0
pokedex,True,False,False,,False,,None,GitHub,,False,False,False,False,False,False,False,False,False,False,False,False,False,False,False,False,False,8.0,0.0
pokedex-android,True,False,False,,False,,None,GitHub,,False,False,False,False,False,False,False,False,False,False,False,False,False,False,False,False,False,1.0,0.0
pokemar,True,False,False,,False,,None,GitHub,,False,False,False,False,False,False,False,False,False,False,False,False,False,False,False,False,False,1.0,0.0
pola-android,True,False,False,,False,,None,GitHub,,False,False,False,False,False,False,False,False,False,False,False,False,False,False,False,False,False,2.0,0.0
polaris-android,True,False,False,,False,,None,GitHub,,False,False,False,False,False,False,False,False,False,False,False,False,False,False,False,False,False,3.0,0.0
pomodoro,True,False,False,,False,,None,GitHub,,False,False,False,False,False,False,False,False,False,False,False,False,False,False,False,False,False,1.0,0.0
pomodoro-timer,True,False,False,,False,,None,GitHub,,False,False,False,False,False,False,False,False,False,False,False,False,False,False,False,False,False,2.0,0.0
popcorn2,True,False,False,,False,,None,CircleCI,,False,False,False,False,False,False,False,False,False,False,False,False,False,False,False,False,False,1.0,0.0
popular-movies,False,False,False,,False,,None,Travis CI,,False,False,False,False,False,False,False,False,False,False,False,False,False,False,False,False,False,1.0,0.0
popular-movies-android-nanodegree,True,False,False,,False,,None,GitHub,,False,False,False,False,False,False,False,False,False,False,False,False,False,False,False,False,False,1.0,0.0
popular-movies-app,True,True,False,,True,"CircleCI_emulator_manual, Travis CI_emulator_manual",Manual_ThirdParty,"CircleCI, Travis CI","CircleCI, Travis CI",False,False,False,False,False,False,False,False,False,False,False,False,False,False,False,False,False,2.0,0.0
popularmovies,False,False,False,,False,,None,Travis CI,,False,False,False,False,False,False,False,False,False,False,False,False,False,False,False,False,False,1.0,0.0
portfolio,True,False,False,,False,,None,GitHub,,False,False,False,False,False,False,False,False,False,False,False,False,False,False,False,False,False,1.0,0.0
postcode,True,False,False,,False,,None,CircleCI,,False,False,False,False,False,False,False,False,False,False,False,False,False,False,False,False,False,1.0,0.0
powerbutton,True,False,False,,False,,None,"GitLab CI, Travis CI",,False,False,False,False,False,False,False,False,False,False,False,False,False,False,False,False,False,2.0,0.0
ppsspp,True,False,False,,False,,None,"GitHub, GitLab CI, Unknown",,False,False,False,False,False,False,False,False,False,False,False,False,False,False,False,False,False,6.0,0.0
pr0gramm-flutter,True,False,False,,False,,None,Unknown,,False,False,False,False,False,False,False,False,False,False,False,False,False,False,False,False,False,1.0,0.0
preferencesextension,False,False,False,,False,,None,CircleCI,,False,False,False,False,False,False,False,False,False,False,False,False,False,False,False,False,False,1.0,0.0
premiumer,False,False,False,,False,,None,Travis CI,,False,False,False,False,False,False,False,False,False,False,False,False,False,False,False,False,False,1.0,0.0
prepaidbalance,True,False,False,,False,,None,GitHub,,False,False,False,False,False,False,False,False,False,False,False,False,False,False,False,False,False,3.0,0.0
presencepublisher,True,False,False,,False,,None,GitHub,,False,False,False,False,False,False,False,False,False,False,False,False,False,False,False,False,False,1.0,0.0
presently,True,False,False,,False,,None,CircleCI,,False,False,False,False,False,False,False,False,False,False,False,False,False,False,False,False,False,1.0,0.0
pretendyourexyzzyandroid,True,False,False,,False,,None,GitHub,,False,False,False,False,False,False,False,False,False,False,False,False,False,False,False,False,False,1.0,0.0
pretixdroid,False,False,False,,False,,None,"GitLab CI, Travis CI",,False,False,False,False,False,False,False,False,False,False,False,False,False,False,False,False,False,2.0,0.0
pretixprint-android,True,False,False,,False,,None,"GitHub, GitLab CI",,False,False,False,False,False,False,False,False,False,False,False,False,False,False,False,False,False,2.0,0.0
pretixscan-android,True,False,False,,False,,None,"GitHub, GitLab CI",,False,False,False,False,False,False,False,False,False,False,False,False,False,False,False,False,False,2.0,0.0
price-per-unit,True,False,False,,False,,None,GitHub,,False,False,False,False,False,False,False,False,False,False,False,False,False,False,False,False,False,1.0,0.0
price_comparison_app,True,False,False,,False,,None,CircleCI,,False,False,False,False,False,False,False,False,False,False,False,False,False,False,False,False,False,1.0,0.0
prim-ftpd,True,False,False,,False,,None,"GitHub, Travis CI",,False,False,False,False,False,False,False,False,False,False,False,False,False,False,False,False,False,2.0,0.0
print,True,False,False,,False,,None,GitHub,,False,False,False,False,False,False,False,False,False,False,False,False,False,False,False,False,False,2.0,0.0
prismatikremote,True,False,False,,False,,None,GitHub,,False,False,False,False,False,False,False,False,False,False,False,False,False,False,False,False,False,1.0,0.0
privacy-friendly-2048,True,False,False,,False,,None,GitHub,,False,False,False,False,False,False,False,False,False,False,False,False,False,False,False,False,False,1.0,0.0
privacy-friendly-backup,True,True,True,GitHub_emulator_full,False,,"GitHub_Hosted, None",GitHub,GitHub,False,False,False,False,False,False,False,False,False,False,False,False,False,False,False,False,False,2.0,0.0
privacy-friendly-boardgame-clock,True,False,False,,False,,None,GitHub,,False,False,False,False,False,False,False,False,False,False,False,False,False,False,False,False,False,1.0,0.0
privacy-friendly-dame,True,False,False,,False,,None,GitHub,,False,False,False,False,False,False,False,False,False,False,False,False,False,False,False,False,False,1.0,0.0
privacy-friendly-dice-game,True,False,False,,False,,None,GitHub,,False,False,False,False,False,False,False,False,False,False,False,False,False,False,False,False,False,1.0,0.0
privacy-friendly-dicer,True,False,False,,False,,None,"GitHub, Travis CI",,False,False,False,False,False,False,False,False,False,False,False,False,False,False,False,False,False,2.0,0.0
privacy-friendly-finance-manager,True,False,False,,False,,None,GitHub,,False,False,False,False,False,False,False,False,False,False,False,False,False,False,False,False,False,1.0,0.0
privacy-friendly-food-tracker,True,False,False,,False,,None,GitHub,,False,False,False,False,False,False,False,False,False,False,False,False,False,False,False,False,False,1.0,0.0
privacy-friendly-interval-timer,True,False,False,,False,,None,GitHub,,False,False,False,False,False,False,False,False,False,False,False,False,False,False,False,False,False,1.0,0.0
privacy-friendly-ludo,True,False,False,,False,,None,GitHub,,False,False,False,False,False,False,False,False,False,False,False,False,False,False,False,False,False,1.0,0.0
privacy-friendly-memo-game,True,False,False,,False,,None,GitHub,,False,False,False,False,False,False,False,False,False,False,False,False,False,False,False,False,False,1.0,0.0
privacy-friendly-minesweeper,True,False,False,,False,,None,GitHub,,False,False,False,False,False,False,False,False,False,False,False,False,False,False,False,False,False,1.0,0.0
privacy-friendly-notes,True,True,True,GitHub_emulator_full,False,,"GitHub_Hosted, None",GitHub,GitHub,False,False,False,False,False,False,False,False,False,False,False,False,False,False,False,False,False,2.0,0.0
privacy-friendly-pain-diary,True,False,False,,False,,None,GitHub,,False,False,False,False,False,False,False,False,False,False,False,False,False,False,False,False,False,1.0,0.0
privacy-friendly-passwordgenerator,True,False,False,,False,,None,GitHub,,False,False,False,False,False,False,False,False,False,False,False,False,False,False,False,False,False,2.0,0.0
privacy-friendly-pausing-healthily,True,False,False,,False,,None,GitHub,,False,False,False,False,False,False,False,False,False,False,False,False,False,False,False,False,False,1.0,0.0
privacy-friendly-pedometer,True,False,False,,False,,None,GitHub,,False,False,False,False,False,False,False,False,False,False,False,False,False,False,False,False,False,2.0,0.0
privacy-friendly-pin-mnemonic,True,False,False,,False,,None,GitHub,,False,False,False,False,False,False,False,False,False,False,False,False,False,False,False,False,False,1.0,0.0
privacy-friendly-qr-scanner,True,False,False,,False,,None,GitHub,,False,False,False,False,False,False,False,False,False,False,False,False,False,False,False,False,False,1.0,0.0
privacy-friendly-reckoning-skills,True,False,False,,False,,None,GitHub,,False,False,False,False,False,False,False,False,False,False,False,False,False,False,False,False,False,1.0,0.0
privacy-friendly-ruler,True,False,False,,False,,None,GitHub,,False,False,False,False,False,False,False,False,False,False,False,False,False,False,False,False,False,1.0,0.0
privacy-friendly-shopping-list,True,False,False,,False,,None,GitHub,,False,False,False,False,False,False,False,False,False,False,False,False,False,False,False,False,False,1.0,0.0
privacy-friendly-sketching,True,False,False,,False,,None,GitHub,,False,False,False,False,False,False,False,False,False,False,False,False,False,False,False,False,False,1.0,0.0
privacy-friendly-solitaire,True,False,False,,False,,None,GitHub,,False,False,False,False,False,False,False,False,False,False,False,False,False,False,False,False,False,1.0,0.0
privacy-friendly-sudoku,True,True,True,GitHub_emulator_full,False,,"GitHub_Hosted, None",GitHub,GitHub,False,False,False,False,False,False,False,False,False,False,False,False,False,False,False,False,False,2.0,0.0
privacy-friendly-tape-measure,True,False,False,,False,,None,GitHub,,False,False,False,False,False,False,False,False,False,False,False,False,False,False,False,False,False,1.0,0.0
privacy-friendly-todo-list,True,False,False,,False,,None,GitHub,,False,False,False,False,False,False,False,False,False,False,False,False,False,False,False,False,False,2.0,0.0
privacy-friendly-torchlight,True,False,False,,False,,None,GitHub,,False,False,False,False,False,False,False,False,False,False,False,False,False,False,False,False,False,1.0,0.0
probe-android,True,True,True,GitHub_emulator_full,False,,"GitHub_Hosted, None",GitHub,GitHub,False,False,False,False,False,False,False,False,False,False,True,False,False,False,False,False,1.0,4.0,0.0
proexpense,False,False,False,,False,,None,CircleCI,,False,False,False,False,False,False,False,False,False,False,False,False,False,False,False,False,False,1.0,0.0
prognoza,True,False,False,,False,,None,GitHub,,False,False,False,False,False,False,False,False,False,False,False,False,False,False,False,False,False,1.0,0.0
progressableimageview,True,False,False,,False,,None,Travis CI,,False,False,False,False,False,False,False,False,False,False,False,False,False,False,False,False,False,1.0,0.0
progressnote,True,False,False,,False,,None,GitHub,,False,False,False,False,False,False,False,False,False,False,False,False,False,False,False,False,False,2.0,0.0
project-avocado,True,False,False,,False,,None,GitHub,,False,False,False,False,False,False,False,False,False,False,False,False,False,False,False,False,False,3.0,0.0
project-raasan,True,False,False,,False,,None,GitHub,,False,False,False,False,False,False,False,False,False,False,False,False,False,False,False,False,False,1.0,0.0
projectblue,True,False,False,,False,,None,GitHub,,False,False,False,False,False,False,False,False,False,False,False,False,False,False,False,False,False,1.0,0.0
projectconf,True,True,True,GitHub_emulator_compact,False,,GitHub_Hosted,GitHub,GitHub,False,False,True,False,False,False,False,False,False,False,True,False,False,False,False,False,2.0,1.0,0.0
protect-baby-monitor,True,False,False,,False,,None,Travis CI,,False,False,False,False,False,False,False,False,False,False,False,False,False,False,False,False,False,1.0,0.0
proxerandroid,True,False,False,,False,,None,GitHub,,False,False,False,False,False,False,False,False,False,False,False,False,False,False,False,False,False,1.0,0.0
proxertv,True,False,False,,False,,None,CircleCI,,False,False,False,False,False,False,False,False,False,False,False,False,False,False,False,False,False,1.0,0.0
proximityservice,True,True,False,,True,Firebase_Full,"None, ThirdParty_Service","CircleCI, GitHub",CircleCI,False,False,False,False,False,False,False,False,False,False,False,False,False,False,False,False,False,2.0,0.0
pslab-android,True,False,False,,False,,None,GitHub,,False,False,False,False,False,False,False,False,False,False,False,False,False,False,False,False,False,2.0,0.0
psm-mobile-app,True,False,False,,False,,None,GitHub,,False,False,False,False,False,False,False,False,False,False,False,False,False,False,False,False,False,2.0,0.0
psp_emulator,True,False,False,,False,,None,"GitLab CI, Unknown",,False,False,False,False,False,False,False,False,False,False,False,False,False,False,False,False,False,2.0,0.0
ptsd-aid,True,True,False,,True,Firebase_Full,ThirdParty_Service,CircleCI,CircleCI,False,False,False,False,False,False,False,False,False,False,False,False,False,False,False,False,False,1.0,0.0
puppy-adoption-app,True,True,True,GitHub_emulator_full,False,,GitHub_Hosted,GitHub,GitHub,False,False,False,False,True,False,False,True,False,False,True,False,False,False,False,False,3.0,1.0,0.0
purduelaundry-android,True,False,False,,False,,None,Travis CI,,False,False,False,False,False,False,False,False,False,False,False,False,False,False,False,False,False,1.0,0.0
pure,True,False,False,,False,,None,GitHub,,False,False,False,False,False,False,False,False,False,False,False,False,False,False,False,False,False,1.0,0.0
pusher,True,False,False,,False,,None,CircleCI,,False,False,False,False,False,False,False,False,False,False,False,False,False,False,False,False,False,1.0,0.0
pushie,True,False,False,,False,,None,GitHub,,False,False,False,False,False,False,False,False,False,False,False,False,False,False,False,False,False,2.0,0.0
pwswatcher,True,False,False,,False,,None,GitHub,,False,False,False,False,False,False,False,False,False,False,False,False,False,False,False,False,False,1.0,0.0
pyrrha-mobile-app,True,False,False,,False,,None,GitHub,,False,False,False,False,False,False,False,False,False,False,False,False,False,False,False,False,False,3.0,0.0
qaq-android,True,False,False,,False,,None,GitHub,,False,False,False,False,False,False,False,False,False,False,False,False,False,False,False,False,False,2.0,0.0
qbitcontroller,True,False,False,,False,,None,GitHub,,False,False,False,False,False,False,False,False,False,False,False,False,False,False,False,False,False,1.0,0.0
qbittorrent-manager,True,False,False,,False,,None,GitHub,,False,False,False,False,False,False,False,False,False,False,False,False,False,False,False,False,False,2.0,0.0
qiyutkandroid,True,False,False,,False,,None,GitHub,,False,False,False,False,False,False,False,False,False,False,False,False,False,False,False,False,False,3.0,0.0
qmbform,True,False,False,,False,,None,Travis CI,,False,False,False,False,False,False,False,False,False,False,False,False,False,False,False,False,False,1.0,0.0
qpassword,False,False,False,,False,,None,Travis CI,,False,False,False,False,False,False,False,False,False,False,False,False,False,False,False,False,False,1.0,0.0
qq-exp-android,False,False,False,,False,,None,GitHub,,False,False,False,False,False,False,False,False,False,False,False,False,False,False,False,False,False,1.0,0.0
qr-generator,True,False,False,,False,,None,GitHub,,False,False,False,False,False,False,False,False,False,False,False,False,False,False,False,False,False,1.0,0.0
qscan,True,False,False,,False,,None,GitHub,,False,False,False,False,False,False,False,False,False,False,False,False,False,False,False,False,False,1.0,0.0
quack-quack-android,True,False,False,,False,,None,GitHub,,False,False,False,False,False,False,False,False,False,False,False,False,False,False,False,False,False,3.0,0.0
quake,True,False,False,,False,,None,"CircleCI, Travis CI",,False,False,False,False,False,False,False,False,False,False,False,False,False,False,False,False,False,2.0,0.0
quasseldroid-ng,True,False,False,,False,,None,GitLab CI,,False,False,False,False,False,False,False,False,False,False,False,False,False,False,False,False,False,1.0,0.0
quick-calculation,True,False,False,,False,,None,GitHub,,False,False,False,False,False,False,False,False,False,False,False,False,False,False,False,False,False,1.0,0.0
quoteiko,True,False,False,,False,,None,GitHub,,False,False,False,False,False,False,False,False,False,False,False,False,False,False,False,False,False,1.0,0.0
quotes,True,True,False,,True,Travis CI_emulator_manual,"Manual_ThirdParty, None","GitHub, Travis CI",Travis CI,False,False,False,False,False,False,False,False,False,False,False,False,False,False,False,False,False,3.0,0.0
quotesapp,True,False,False,,False,,None,GitHub,,False,False,False,False,False,False,False,False,False,False,False,False,False,False,False,False,False,1.0,0.0
quotey,True,False,False,,False,,None,GitHub,,False,False,False,False,False,False,False,False,False,False,False,False,False,False,False,False,False,1.0,0.0
quria,True,False,False,,False,,None,GitHub,,False,False,False,False,False,False,False,False,False,False,False,False,False,False,False,False,False,4.0,0.0
raag,True,False,False,,False,,None,GitHub,,False,False,False,False,False,False,False,False,False,False,False,False,False,False,False,False,False,1.0,0.0
rabbitmq-management-android,True,False,False,,False,,None,Travis CI,,False,False,False,False,False,False,False,False,False,False,False,False,False,False,False,False,False,1.0,0.0
rabbitremotecontrol,True,False,False,,False,,None,"GitHub, GitLab CI, Unknown",,False,False,False,False,False,False,False,False,False,False,False,False,False,False,False,False,False,10.0,0.0
rachma-android,True,True,False,,True,Travis CI_emulator_manual,Manual_ThirdParty,Travis CI,Travis CI,False,False,False,False,False,False,False,False,False,False,False,False,False,False,False,False,False,1.0,0.0
racoandroid,True,False,False,,False,,None,GitHub,,False,False,False,False,False,False,False,False,False,False,False,False,False,False,False,False,False,1.0,0.0
radar-covid-android,True,False,False,,False,,None,GitHub,,False,False,False,False,False,False,False,False,False,False,False,False,False,False,False,False,False,1.0,0.0
radiocontrol,True,False,False,,False,,None,"GitHub, Travis CI",,False,False,False,False,False,False,False,False,False,False,False,False,False,False,False,False,False,3.0,0.0
radiodroid,True,True,True,GitHub_emulator_compact,True,CircleCI_emulator_manual,"GitHub_Hosted, Manual_ThirdParty, None","CircleCI, GitHub","CircleCI, GitHub",True,False,True,False,False,False,False,False,True,False,True,False,False,False,False,False,4.0,4.0,0.0
radiotok,True,False,False,,False,,None,GitHub,,False,False,False,False,False,False,False,False,False,False,False,False,False,False,False,False,False,1.0,0.0
rally,True,False,False,,False,,None,GitHub,,False,False,False,False,False,False,False,False,False,False,False,False,False,False,False,False,False,1.0,0.0
random_facts_generator,True,False,False,,False,,None,GitHub,,False,False,False,False,False,False,False,False,False,False,False,False,False,False,False,False,False,1.0,0.0
randomizer,True,False,False,,False,,None,GitHub,,False,False,False,False,False,False,False,False,False,False,False,False,False,False,False,False,False,1.0,0.0
randomwordgenerator,True,True,False,,True,Travis CI_emulator_manual,Manual_ThirdParty,Travis CI,Travis CI,False,False,False,False,False,False,False,False,False,False,False,False,False,False,False,False,False,1.0,0.0
rapidocrandroidonnxcompose,True,False,False,,False,,None,GitHub,,False,False,False,False,False,False,False,False,False,False,False,False,False,False,False,False,False,1.0,0.0
rapidooo,True,False,False,,False,,None,Travis CI,,False,False,False,False,False,False,False,False,False,False,False,False,False,False,False,False,False,1.0,0.0
ratatosk,True,False,False,,False,,None,CircleCI,,False,False,False,False,False,False,False,False,False,False,False,False,False,False,False,False,False,1.0,0.0
ratingdialok,True,True,False,,True,Travis CI_emulator_manual,Manual_ThirdParty,Travis CI,Travis CI,False,False,False,False,False,False,False,False,False,False,False,False,False,False,False,False,False,1.0,0.0
raven-messenger,True,True,False,,True,Travis CI_emulator_manual,Manual_ThirdParty,Travis CI,Travis CI,False,False,False,False,False,False,False,False,False,False,False,False,False,False,False,False,False,1.0,0.0
react-native-starter-kit,True,False,False,,False,,None,GitHub,,False,False,False,False,False,False,False,False,False,False,False,False,False,False,False,False,False,1.0,0.0
reader,True,False,False,,False,,None,Travis CI,,False,False,False,False,False,False,False,False,False,False,False,False,False,False,False,False,False,1.0,0.0
readhub-android,True,False,False,,False,,None,GitHub,,False,False,False,False,False,False,False,False,False,False,False,False,False,False,False,False,False,1.0,0.0
readhub-rn,True,False,False,,False,,None,GitHub,,False,False,False,False,False,False,False,False,False,False,False,False,False,False,False,False,False,3.0,0.0
readlax,True,False,False,,False,,None,GitHub,,False,False,False,False,False,False,False,False,False,False,False,False,False,False,False,False,False,1.0,0.0
readmoretextview,False,False,False,,False,,None,Travis CI,,False,False,False,False,False,False,False,False,False,False,False,False,False,False,False,False,False,1.0,0.0
readyou,True,False,False,,False,,None,GitHub,,False,False,False,False,False,False,False,False,False,False,False,False,False,False,False,False,False,2.0,0.0
realtime-android,False,False,False,,False,,None,Travis CI,,False,False,False,False,False,False,False,False,False,False,False,False,False,False,False,False,False,1.0,0.0
rebble-sideloader,True,False,False,,False,,None,GitHub,,False,False,False,False,False,False,False,False,False,False,False,False,False,False,False,False,False,1.0,0.0
rebootmenu,True,False,False,,False,,None,GitHub,,False,False,False,False,False,False,False,False,False,False,False,False,False,False,False,False,False,1.0,0.0
reclaim,True,False,False,,False,,None,Travis CI,,False,False,False,False,False,False,False,False,False,False,False,False,False,False,False,False,False,1.0,0.0
recyclerkit,True,False,False,,False,,None,GitHub,,False,False,False,False,False,False,False,False,False,False,False,False,False,False,False,False,False,5.0,0.0
recyclerviewlisteners,True,False,False,,False,,None,"CircleCI, GitHub",,False,False,False,False,False,False,False,False,False,False,False,False,False,False,False,False,False,2.0,0.0
red-calorie,False,False,False,,False,,None,Travis CI,,False,False,False,False,False,False,False,False,False,False,False,False,False,False,False,False,False,1.0,0.0
reddit-android-appstore,True,False,False,,False,,None,Travis CI,,False,False,False,False,False,False,False,False,False,False,False,False,False,False,False,False,False,1.0,0.0
reddit-viewer,True,False,False,,False,,None,GitHub,,False,False,False,False,False,False,False,False,False,False,False,False,False,False,False,False,False,1.0,0.0
redgram-for-reddit,True,True,False,,True,Travis CI_emulator_manual,Manual_ThirdParty,Travis CI,Travis CI,False,False,False,False,False,False,False,False,False,False,False,False,False,False,False,False,False,1.0,0.0
redreader,True,False,False,,False,,None,GitHub,,False,False,False,False,False,False,False,False,False,False,False,False,False,False,False,False,False,1.0,0.0
referandumproject,True,True,False,,True,Travis CI_emulator_manual,Manual_ThirdParty,Travis CI,Travis CI,False,False,False,False,False,False,False,False,False,False,False,False,False,False,False,False,False,1.0,0.0
reference-browser,False,False,False,,False,,None,GitHub,,False,False,False,False,False,False,False,False,False,False,False,False,False,False,False,False,False,1.0,0.0
regalandroid,False,False,False,,False,,None,Travis CI,,False,False,False,False,False,False,False,False,False,False,False,False,False,False,False,False,False,1.0,0.0
regobs4,True,False,False,,False,,None,"GitHub, Unknown",,False,False,False,False,False,False,False,False,False,False,False,False,False,False,False,False,False,2.0,0.0
relaxfinger,False,False,False,,False,,None,Travis CI,,False,False,False,False,False,False,False,False,False,False,False,False,False,False,False,False,False,1.0,0.0
relay,True,False,False,,False,,None,"CircleCI, Travis CI",,False,False,False,False,False,False,False,False,False,False,False,False,False,False,False,False,False,2.0,0.0
relayapp,True,False,False,,False,,None,Unknown,,False,False,False,False,False,False,False,False,False,False,False,False,False,False,False,False,False,1.0,0.0
relaynet-gateway-android,True,True,False,,True,Firebase_Compact,"None, ThirdParty_Service",GitHub,GitHub,False,False,False,False,False,False,False,False,False,False,False,False,False,False,False,False,False,2.0,0.0
release-probe,True,True,True,GitHub_emulator_full,False,,"GitHub_Hosted, None","CircleCI, GitHub",GitHub,False,False,False,False,False,False,False,False,False,True,False,False,False,False,False,False,1.0,2.0,0.0
reminderpro,True,False,False,,False,,None,CircleCI,,False,False,False,False,False,False,False,False,False,False,False,False,False,False,False,False,False,1.0,0.0
remote_pair_pomodoro,True,False,False,,False,,None,GitHub,,False,False,False,False,False,False,False,False,False,False,False,False,False,False,False,False,False,1.0,0.0
remotedroid,True,False,False,,False,,None,Travis CI,,False,False,False,False,False,False,False,False,False,False,False,False,False,False,False,False,False,1.0,0.0
rental-calc,True,False,False,,False,,None,Travis CI,,False,False,False,False,False,False,False,False,False,False,False,False,False,False,False,False,False,1.0,0.0
repadclient,True,False,False,,False,,None,"CircleCI, GitHub",,False,False,False,False,False,False,False,False,False,False,False,False,False,False,False,False,False,2.0,0.0
repeatcard,True,False,False,,False,,None,GitHub,,False,False,False,False,False,False,False,False,False,False,False,False,False,False,False,False,False,1.0,0.0
reptar,False,False,False,,False,,None,Travis CI,,False,False,False,False,False,False,False,False,False,False,False,False,False,False,False,False,False,1.0,0.0
resync,True,False,False,,False,,None,GitHub,,False,False,False,False,False,False,False,False,False,False,False,False,False,False,False,False,False,1.0,0.0
rethink-app,True,False,False,,False,,None,GitHub,,False,False,False,False,False,False,False,False,False,False,False,False,False,False,False,False,False,3.0,0.0
retroboy,False,False,False,,False,,None,Travis CI,,False,False,False,False,False,False,False,False,False,False,False,False,False,False,False,False,False,1.0,0.0
retrofit-lite,True,True,False,,True,Travis CI_emulator_manual,"Manual_ThirdParty, None","GitHub, Travis CI",Travis CI,False,False,False,False,False,False,False,False,False,False,False,False,False,False,False,False,False,2.0,0.0
retrograde-android,False,False,False,,False,,None,Travis CI,,False,False,False,False,False,False,False,False,False,False,False,False,False,False,False,False,False,1.0,0.0
retromusicplayer,True,False,False,,False,,None,GitHub,,False,False,False,False,False,False,False,False,False,False,False,False,False,False,False,False,False,1.0,0.0
retroshare,True,False,False,,False,,None,"GitLab CI, Travis CI, Unknown",,False,False,False,False,False,False,False,False,False,False,False,False,False,False,False,False,False,3.0,0.0
rfdroid-scanparam,False,False,False,,False,,None,Travis CI,,False,False,False,False,False,False,False,False,False,False,False,False,False,False,False,False,False,1.0,0.0
rhvoice,True,False,False,,False,,None,GitHub,,False,False,False,False,False,False,False,False,False,False,False,False,False,False,False,False,False,3.0,0.0
rickandmorty,True,True,True,GitHub_emulator_full,False,,"GitHub_Hosted, None",GitHub,GitHub,False,False,False,False,False,False,False,False,False,False,True,False,False,False,False,False,1.0,6.0,0.0
ricknmortycompose,True,False,False,,False,,None,GitHub,,False,False,False,False,False,False,False,False,False,False,False,False,False,False,False,False,False,2.0,0.0
rijks-studio,False,False,False,,False,,None,GitHub,,False,False,False,False,False,False,False,False,False,False,False,False,False,False,False,False,False,3.0,0.0
ripple,True,True,False,,True,Travis CI_emulator_manual,"Manual_ThirdParty, None","GitLab CI, Travis CI",Travis CI,False,False,False,False,False,False,False,False,False,False,False,False,False,False,False,False,False,2.0,0.0
rithle,True,False,False,,False,,None,GitHub,,False,False,False,False,False,False,False,False,False,False,False,False,False,False,False,False,False,1.0,0.0
rlad,True,True,True,GitHub_emulator_full,False,,GitHub_Hosted,GitHub,GitHub,False,False,False,False,False,False,False,False,False,False,True,False,False,False,False,False,1.0,1.0,0.0
robinhood-options-mobile,True,False,False,,False,,None,GitHub,,False,False,False,False,False,False,False,False,False,False,False,False,False,False,False,False,False,2.0,0.0
roboclub-flutter,True,False,False,,False,,None,GitHub,,False,False,False,False,False,False,False,False,False,False,False,False,False,False,False,False,False,1.0,0.0
robot-recharge,True,False,False,,False,,None,GitHub,,False,False,False,False,False,False,False,False,False,False,False,False,False,False,False,False,False,1.0,0.0
robot-scouter,True,False,False,,False,,None,GitHub,,False,False,False,False,False,False,False,False,False,False,False,False,False,False,False,False,False,1.0,0.0
robotv,True,False,False,,False,,None,GitHub,,False,False,False,False,False,False,False,False,False,False,False,False,False,False,False,False,False,2.0,0.0
roc-droid,True,False,False,,False,,None,GitHub,,False,False,False,False,False,False,False,False,False,False,False,False,False,False,False,False,False,1.0,0.0
rocket,True,False,False,,False,,None,CircleCI,,False,False,False,False,False,False,False,False,False,False,False,False,False,False,False,False,False,1.0,0.0
rootlessjamesdsp,True,False,False,,False,,None,GitHub,,False,False,False,False,False,False,False,False,False,False,False,False,False,False,False,False,False,2.0,0.0
router-companion-android,True,False,False,,False,,None,"GitHub, GitLab CI",,False,False,False,False,False,False,False,False,False,False,False,False,False,False,False,False,False,3.0,0.0
router_remote2,True,False,False,,False,,None,GitHub,,False,False,False,False,False,False,False,False,False,False,False,False,False,False,False,False,False,1.0,0.0
rpicheck,True,True,False,,True,Travis CI_emulator_manual,Manual_ThirdParty,Travis CI,Travis CI,False,False,False,False,False,False,False,False,False,False,False,False,False,False,False,False,False,1.0,0.0
rpncalc,True,False,False,,False,,None,GitHub,,False,False,False,False,False,False,False,False,False,False,False,False,False,False,False,False,False,1.0,0.0
rsandroidapp,True,False,False,,False,,None,GitHub,,False,False,False,False,False,False,False,False,False,False,False,False,False,False,False,False,False,2.0,0.0
rssaid,True,False,False,,False,,None,GitHub,,False,False,False,False,False,False,False,False,False,False,False,False,False,False,False,False,False,1.0,0.0
rtchat,True,False,False,,False,,None,GitHub,,False,False,False,False,False,False,False,False,False,False,False,False,False,False,False,False,False,13.0,0.0
rugby-ranker,True,False,False,,False,,None,GitHub,,False,False,False,False,False,False,False,False,False,False,False,False,False,False,False,False,False,1.0,0.0
runbhumi,True,False,False,,False,,None,GitHub,,False,False,False,False,False,False,False,False,False,False,False,False,False,False,False,False,False,1.0,0.0
runlog-kmm,True,False,False,,False,,None,GitHub,,False,False,False,False,False,False,False,False,False,False,False,False,False,False,False,False,False,1.0,0.0
runnerup,True,False,False,,False,,None,Travis CI,,False,False,False,False,False,False,False,False,False,False,False,False,False,False,False,False,False,1.0,0.0
runstone,False,False,False,,False,,None,Travis CI,,False,False,False,False,False,False,False,False,False,False,False,False,False,False,False,False,False,1.0,0.0
ruslin-android,True,False,False,,False,,None,GitHub,,False,False,False,False,False,False,False,False,False,False,False,False,False,False,False,False,False,2.0,0.0
rust-keylock-android,False,False,False,,False,,None,Travis CI,,False,False,False,False,False,False,False,False,False,False,False,False,False,False,False,False,False,1.0,0.0
rutmath,True,False,False,,False,,None,GitHub,,False,False,False,False,False,False,False,False,False,False,False,False,False,False,False,False,False,2.0,0.0
ruumusic,True,False,False,,False,,None,GitHub,,False,False,False,False,False,False,False,False,False,False,False,False,False,False,False,False,False,1.0,0.0
rview,True,False,False,,False,,None,GitHub,,False,False,False,False,False,False,False,False,False,False,False,False,False,False,False,False,False,1.0,0.0
rxbluetooth,False,False,False,,False,,None,Travis CI,,False,False,False,False,False,False,False,False,False,False,False,False,False,False,False,False,False,1.0,0.0
rxwebview,True,False,False,,False,,None,CircleCI,,False,False,False,False,False,False,False,False,False,False,False,False,False,False,False,False,False,1.0,0.0
s-launcher,False,False,False,,False,,None,Travis CI,,False,False,False,False,False,False,False,False,False,False,False,False,False,False,False,False,False,1.0,0.0
sa-android,True,False,False,,False,,None,Travis CI,,False,False,False,False,False,False,False,False,False,False,False,False,False,False,False,False,False,1.0,0.0
safe,False,False,False,,False,,None,Travis CI,,False,False,False,False,False,False,False,False,False,False,False,False,False,False,False,False,False,1.0,0.0
safe-dot-android,True,False,False,,False,,None,GitHub,,False,False,False,False,False,False,False,False,False,False,False,False,False,False,False,False,False,1.0,0.0
safenotes,True,False,False,,False,,None,GitHub,,False,False,False,False,False,False,False,False,False,False,False,False,False,False,False,False,False,1.0,0.0
sagernet,True,False,False,,False,,None,GitHub,,False,False,False,False,False,False,False,False,False,False,False,False,False,False,False,False,False,11.0,0.0
sai,True,False,False,,False,,None,GitHub,,False,False,False,False,False,False,False,False,False,False,False,False,False,False,False,False,False,1.0,0.0
sakura-android,True,False,False,,False,,None,GitHub,,False,False,False,False,False,False,False,False,False,False,False,False,False,False,False,False,False,2.0,0.0
sallefy,True,False,False,,False,,None,GitHub,,False,False,False,False,False,False,False,False,False,False,False,False,False,False,False,False,False,1.0,0.0
samourai-wallet-android,False,False,False,,False,,None,Travis CI,,False,False,False,False,False,False,False,False,False,False,False,False,False,False,False,False,False,1.0,0.0
samremote,False,False,False,,False,,None,Travis CI,,False,False,False,False,False,False,False,False,False,False,False,False,False,False,False,False,False,1.0,0.0
sanmill,True,False,False,,False,,None,GitHub,,False,False,False,False,False,False,False,False,False,False,False,False,False,False,False,False,False,11.0,0.0
sasycakeawayapp,True,False,False,,False,,None,GitHub,,False,False,False,False,False,False,False,False,False,False,False,False,False,False,False,False,False,2.0,0.0
satoshiproof,False,False,False,,False,,None,Travis CI,,False,False,False,False,False,False,False,False,False,False,False,False,False,False,False,False,False,1.0,0.0
saucenao,True,False,False,,False,,None,GitHub,,False,False,False,False,False,False,False,False,False,False,False,False,False,False,False,False,False,2.0,0.0
scala-android,True,False,False,,False,,None,Travis CI,,False,False,False,False,False,False,False,False,False,False,False,False,False,False,False,False,False,1.0,0.0
scalepractice,True,False,False,,False,,None,GitHub,,False,False,False,False,False,False,False,False,False,False,False,False,False,False,False,False,False,1.0,0.0
scaleway-manager,False,False,False,,False,,None,GitHub,,False,False,False,False,False,False,False,False,False,False,False,False,False,False,False,False,False,1.0,0.0
scanit,True,False,False,,False,,None,GitHub,,False,False,False,False,False,False,False,False,False,False,False,False,False,False,False,False,False,2.0,0.0
scheduler,True,False,False,,False,,None,GitHub,,False,False,False,False,False,False,False,False,False,False,False,False,False,False,False,False,False,1.0,0.0
schlachtensee,True,False,False,,False,,None,GitHub,,False,False,False,False,False,False,False,False,False,False,False,False,False,False,False,False,False,1.0,0.0
scope,True,False,False,,False,,None,GitHub,,False,False,False,False,False,False,False,False,False,False,False,False,False,False,False,False,False,2.0,0.0
scoreboard,True,True,False,,True,Firebase_Full,ThirdParty_Service,Travis CI,Travis CI,False,False,False,False,False,False,False,False,False,False,False,False,False,False,False,False,False,1.0,0.0
scoutingapp,True,False,False,,False,,None,GitHub,,False,False,False,False,False,False,False,False,False,False,False,False,False,False,False,False,False,1.0,0.0
scrabble,True,False,False,,False,,None,GitHub,,False,False,False,False,False,False,False,False,False,False,False,False,False,False,False,False,False,1.0,0.0
scriptmanager,True,False,False,,False,,None,GitHub,,False,False,False,False,False,False,False,False,False,False,False,False,False,False,False,False,False,1.0,0.0
scummvm,True,False,False,,False,,None,"GitHub, GitLab CI",,False,False,False,False,False,False,False,False,False,False,False,False,False,False,False,False,False,2.0,0.0
sdbviewer,False,False,False,,False,,None,GitHub,,False,False,False,False,False,False,False,False,False,False,False,False,False,False,False,False,False,1.0,0.0
sdp-project,True,True,True,GitHub_emulator_full,False,,GitHub_Hosted,GitHub,GitHub,False,False,False,False,False,True,False,False,False,False,False,False,False,False,False,False,1.0,1.0,0.0
seadroid,True,False,False,,False,,None,Travis CI,,False,False,False,False,False,False,False,False,False,False,False,False,False,False,False,False,False,1.0,0.0
seal,True,False,False,,False,,None,GitHub,,False,False,False,False,False,False,False,False,False,False,False,False,False,False,False,False,False,4.0,0.0
sealedx,True,False,False,,False,,None,GitHub,,False,False,False,False,False,False,False,False,False,False,False,False,False,False,False,False,False,3.0,0.0
searchlight,True,False,False,,False,,None,GitHub,,False,False,False,False,False,False,False,False,False,False,False,False,False,False,False,False,False,1.0,0.0
searchtwitter,False,False,False,,False,,None,Travis CI,,False,False,False,False,False,False,False,False,False,False,False,False,False,False,False,False,False,1.0,0.0
secure-image-app,True,False,False,,False,,None,GitHub,,False,False,False,False,False,False,False,False,False,False,False,False,False,False,False,False,False,4.0,0.0
secure-quick-reliable-login,True,True,False,,True,Travis CI_emulator_manual,Manual_ThirdParty,Travis CI,Travis CI,False,False,False,False,False,False,False,False,False,False,False,False,False,False,False,False,False,1.0,0.0
secure-shared-preferences,True,False,False,,False,,None,GitHub,,False,False,False,False,False,False,False,False,False,False,False,False,False,False,False,False,False,3.0,0.0
secure-sms-proxy,True,False,False,,False,,None,GitHub,,False,False,False,False,False,False,False,False,False,False,False,False,False,False,False,False,False,4.0,0.0
secure-storage-android,True,True,True,GitHub_emulator_full,False,,"GitHub_Hosted, None",GitHub,GitHub,False,False,True,True,True,False,True,False,False,False,True,False,False,False,False,False,5.0,3.0,0.0
secured-app-android,True,False,False,,False,,None,Travis CI,,False,False,False,False,False,False,False,False,False,False,False,False,False,False,False,False,False,1.0,0.0
seed-android-design-system,True,False,False,,False,,None,GitHub,,False,False,False,False,False,False,False,False,False,False,False,False,False,False,False,False,False,1.0,0.0
seeneva-reader-android,True,False,False,,False,,None,GitHub,,False,False,False,False,False,False,False,False,False,False,False,False,False,False,False,False,False,2.0,0.0
segmentedarcview,True,False,False,,False,,None,GitHub,,False,False,False,False,False,False,False,False,False,False,False,False,False,False,False,False,False,1.0,0.0
seiun,True,False,False,,False,,None,GitHub,,False,False,False,False,False,False,False,False,False,False,False,False,False,False,False,False,False,2.0,0.0
semantic,True,False,False,,False,,None,GitHub,,False,False,False,False,False,False,False,False,False,False,False,False,False,False,False,False,False,2.0,0.0
seniordialerapp,True,False,False,,False,,None,GitHub,,False,False,False,False,False,False,False,False,False,False,False,False,False,False,False,False,False,1.0,0.0
sensify-android,True,False,False,,False,,None,GitHub,,False,False,False,False,False,False,False,False,False,False,False,False,False,False,False,False,False,4.0,0.0
sensorssandbox,False,False,False,,False,,None,Travis CI,,False,False,False,False,False,False,False,False,False,False,False,False,False,False,False,False,False,1.0,1.0
sentry,True,False,False,,False,,None,GitHub,,False,False,False,False,False,False,False,False,False,False,False,False,False,False,False,False,False,2.0,0.0
sentry-mobile-release-health-app,True,False,False,,False,,None,GitHub,,False,False,False,False,False,False,False,False,False,False,False,False,False,False,False,False,False,1.0,0.0
sercommh300svoipcredentialsrecovery,True,False,False,,False,,None,GitHub,,False,False,False,False,False,False,False,False,False,False,False,False,False,False,False,False,False,3.0,0.0
serialportassistant,True,False,False,,False,,None,"GitHub, Unknown",,False,False,False,False,False,False,False,False,False,False,False,False,False,False,False,False,False,8.0,0.0
serious-sam-android,False,False,False,,False,,None,Unknown,,False,False,False,False,False,False,False,False,False,False,False,False,False,False,False,False,False,1.0,0.0
serverless-followupapp-android,False,False,False,,False,,None,Travis CI,,False,False,False,False,False,False,False,False,False,False,False,False,False,False,False,False,False,1.0,0.0
seven_minute_workout_android,False,False,False,,False,,None,Travis CI,,False,False,False,False,False,False,False,False,False,False,False,False,False,False,False,False,False,1.0,0.0
sevibus,False,False,False,,False,,None,Travis CI,,False,False,False,False,False,False,False,False,False,False,False,False,False,False,False,False,False,1.0,0.0
shabda,True,True,False,,True,Travis CI_emulator_manual,Manual_ThirdParty,Travis CI,Travis CI,False,False,False,False,False,False,False,False,False,False,False,False,False,False,False,False,False,1.0,0.0
shachi,True,True,True,GitHub_emulator_full,False,,"GitHub_Hosted, None",GitHub,GitHub,False,False,False,False,False,False,False,False,False,False,False,False,True,False,False,False,1.0,2.0,0.0
shadowsocks-android,True,False,False,,False,,None,"CircleCI, Travis CI",,False,False,False,False,False,False,False,False,False,False,False,False,False,False,False,False,False,2.0,0.0
shadowsocksr-v2ray-trojan-android,True,False,False,,False,,None,"GitHub, Travis CI",,False,False,False,False,False,False,False,False,False,False,False,False,False,False,False,False,False,2.0,0.0
shake-it-android,True,False,False,,False,,None,GitHub,,False,False,False,False,False,False,False,False,False,False,False,False,False,False,False,False,False,1.0,0.0
shaky-android,True,False,False,,False,,None,GitHub,,False,False,False,False,False,False,False,False,False,False,False,False,False,False,False,False,False,4.0,0.0
shape-detection-android,True,False,False,,False,,None,GitHub,,False,False,False,False,False,False,False,False,False,False,False,False,False,False,False,False,False,2.0,0.0
shapeofview,True,False,False,,False,,None,CircleCI,,False,False,False,False,False,False,False,False,False,False,False,False,False,False,False,False,False,1.0,0.0
share-my-number,True,False,False,,False,,None,GitHub,,False,False,False,False,False,False,False,False,False,False,False,False,False,False,False,False,False,1.0,0.0
sharetobrowser,False,False,False,,False,,None,Travis CI,,False,False,False,False,False,False,False,False,False,False,False,False,False,False,False,False,False,1.0,0.0
sharetocomputer,True,True,False,,True,Travis CI_emulator_manual,Manual_ThirdParty,Travis CI,Travis CI,False,False,False,False,False,False,False,False,False,False,False,False,False,False,False,False,False,1.0,0.0
sheep,True,True,False,,True,Travis CI_emulator_manual,"Manual_ThirdParty, None","CircleCI, GitHub, Travis CI",Travis CI,False,False,False,False,False,False,False,False,False,False,False,False,False,False,False,False,False,3.0,0.0
sherlock,True,False,False,,False,,None,Travis CI,,False,False,False,False,False,False,False,False,False,False,False,False,False,False,False,False,False,1.0,0.0
sherpa-onnx,True,False,False,,False,,None,GitHub,,False,False,False,False,False,False,False,False,False,False,False,False,False,False,False,False,False,24.0,0.0
shimmer-recyclerview-x,False,False,False,,False,,None,Travis CI,,False,False,False,False,False,False,False,False,False,False,False,False,False,False,False,False,False,1.0,0.0
shipr-community-android,True,False,False,,False,,None,"CircleCI, GitHub, Travis CI",,False,False,False,False,False,False,False,False,False,False,False,False,False,False,False,False,False,3.0,0.0
shop-with-mom,True,False,False,,False,,None,GitHub,,False,False,False,False,False,False,False,False,False,False,False,False,False,False,False,False,False,1.0,0.0
shopapp-android,True,False,False,,False,,None,Travis CI,,False,False,False,False,False,False,False,False,False,False,False,False,False,False,False,False,False,1.0,0.0
shopkart,True,False,False,,False,,None,GitHub,,False,False,False,False,False,False,False,False,False,False,False,False,False,False,False,False,False,1.0,0.0
shoppinglist,True,True,False,,True,Travis CI_emulator_manual,"Manual_ThirdParty, None","GitHub, Travis CI",Travis CI,False,False,False,False,False,False,False,False,False,False,False,False,False,False,False,False,False,4.0,0.0
shorty,True,False,False,,False,,None,GitHub,,False,False,False,False,False,False,False,False,False,False,False,False,False,False,False,False,False,2.0,0.0
shortyz,True,True,False,,True,Travis CI_emulator_manual,"Manual_ThirdParty, None","Travis CI, Unknown",Travis CI,False,False,False,False,False,False,False,False,False,False,False,False,False,False,False,False,False,2.0,0.0
shouko,True,False,False,,False,,None,GitHub,,False,False,False,False,False,False,False,False,False,False,False,False,False,False,False,False,False,1.0,0.0
show-java,True,True,False,,True,Travis CI_emulator_manual,Manual_ThirdParty,Travis CI,Travis CI,False,False,False,False,False,False,False,False,False,False,False,False,False,False,False,False,False,1.0,0.0
siesgstarena-android-app,True,False,False,,False,,None,GitHub,,False,False,False,False,False,False,False,False,False,False,False,False,False,False,False,False,False,1.0,0.0
sig-gen,True,False,False,,False,,None,GitHub,,False,False,False,False,False,False,False,False,False,False,False,False,False,False,False,False,False,2.0,0.0
sigblock-code-poc,False,False,False,,False,,None,GitHub,,False,False,False,False,False,False,False,False,False,False,False,False,False,False,False,False,False,1.0,0.0
signalr-chatroom,True,False,False,,False,,None,GitHub,,False,False,False,False,False,False,False,False,False,False,False,False,False,False,False,False,False,1.0,0.0
silence,True,True,False,,True,GitLab CI_emulator_manual,"Manual_ThirdParty, None","GitHub, GitLab CI",GitLab CI,False,False,False,False,False,False,False,False,False,False,False,False,False,False,False,False,False,3.0,0.0
sim-password-wallet,True,False,False,,False,,None,CircleCI,,False,False,False,False,False,False,False,False,False,False,False,False,False,False,False,False,False,1.0,0.0
simacorrect,True,False,False,,False,,None,GitHub,,False,False,False,False,False,False,False,False,False,False,False,False,False,False,False,False,False,1.0,0.0
simaromur,True,False,False,,False,,None,GitHub,,False,False,False,False,False,False,False,False,False,False,False,False,False,False,False,False,False,1.0,0.0
simlar-android,False,False,False,,False,,None,GitHub,,False,False,False,False,False,False,False,False,False,False,False,False,False,False,False,False,False,1.0,0.0
simple,True,False,False,,False,,None,GitHub,,False,False,False,False,False,False,False,False,False,False,False,False,False,False,False,False,False,2.0,0.0
simple-accounting,False,False,False,,False,,None,Travis CI,,False,False,False,False,False,False,False,False,False,False,False,False,False,False,False,False,False,1.0,0.0
simple-calculator,True,False,False,,False,,None,Travis CI,,False,False,False,False,False,False,False,False,False,False,False,False,False,False,False,False,False,1.0,0.0
simple-counter,False,False,False,,False,,None,"GitHub, Travis CI",,False,False,False,False,False,False,False,False,False,False,False,False,False,False,False,False,False,2.0,0.0
simple-dilbert,False,False,False,,False,,None,Travis CI,,False,False,False,False,False,False,False,False,False,False,False,False,False,False,False,False,False,1.0,0.0
simple-dimple-draw,True,False,False,,False,,None,GitHub,,False,False,False,False,False,False,False,False,False,False,False,False,False,False,False,False,False,1.0,0.0
simple-login-android,True,False,False,,False,,None,GitHub,,False,False,False,False,False,False,False,False,False,False,False,False,False,False,False,False,False,2.0,0.0
simple-note-application,True,False,False,,False,,None,GitHub,,False,False,False,False,False,False,False,False,False,False,False,False,False,False,False,False,False,1.0,0.0
simple-notes,True,False,False,,False,,None,GitHub,,False,False,False,False,False,False,False,False,False,False,False,False,False,False,False,False,False,1.0,0.0
simple-paint,True,False,False,,False,,None,GitHub,,False,False,False,False,False,False,False,False,False,False,False,False,False,False,False,False,False,2.0,0.0
simple_app_blocker,True,False,False,,False,,None,GitHub,,False,False,False,False,False,False,False,False,False,False,False,False,False,False,False,False,False,1.0,0.0
simple_document_scanner_android,True,False,False,,False,,None,GitHub,,False,False,False,False,False,False,False,False,False,False,False,False,False,False,False,False,False,1.0,0.0
simpleaccounting,False,False,False,,False,,None,Travis CI,,False,False,False,False,False,False,False,False,False,False,False,False,False,False,False,False,False,1.0,0.0
simpleandroidmvvm,True,False,False,,False,,None,GitHub,,False,False,False,False,False,False,False,False,False,False,False,False,False,False,False,False,False,2.0,0.0
simplebible,True,False,False,,False,,None,GitHub,,False,False,False,False,False,False,False,False,False,False,False,False,False,False,False,False,False,1.0,0.0
simplemarkdown,True,False,False,,False,,None,"GitHub, GitLab CI",,False,False,False,False,False,False,False,False,False,False,False,False,False,False,False,False,False,2.0,0.0
simplenews,False,False,False,,False,,None,Travis CI,,False,False,False,False,False,False,False,False,False,False,False,False,False,False,False,False,False,1.0,0.0
simpletask-android,True,False,False,,False,,None,"CircleCI, GitHub",,False,False,False,False,False,False,False,False,False,False,False,False,False,False,False,False,False,2.0,0.0
simpletweet,False,False,False,,False,,None,Travis CI,,False,False,False,False,False,False,False,False,False,False,False,False,False,False,False,False,False,1.0,0.0
simplex-chat,True,False,False,,False,,None,GitHub,,False,False,False,False,False,False,False,False,False,False,False,False,False,False,False,False,False,3.0,0.0
simplytranslate_mobile,True,False,False,,False,,None,GitHub,,False,False,False,False,False,False,False,False,False,False,False,False,False,False,False,False,False,1.0,0.0
simtong-android,True,False,False,,False,,None,GitHub,,False,False,False,False,False,False,False,False,False,False,False,False,False,False,False,False,False,1.0,0.0
singlefilescalablelasagnaapplication,True,False,False,,False,,None,GitHub,,False,False,False,False,False,False,False,False,False,False,False,False,False,False,False,False,False,1.0,0.0
sk-collab,True,False,False,,False,,None,GitHub,,False,False,False,False,False,False,False,False,False,False,False,False,False,False,False,False,False,1.0,0.0
skytube,True,False,False,,False,,None,"GitHub, Travis CI",,False,False,False,False,False,False,False,False,False,False,False,False,False,False,False,False,False,2.0,0.0
skytubelegacy,True,False,False,,False,,None,"GitHub, Travis CI",,False,False,False,False,False,False,False,False,False,False,False,False,False,False,False,False,False,2.0,0.0
skywayclient,True,False,False,,False,,None,GitHub,,False,False,False,False,False,False,False,False,False,False,False,False,False,False,False,False,False,1.0,0.0
sleep-cycle-alarm,True,True,False,,True,Travis CI_emulator_manual,Manual_ThirdParty,Travis CI,Travis CI,False,False,False,False,False,False,False,False,False,False,False,False,False,False,False,False,False,1.0,0.0
slideanddraglistview,False,False,False,,False,,None,Travis CI,,False,False,False,False,False,False,False,False,False,False,False,False,False,False,False,False,False,1.0,0.0
slider,False,False,False,,False,,None,Travis CI,,False,False,False,False,False,False,False,False,False,False,False,False,False,False,False,False,False,1.0,0.0
sliding-puzzle,True,False,False,,False,,None,GitHub,,False,False,False,False,False,False,False,False,False,False,False,False,False,False,False,False,False,2.0,0.0
slim-launcher,True,False,False,,False,,None,CircleCI,,False,False,False,False,False,False,False,False,False,False,False,False,False,False,False,False,False,1.0,0.0
slipview,False,False,False,,False,,None,Travis CI,,False,False,False,False,False,False,False,False,False,False,False,False,False,False,False,False,False,1.0,0.0
small-talk,True,False,False,,False,,None,GitHub,,False,False,False,False,False,False,False,False,False,False,False,False,False,False,False,False,False,6.0,0.0
smart-autoclicker,True,False,False,,False,,None,GitHub,,False,False,False,False,False,False,False,False,False,False,False,False,False,False,False,False,False,4.0,0.0
smartcookieweb,True,False,False,,False,,None,GitHub,,False,False,False,False,False,False,False,False,False,False,False,False,False,False,False,False,False,1.0,0.0
smartdock,True,False,False,,False,,None,GitHub,,False,False,False,False,False,False,False,False,False,False,False,False,False,False,False,False,False,3.0,0.0
smartexoplayer,True,False,False,,False,,None,GitHub,,False,False,False,False,False,False,False,False,False,False,False,False,False,False,False,False,False,1.0,0.0
smartmediapicker,False,False,False,,False,,None,Travis CI,,False,False,False,False,False,False,False,False,False,False,False,False,False,False,False,False,False,1.0,0.0
smartproxy,True,False,False,,False,,None,Travis CI,,False,False,False,False,False,False,False,False,False,False,False,False,False,False,False,False,False,1.0,0.0
smilodon,True,True,True,GitHub_emulator_full,False,,GitHub_Hosted,GitHub,GitHub,False,False,False,False,False,False,False,False,False,False,True,False,False,False,False,False,1.0,1.0,0.0
smooth-app,True,False,False,,False,,None,GitHub,,False,False,False,False,False,False,False,False,False,False,False,False,False,False,False,False,False,18.0,0.0
sms-backup-plus,False,False,False,,False,,None,Travis CI,,False,False,False,False,False,False,False,False,False,False,False,False,False,False,False,False,False,1.0,0.0
sms-group-sender,True,False,False,,False,,None,CircleCI,,False,False,False,False,False,False,False,False,False,False,False,False,False,False,False,False,False,1.0,0.0
sms_my_gps,True,False,False,,False,,None,GitHub,,False,False,False,False,False,False,False,False,False,False,False,False,False,False,False,False,False,1.0,0.0
smsforwarder,True,False,False,,False,,None,GitHub,,False,False,False,False,False,False,False,False,False,False,False,False,False,False,False,False,False,2.0,0.0
sn4ke,True,False,False,,False,,None,GitHub,,False,False,False,False,False,False,False,False,False,False,False,False,False,False,False,False,False,2.0,0.0
snapdroid,False,False,False,,False,,None,GitHub,,False,False,False,False,False,False,False,False,False,False,False,False,False,False,False,False,False,1.0,0.0
snapdrop-android,True,False,False,,False,,None,GitHub,,False,False,False,False,False,False,False,False,False,False,False,False,False,False,False,False,False,2.0,0.0
snapstreak-alarm,True,False,False,,False,,None,GitHub,,False,False,False,False,False,False,False,False,False,False,False,False,False,False,False,False,False,1.0,0.0
snaptimepicker,True,False,False,,False,,None,GitHub,,False,False,False,False,False,False,False,False,False,False,False,False,False,False,False,False,False,1.0,0.0
snikket-android,True,False,False,,False,,None,GitHub,,False,False,False,False,False,False,False,False,False,False,False,False,False,False,False,False,False,1.0,0.0
snmp-cockpit,True,True,False,,True,GitLab CI_emulator_manual,Manual_ThirdParty,GitLab CI,GitLab CI,False,False,False,False,False,False,False,False,False,False,False,False,False,False,False,False,False,1.0,0.0
snoredetector,True,False,False,,False,,None,Travis CI,,False,False,False,False,False,False,False,False,False,False,False,False,False,False,False,False,False,1.0,0.0
snotz,True,False,False,,False,,None,GitHub,,False,False,False,False,False,False,False,False,False,False,False,False,False,False,False,False,False,1.0,0.0
snow,True,False,False,,False,,None,GitHub,,False,False,False,False,False,False,False,False,False,False,False,False,False,False,False,False,False,1.0,0.0
snu_class_2021_art,True,False,False,,False,,None,GitHub,,False,False,False,False,False,False,False,False,False,False,False,False,False,False,False,False,False,1.0,0.0
sobriety,True,False,False,,False,,None,GitHub,,False,False,False,False,False,False,False,False,False,False,False,False,False,False,False,False,False,1.0,0.0
social-app,True,False,False,,False,,None,GitHub,,False,False,False,False,False,False,False,False,False,False,False,False,False,False,False,False,False,1.0,0.0
socialgist,True,False,False,,False,,None,GitHub,,False,False,False,False,False,False,False,False,False,False,False,False,False,False,False,False,False,1.0,0.0
sociofy,True,False,False,,False,,None,GitHub,,False,False,False,False,False,False,False,False,False,False,False,False,False,False,False,False,False,2.0,0.0
socketweather,True,False,False,,False,,None,GitHub,,False,False,False,False,False,False,False,False,False,False,False,False,False,False,False,False,False,3.0,0.0
softcodec,True,False,False,,False,,None,GitHub,,False,False,False,False,False,False,False,False,False,False,False,False,False,False,False,False,False,1.0,0.0
sohappy,True,False,False,,False,,None,GitHub,,False,False,False,False,False,False,False,False,False,False,False,False,False,False,False,False,False,2.0,0.0
sojodia-android,True,False,False,,False,,None,GitHub,,False,False,False,False,False,False,False,False,False,False,False,False,False,False,False,False,False,2.0,0.0
sona-flutter,True,False,False,,False,,None,GitHub,,False,False,False,False,False,False,False,False,False,False,False,False,False,False,False,False,False,1.0,0.0
songs,True,False,False,,False,,None,GitHub,,False,False,False,False,False,False,False,False,False,False,False,False,False,False,False,False,False,4.0,0.0
sonicear,True,False,False,,False,,None,GitHub,,False,False,False,False,False,False,False,False,False,False,False,False,False,False,False,False,False,1.0,0.0
sonofy,True,False,False,,False,,None,"GitHub, Travis CI",,False,False,False,False,False,False,False,False,False,False,False,False,False,False,False,False,False,2.0,0.0
sosaku,True,False,False,,False,,None,GitHub,,False,False,False,False,False,False,False,False,False,False,False,False,False,False,False,False,False,2.0,0.0
sotired,True,False,False,,False,,None,GitHub,,False,False,False,False,False,False,False,False,False,False,False,False,False,False,False,False,False,1.0,0.0
soundboard,True,False,False,,False,,None,Travis CI,,False,False,False,False,False,False,False,False,False,False,False,False,False,False,False,False,False,1.0,0.0
soundcloud_audio_player,True,False,False,,False,,None,GitHub,,False,False,False,False,False,False,False,False,False,False,False,False,False,False,False,False,False,1.0,0.0
soundcrowd,True,False,False,,False,,None,"GitHub, Travis CI",,False,False,False,False,False,False,False,False,False,False,False,False,False,False,False,False,False,2.0,0.0
soundprofile,False,False,False,,False,,None,Travis CI,,False,False,False,False,False,False,False,False,False,False,False,False,False,False,False,False,False,1.0,0.0
souvenirs-android,True,False,False,,False,,None,GitHub,,False,False,False,False,False,False,False,False,False,False,False,False,False,False,False,False,False,1.0,0.0
sozlik-android,True,False,False,,False,,None,Travis CI,,False,False,False,False,False,False,False,False,False,False,False,False,False,False,False,False,False,1.0,0.0
space-trashman-blues,True,False,False,,False,,None,GitHub,,False,False,False,False,False,False,False,False,False,False,False,False,False,False,False,False,False,3.0,0.0
spacelaunchnow-android,True,False,False,,False,,None,GitHub,,False,False,False,False,False,False,False,False,False,False,False,False,False,False,False,False,False,3.0,0.0
spaceship,True,False,False,,False,,None,GitHub,,False,False,False,False,False,False,False,False,False,False,False,False,False,False,False,False,False,2.0,0.0
spaceteam-timer,True,False,False,,False,,None,Travis CI,,False,False,False,False,False,False,False,False,False,False,False,False,False,False,False,False,False,1.0,0.0
spacex-launch-tracker,True,False,False,,False,,None,Travis CI,,False,False,False,False,False,False,False,False,False,False,False,False,False,False,False,False,False,1.0,0.0
spacexfollower,True,False,False,,False,,None,GitHub,,False,False,False,False,False,False,False,False,False,False,False,False,False,False,False,False,False,2.0,0.0
spanly,False,False,False,,False,,None,Travis CI,,False,False,False,False,False,False,False,False,False,False,False,False,False,False,False,False,False,1.0,0.0
spannablex,True,False,False,,False,,None,GitHub,,False,False,False,False,False,False,False,False,False,False,False,False,False,False,False,False,False,2.0,0.0
sparta,True,False,False,,False,,None,GitHub,,False,False,False,False,False,False,False,False,False,False,False,False,False,False,False,False,False,5.0,0.0
spasic-app,True,False,False,,False,,None,GitHub,,False,False,False,False,False,False,False,False,False,False,False,False,False,False,False,False,False,1.0,0.0
speedrun-browser-android,True,False,False,,False,,None,"GitHub, GitLab CI",,False,False,False,False,False,False,False,False,False,False,False,False,False,False,False,False,False,2.0,0.0
speld,True,False,False,,False,,None,GitHub,,False,False,False,False,False,False,False,False,False,False,False,False,False,False,False,False,False,1.0,0.0
spending_tracker,True,False,False,,False,,None,GitHub,,False,False,False,False,False,False,False,False,False,False,False,False,False,False,False,False,False,1.0,0.0
sph-planner,True,False,False,,False,,None,GitHub,,False,False,False,False,False,False,False,False,False,False,False,False,False,False,False,False,False,2.0,0.0
spi,False,False,False,,False,,None,Travis CI,,False,False,False,False,False,False,False,False,False,False,False,False,False,False,False,False,False,1.0,0.0
splum,True,False,False,,False,,None,GitHub,,False,False,False,False,False,False,False,False,False,False,False,False,False,False,False,False,False,2.0,0.0
spoilerblocker,True,False,False,,False,,None,GitHub,,False,False,False,False,False,False,False,False,False,False,False,False,False,False,False,False,False,1.0,0.0
spot,True,False,False,,False,,None,"CircleCI, GitHub",,False,False,False,False,False,False,False,False,False,False,False,False,False,False,False,False,False,4.0,0.0
spotifykt,True,False,False,,False,,None,GitHub,,False,False,False,False,False,False,False,False,False,False,False,False,False,False,False,False,False,2.0,0.0
spwaitkiller,True,False,False,,False,,None,GitHub,,False,False,False,False,False,False,False,False,False,False,False,False,False,False,False,False,False,2.0,0.0
squircle-ce,True,False,False,,False,,None,GitHub,,False,False,False,False,False,False,False,False,False,False,False,False,False,False,False,False,False,1.0,0.0
src,True,False,False,,False,,None,GitHub,,False,False,False,False,False,False,False,False,False,False,False,False,False,False,False,False,False,2.0,0.0
srml,True,True,False,,True,Travis CI_emulator_manual,Manual_ThirdParty,Travis CI,Travis CI,False,False,False,False,False,False,False,False,False,False,False,False,False,False,False,False,False,1.0,0.0
ssh-daemon,True,False,False,,False,,None,GitHub,,False,False,False,False,False,False,False,False,False,False,False,False,False,False,False,False,False,1.0,0.0
sslsocks,False,False,False,,False,,None,Travis CI,,False,False,False,False,False,False,False,False,False,False,False,False,False,False,False,False,False,1.0,0.0
sstreu2017,True,False,False,,False,,None,Travis CI,,False,False,False,False,False,False,False,False,False,False,False,False,False,False,False,False,False,1.0,0.0
ssvmandroid,True,False,False,,False,,None,GitHub,,False,False,False,False,False,False,False,False,False,False,False,False,False,False,False,False,False,1.0,0.0
stable-diffusion-android,True,False,False,,False,,None,GitHub,,False,False,False,False,False,False,False,False,False,False,False,False,False,False,False,False,False,1.0,0.0
stack,True,True,True,GitHub_emulator_full,False,,"GitHub_Hosted, None",GitHub,GitHub,False,False,False,False,False,False,False,False,False,False,False,False,False,False,False,False,False,2.0,0.0
stack_wallet,True,False,False,,False,,None,GitHub,,False,False,False,False,False,False,False,False,False,False,False,False,False,False,False,False,False,1.0,0.0
stanley,False,False,False,,False,,None,CircleCI,,False,False,False,False,False,False,False,False,False,False,False,False,False,False,False,False,False,1.0,0.0
stardroid,True,True,True,GitHub_emulator_full,False,,"GitHub_Hosted, None","GitHub, Travis CI",GitHub,False,False,False,False,False,False,False,False,False,False,True,False,False,False,False,False,1.0,3.0,0.0
starkeverben,False,False,False,,False,,None,Travis CI,,False,False,False,False,False,False,False,False,False,False,False,False,False,False,False,False,False,1.0,0.0
starlord,True,False,False,,False,,None,Travis CI,,False,False,False,False,False,False,False,False,False,False,False,False,False,False,False,False,False,1.0,0.0
start-guide,True,False,False,,False,,None,GitHub,,False,False,False,False,False,False,False,False,False,False,False,False,False,False,False,False,False,1.0,0.0
statex,True,False,False,,False,,None,GitHub,,False,False,False,False,False,False,False,False,False,False,False,False,False,False,False,False,False,1.0,0.0
stato_covid19_italia_android,True,False,False,,False,,None,GitHub,,False,False,False,False,False,False,False,False,False,False,False,False,False,False,False,False,False,2.0,0.0
status,False,False,False,,False,,None,Travis CI,,False,False,False,False,False,False,False,False,False,False,False,False,False,False,False,False,False,1.0,0.0
statusbar,True,False,False,,False,,None,GitHub,,False,False,False,False,False,False,False,False,False,False,False,False,False,False,False,False,False,1.0,0.0
stax,True,True,True,GitHub_GMD,False,,"GitHub_Hosted, None",GitHub,GitHub,False,False,False,False,False,False,False,False,False,False,False,False,False,False,False,False,False,4.0,0.0
staysafe,True,False,False,,False,,None,GitHub,,False,False,False,False,False,False,False,False,False,False,False,False,False,False,False,False,False,1.0,0.0
steamr,True,False,False,,False,,None,GitHub,,False,False,False,False,False,False,False,False,False,False,False,False,False,False,False,False,False,1.0,0.0
steedos-notification-center,False,False,False,,False,,None,Travis CI,,False,False,False,False,False,False,False,False,False,False,False,False,False,False,False,False,False,1.0,0.0
stepper-touch,True,False,False,,False,,None,CircleCI,,False,False,False,False,False,False,False,False,False,False,False,False,False,False,False,False,False,1.0,0.0
stk-code,True,False,False,,False,,None,GitHub,,False,False,False,False,False,False,False,False,False,False,False,False,False,False,False,False,False,4.0,0.0
stock-browser,True,False,False,,False,,None,GitHub,,False,False,False,False,False,False,False,False,False,False,False,False,False,False,False,False,False,1.0,0.0
stockcontrol,False,False,False,,False,,None,Travis CI,,False,False,False,False,False,False,False,False,False,False,False,False,False,False,False,False,False,1.0,0.0
stopstalk-android,True,False,False,,False,,None,GitHub,,False,False,False,False,False,False,False,False,False,False,False,False,False,False,False,False,False,2.0,0.0
stormappmaster2020,True,False,False,,False,,None,GitHub,,False,False,False,False,False,False,False,False,False,False,False,False,False,False,False,False,False,1.0,0.0
stormappuser2020,True,False,False,,False,,None,GitHub,,False,False,False,False,False,False,False,False,False,False,False,False,False,False,False,False,False,1.0,0.0
stream-draw-android,True,False,False,,False,,None,GitHub,,False,False,False,False,False,False,False,False,False,False,False,False,False,False,False,False,False,1.0,0.0
streamingandroidlogger,False,False,False,,False,,None,Travis CI,,False,False,False,False,False,False,False,False,False,False,False,False,False,False,False,False,False,1.0,0.0
streetguide,True,False,False,,False,,None,GitHub,,False,False,False,False,False,False,False,False,False,False,False,False,False,False,False,False,False,1.0,0.0
stroke-input-android,True,False,False,,False,,None,GitHub,,False,False,False,False,False,False,False,False,False,False,False,False,False,False,False,False,False,1.0,0.0
stud,True,False,False,,False,,None,GitHub,,False,False,False,False,False,False,False,False,False,False,False,False,False,False,False,False,False,1.0,0.0
student-alarm,True,False,False,,False,,None,GitHub,,False,False,False,False,False,False,False,False,False,False,False,False,False,False,False,False,False,1.0,0.0
student_app,True,False,False,,False,,None,GitHub,,False,False,False,False,False,False,False,False,False,False,False,False,False,False,False,False,False,2.0,0.0
study-buddy-app,True,False,False,,False,,None,GitHub,,False,False,False,False,False,False,False,False,False,False,False,False,False,False,False,False,False,4.0,0.0
stylo,True,False,False,,False,,None,GitHub,,False,False,False,False,False,False,False,False,False,False,False,False,False,False,False,False,False,1.0,0.0
sublite,True,False,False,,False,,None,GitHub,,False,False,False,False,False,False,False,False,False,False,False,False,False,False,False,False,False,3.0,0.0
subscene,True,False,False,,False,,None,GitHub,,False,False,False,False,False,False,False,False,False,False,False,False,False,False,False,False,False,1.0,0.0
subtlenews_android_app,True,False,False,,False,,None,Travis CI,,False,False,False,False,False,False,False,False,False,False,False,False,False,False,False,False,False,1.0,0.0
subtracks,True,False,False,,False,,None,GitHub,,False,False,False,False,False,False,False,False,False,False,False,False,False,False,False,False,False,2.0,0.0
suddenly-wifi,True,False,False,,False,,None,CircleCI,,False,False,False,False,False,False,False,False,False,False,False,False,False,False,False,False,False,1.0,0.0
sudoku,True,False,False,,False,,None,GitHub,,False,False,False,False,False,False,False,False,False,False,False,False,False,False,False,False,False,1.0,0.0
sunrisesunsetview,False,False,False,,False,,None,Travis CI,,False,False,False,False,False,False,False,False,False,False,False,False,False,False,False,False,False,1.0,0.0
sunsetscrob,True,True,True,GitHub_GMD,False,,"GitHub_Hosted, None",GitHub,GitHub,False,False,False,False,False,False,False,False,False,False,False,False,False,False,False,False,False,4.0,0.0
suntimescalendars,True,False,False,,False,,None,GitHub,,False,False,False,False,False,False,False,False,False,False,False,False,False,False,False,False,False,1.0,0.0
super-pub-android,True,False,False,,False,,None,CircleCI,,False,False,False,False,False,False,False,False,False,False,False,False,False,False,False,False,False,1.0,0.0
superheroes,True,False,False,,False,,None,GitHub,,False,False,False,False,False,False,False,False,False,False,False,False,False,False,False,False,False,1.0,0.0
superimage,True,False,False,,False,,None,GitHub,,False,False,False,False,False,False,False,False,False,False,False,False,False,False,False,False,False,1.0,0.0
superquiz,True,False,False,,False,,None,GitHub,,False,False,False,False,False,False,False,False,False,False,False,False,False,False,False,False,False,1.0,0.0
supertttandroid,False,False,False,,False,,None,Travis CI,,False,False,False,False,False,False,False,False,False,False,False,False,False,False,False,False,False,1.0,0.0
sushi,True,False,False,,False,,None,GitHub,,False,False,False,False,False,False,False,False,False,False,False,False,False,False,False,False,False,2.0,0.0
sustcast-android-app-v1,True,False,False,,False,,None,GitHub,,False,False,False,False,False,False,False,False,False,False,False,False,False,False,False,False,False,1.0,0.0
swadeeq,True,False,False,,False,,None,GitHub,,False,False,False,False,False,False,False,False,False,False,False,False,False,False,False,False,False,2.0,0.0
sweetloc,True,False,False,,False,,None,GitHub,,False,False,False,False,False,False,False,False,False,False,False,False,False,False,False,False,False,1.0,0.0
sweyer,True,False,False,,False,,None,GitHub,,False,False,False,False,False,False,False,False,False,False,False,False,False,False,False,False,False,3.0,0.0
swift-weather-app,True,True,True,GitHub_emulator_manual,False,,"GitHub_Hosted, None",GitHub,GitHub,False,False,False,False,False,False,False,False,False,False,False,False,False,False,False,False,False,3.0,0.0
swishticker,True,True,False,,True,Travis CI_emulator_manual,Manual_ThirdParty,Travis CI,Travis CI,False,False,False,False,False,False,False,False,False,False,False,False,False,False,False,False,False,1.0,0.0
swisscovid-app-android,True,True,True,GitHub_emulator_full,False,,"GitHub_Hosted, None",GitHub,GitHub,False,False,False,False,False,False,False,False,False,False,True,False,False,False,False,False,1.0,4.0,0.0
switchbutton,False,False,False,,False,,None,Travis CI,,False,False,False,False,False,False,False,False,False,False,False,False,False,False,False,False,False,1.0,0.0
switchlanguage,False,False,False,,False,,None,Travis CI,,False,False,False,False,False,False,False,False,False,False,False,False,False,False,False,False,False,1.0,0.0
symbol,False,False,False,,False,,None,Travis CI,,False,False,False,False,False,False,False,False,False,False,False,False,False,False,False,False,False,1.0,0.0
symphony,True,False,False,,False,,None,GitHub,,False,False,False,False,False,False,False,False,False,False,False,False,False,False,False,False,False,5.0,0.0
syncplayer,True,False,False,,False,,None,GitHub,,False,False,False,False,False,False,False,False,False,False,False,False,False,False,False,False,False,1.0,0.0
system-bridge-android-companion,True,False,False,,False,,None,GitHub,,False,False,False,False,False,False,False,False,False,False,False,False,False,False,False,False,False,6.0,0.0
systemappmover,False,False,False,,False,,None,Travis CI,,False,False,False,False,False,False,False,False,False,False,False,False,False,False,False,False,False,1.0,0.0
szkolny-android,True,False,False,,False,,None,GitHub,,False,False,False,False,False,False,False,False,False,False,False,False,False,False,False,False,False,3.0,0.0
t-tasks,True,False,False,,False,,None,Travis CI,,False,False,False,False,False,False,False,False,False,False,False,False,False,False,False,False,False,1.0,0.0
t4-launcher,True,False,False,,False,,None,CircleCI,,False,False,False,False,False,False,False,False,False,False,False,False,False,False,False,False,False,1.0,0.0
tacere,False,False,False,,False,,None,Travis CI,,False,False,False,False,False,False,False,False,False,False,False,False,False,False,False,False,False,1.0,0.0
tailor_made,True,False,False,,False,,None,GitHub,,False,False,False,False,False,False,False,False,False,False,False,False,False,False,False,False,False,1.0,0.0
tailscale-android,True,False,False,,False,,None,GitHub,,False,False,False,False,False,False,False,False,False,False,False,False,False,False,False,False,False,2.0,0.0
tajmahalapp-android,True,False,False,,False,,None,GitHub,,False,False,False,False,False,False,False,False,False,False,False,False,False,False,False,False,False,3.0,0.0
talalarmo,False,False,False,,False,,None,Travis CI,,False,False,False,False,False,False,False,False,False,False,False,False,False,False,False,False,False,1.0,0.0
talawa,True,False,False,,False,,None,"GitHub, Travis CI",,False,False,False,False,False,False,False,False,False,False,False,False,False,False,False,False,False,7.0,0.0
talk-android,True,False,False,,False,,None,GitHub,,False,False,False,False,False,False,False,False,False,False,False,False,False,False,False,False,False,14.0,0.0
task-scheduler,True,False,False,,False,,None,GitHub,,False,False,False,False,False,False,False,False,False,False,False,False,False,False,False,False,False,1.0,0.0
taskbar,True,False,False,,False,,None,GitHub,,False,False,False,False,False,False,False,False,False,False,False,False,False,False,False,False,False,1.0,0.0
taskly,True,False,False,,False,,None,GitHub,,False,False,False,False,False,False,False,False,False,False,False,False,False,False,False,False,False,1.0,0.0
tasks,True,True,True,GitHub_emulator_full,False,,"GitHub_Hosted, None",GitHub,GitHub,False,False,False,False,False,False,False,False,False,False,True,False,False,False,False,False,1.0,2.0,0.0
tastytoast,True,False,False,,False,,None,Travis CI,,False,False,False,False,False,False,False,False,False,False,False,False,False,False,False,False,False,1.0,0.0
tat,True,False,False,,False,,None,GitHub,,False,False,False,False,False,False,False,False,False,False,False,False,False,False,False,False,False,2.0,0.0
tat_flutter,True,False,False,,False,,None,GitHub,,False,False,False,False,False,False,False,False,False,False,False,False,False,False,False,False,False,2.0,0.0
tblauncher,True,False,False,,False,,None,GitHub,,False,False,False,False,False,False,False,False,False,False,False,False,False,False,False,False,False,3.0,0.0
team2,True,False,False,,False,,None,Travis CI,,False,False,False,False,False,False,False,False,False,False,False,False,False,False,False,False,False,1.0,0.0
technical-fest,True,False,False,,False,,None,GitHub,,False,False,False,False,False,False,False,False,False,False,False,False,False,False,False,False,False,1.0,0.0
telegram-sms,True,False,False,,False,,None,GitHub,,False,False,False,False,False,False,False,False,False,False,False,False,False,False,False,False,False,1.0,0.0
templeapp,True,False,False,,False,,None,"GitLab CI, Travis CI",,False,False,False,False,False,False,False,False,False,False,False,False,False,False,False,False,False,2.0,0.0
tensor,False,False,False,,False,,None,Travis CI,,False,False,False,False,False,False,False,False,False,False,False,False,False,False,False,False,False,1.0,0.0
tensuu,False,False,False,,False,,None,Travis CI,,False,False,False,False,False,False,False,False,False,False,False,False,False,False,False,False,False,1.0,0.0
terminal_flutter,True,False,False,,False,,None,GitHub,,False,False,False,False,False,False,False,False,False,False,False,False,False,False,False,False,False,3.0,0.0
termux-api,True,False,False,,False,,None,GitHub,,False,False,False,False,False,False,False,False,False,False,False,False,False,False,False,False,False,2.0,0.0
termux-app,True,False,False,,False,,None,GitHub,,False,False,False,False,False,False,False,False,False,False,False,False,False,False,False,False,False,10.0,0.0
termux-app-bluetooth,True,False,False,,False,,None,Travis CI,,False,False,False,False,False,False,False,False,False,False,False,False,False,False,False,False,False,1.0,0.0
termux-boot,True,False,False,,False,,None,GitHub,,False,False,False,False,False,False,False,False,False,False,False,False,False,False,False,False,False,1.0,0.0
termux-float,True,False,False,,False,,None,GitHub,,False,False,False,False,False,False,False,False,False,False,False,False,False,False,False,False,False,2.0,0.0
termux-styling,True,False,False,,False,,None,GitHub,,False,False,False,False,False,False,False,False,False,False,False,False,False,False,False,False,False,2.0,0.0
tes3mp-android,False,False,False,,False,,None,Travis CI,,False,False,False,False,False,False,False,False,False,False,False,False,False,False,False,False,False,1.0,0.0
tesserpg-android,False,False,False,,False,,None,"CircleCI, Travis CI, Unknown",,False,False,False,False,False,False,False,False,False,False,False,False,False,False,False,False,False,3.0,0.0
tetris,True,False,False,,False,,None,GitHub,,False,False,False,False,False,False,False,False,False,False,False,False,False,False,False,False,False,1.0,0.0
textfairy,False,False,False,,False,,None,Travis CI,,False,False,False,False,False,False,False,False,False,False,False,False,False,False,False,False,False,1.0,0.0
textmatcher,False,False,False,,False,,None,Travis CI,,False,False,False,False,False,False,False,False,False,False,False,False,False,False,False,False,False,1.0,0.0
textmatic,True,False,False,,False,,None,GitHub,,False,False,False,False,False,False,False,False,False,False,False,False,False,False,False,False,False,2.0,0.0
textpad,True,False,False,,False,,None,GitLab CI,,False,False,False,False,False,False,False,False,False,False,False,False,False,False,False,False,False,1.0,0.0
textselectionwebsearch,True,False,False,,False,,None,GitHub,,False,False,False,False,False,False,False,False,False,False,False,False,False,False,False,False,False,1.0,0.0
tfprofiler,False,False,False,,False,,None,Travis CI,,False,False,False,False,False,False,False,False,False,False,False,False,False,False,False,False,False,1.0,0.0
the-blue-alliance-android,True,False,False,,False,,None,GitHub,,False,False,False,False,False,False,False,False,False,False,False,False,False,False,False,False,False,1.0,0.0
the-channels,False,False,False,,False,,None,Travis CI,,False,False,False,False,False,False,False,False,False,False,False,False,False,False,False,False,False,1.0,0.0
the-movie-db-kotlin,True,False,False,,False,,None,GitHub,,False,False,False,False,False,False,False,False,False,False,False,False,False,False,False,False,False,1.0,0.0
the_calculator,True,False,False,,False,,None,GitHub,,False,False,False,False,False,False,False,False,False,False,False,False,False,False,False,False,False,3.0,0.0
themoviedb,True,False,False,,False,,None,GitHub,,False,False,False,False,False,False,False,False,False,False,False,False,False,False,False,False,False,1.0,0.0
themoviedb_android_app,True,False,False,,False,,None,CircleCI,,False,False,False,False,False,False,False,False,False,False,False,False,False,False,False,False,False,1.0,0.0
thenounproject,True,False,False,,False,,None,Travis CI,,False,False,False,False,False,False,False,False,False,False,False,False,False,False,False,False,False,1.0,0.0
theprincipleapp,True,False,False,,False,,None,GitHub,,False,False,False,False,False,False,False,False,False,False,False,False,False,False,False,False,False,1.0,0.0
three-days-android,True,False,False,,False,,None,GitHub,,False,False,False,False,False,False,False,False,False,False,False,False,False,False,False,False,False,3.0,0.0
thu-info-app,True,False,False,,False,,None,GitHub,,False,False,False,False,False,False,False,False,False,False,False,False,False,False,False,False,False,2.0,0.0
thunder,True,False,False,,False,,None,GitHub,,False,False,False,False,False,False,False,False,False,False,False,False,False,False,False,False,False,1.0,0.0
tic-80,True,False,False,,False,,None,GitHub,,False,False,False,False,False,False,False,False,False,False,False,False,False,False,False,False,False,2.0,0.0
tic-tac-toe,True,False,False,,False,,None,Travis CI,,False,False,False,False,False,False,False,False,False,False,False,False,False,False,False,False,False,1.0,0.0
tickmarks,True,False,False,,False,,None,CircleCI,,False,False,False,False,False,False,False,False,False,False,False,False,False,False,False,False,False,1.0,0.0
tickmate,True,False,False,,False,,None,"GitHub, Travis CI",,False,False,False,False,False,False,False,False,False,False,False,False,False,False,False,False,False,2.0,0.0
tictactoe,True,False,False,,False,,None,GitHub,,False,False,False,False,False,False,False,False,False,False,False,False,False,False,False,False,False,1.0,0.0
tilegame,True,False,False,,False,,None,GitHub,,False,False,False,False,False,False,False,False,False,False,False,False,False,False,False,False,False,2.0,0.0
tiles-for-developers,False,False,False,,False,,None,CircleCI,,False,False,False,False,False,False,False,False,False,False,False,False,False,False,False,False,False,1.0,0.0
timber,False,False,False,,False,,None,Travis CI,,False,False,False,False,False,False,False,False,False,False,False,False,False,False,False,False,False,1.0,0.0
timebomb,False,False,False,,False,,None,Travis CI,,False,False,False,False,False,False,False,False,False,False,False,False,False,False,False,False,False,1.0,0.0
timeclock,True,False,False,,False,,None,GitHub,,False,False,False,False,False,False,False,False,False,False,False,False,False,False,False,False,False,1.0,0.0
timelineview,True,True,False,,True,Travis CI_emulator_manual,Manual_ThirdParty,Travis CI,Travis CI,False,False,False,False,False,False,False,False,False,False,False,False,False,False,False,False,False,1.0,0.0
timer-machine-android,True,False,False,,False,,None,GitHub,,False,False,False,False,False,False,False,False,False,False,False,False,False,False,False,False,False,1.0,0.0
timerinrecyclerview,True,False,False,,False,,None,CircleCI,,False,False,False,False,False,False,False,False,False,False,False,False,False,False,False,False,False,1.0,0.0
timetable,False,False,False,,False,,None,Travis CI,,False,False,False,False,False,False,False,False,False,False,False,False,False,False,False,False,False,1.0,0.0
tinc_gui,False,False,False,,False,,None,Travis CI,,False,False,False,False,False,False,False,False,False,False,False,False,False,False,False,False,False,1.0,0.0
tinfoil-facebook,False,False,False,,False,,None,Travis CI,,False,False,False,False,False,False,False,False,False,False,False,False,False,False,False,False,False,1.0,0.0
tinylisp,True,False,False,,False,,None,CircleCI,,False,False,False,False,False,False,False,False,False,False,False,False,False,False,False,False,False,1.0,0.0
tinyritro,False,False,False,,False,,None,Travis CI,,False,False,False,False,False,False,False,False,False,False,False,False,False,False,False,False,False,1.0,0.0
tisk,False,False,False,,False,,None,Travis CI,,False,False,False,False,False,False,False,False,False,False,False,False,False,False,False,False,False,1.0,0.0
titancompanion,True,True,False,,True,Firebase_Full,ThirdParty_Service,CircleCI,CircleCI,False,False,False,False,False,False,False,False,False,False,False,False,False,False,False,False,False,1.0,0.0
titlebar,True,False,False,,False,,None,GitHub,,False,False,False,False,False,False,False,False,False,False,False,False,False,False,False,False,False,1.0,0.0
tldroid,True,False,False,,False,,None,Travis CI,,False,False,False,False,False,False,False,False,False,False,False,False,False,False,False,False,False,1.0,0.0
tmdb-client,True,False,False,,False,,None,CircleCI,,False,False,False,False,False,False,False,False,False,False,False,False,False,False,False,False,False,1.0,0.0
to-do_jetpack_compose,True,False,False,,False,,None,CircleCI,,False,False,False,False,False,False,False,False,False,False,False,False,False,False,False,False,False,1.0,0.0
toaster,True,False,False,,False,,None,"GitHub, Travis CI",,False,False,False,False,False,False,False,False,False,False,False,False,False,False,False,False,False,3.0,0.0
todayhistory,True,False,False,,False,,None,Travis CI,,False,False,False,False,False,False,False,False,False,False,False,False,False,False,False,False,False,1.0,0.0
todo,True,False,False,,False,,None,GitHub,,False,False,False,False,False,False,False,False,False,False,False,False,False,False,False,False,False,1.0,0.0
todo-app,False,False,False,,False,,None,Travis CI,,False,False,False,False,False,False,False,False,False,False,False,False,False,False,False,False,False,1.0,0.0
todo-compose,True,True,True,GitHub_emulator_full,False,,"GitHub_Hosted, None",GitHub,GitHub,False,False,False,False,False,False,False,False,False,False,True,False,False,False,False,False,1.0,3.0,0.0
todo_app,True,False,False,,False,,None,GitHub,,False,False,False,False,False,False,False,False,False,False,False,False,False,False,False,False,False,1.0,0.0
todolist-react-native,True,False,False,,False,,None,GitHub,,False,False,False,False,False,False,False,False,False,False,False,False,False,False,False,False,False,1.0,0.0
todolist-room-mvvm,True,False,False,,False,,None,GitHub,,False,False,False,False,False,False,False,False,False,False,False,False,False,False,False,False,False,1.0,0.0
todone,True,False,False,,False,,None,GitHub,,False,False,False,False,False,False,False,False,False,False,False,False,False,False,False,False,False,1.0,0.0
todont,True,False,False,,False,,None,GitHub,,False,False,False,False,False,False,False,False,False,False,False,False,False,False,False,False,False,5.0,0.0
todozy,True,False,False,,False,,None,GitHub,,False,False,False,False,False,False,False,False,False,False,False,False,False,False,False,False,False,1.0,0.0
togglebuttonlayout,False,False,False,,False,,None,Travis CI,,False,False,False,False,False,False,False,False,False,False,False,False,False,False,False,False,False,1.0,0.0
togozip,True,False,False,,False,,None,"GitHub, Travis CI",,False,False,False,False,False,False,False,False,False,False,False,False,False,False,False,False,False,2.0,0.0
tomb5,True,False,False,,False,,None,"Travis CI, Unknown",,False,False,False,False,False,False,False,False,False,False,False,False,False,False,False,False,False,2.0,0.0
tonedef,True,False,False,,False,,None,GitHub,,False,False,False,False,False,False,False,False,False,False,False,False,False,False,False,False,False,1.0,0.0
tookit,True,False,False,,False,,None,GitHub,,False,False,False,False,False,False,False,False,False,False,False,False,False,False,False,False,False,1.0,0.0
tootapp,False,False,False,,False,,None,Travis CI,,False,False,False,False,False,False,False,False,False,False,False,False,False,False,False,False,False,1.0,0.0
topdf,True,False,False,,False,,None,GitHub,,False,False,False,False,False,False,False,False,False,False,False,False,False,False,False,False,False,1.0,0.0
topsed-speedometer,True,False,False,,False,,None,GitHub,,False,False,False,False,False,False,False,False,False,False,False,False,False,False,False,False,False,2.0,0.0
torgi,False,False,False,,False,,None,Travis CI,,False,False,False,False,False,False,False,False,False,False,False,False,False,False,False,False,False,1.0,0.0
torrserve,True,False,False,,False,,None,GitHub,,False,False,False,False,False,False,False,False,False,False,False,False,False,False,False,False,False,1.0,0.0
torservices,True,False,False,,False,,None,GitLab CI,,False,False,False,False,False,False,False,False,False,False,False,False,False,False,False,False,False,1.0,0.0
tortoise,True,False,False,,False,,None,Travis CI,,False,False,False,False,False,False,False,False,False,False,False,False,False,False,False,False,False,1.0,0.0
touch,True,False,False,,False,,None,"GitHub, Travis CI",,False,False,False,False,False,False,False,False,False,False,False,False,False,False,False,False,False,2.0,0.0
towers,False,False,False,,False,,None,Travis CI,,False,False,False,False,False,False,False,False,False,False,False,False,False,False,False,False,False,1.0,0.0
toxandroidrefimpl,True,True,True,GitHub_emulator_full,False,,"GitHub_Hosted, None","CircleCI, GitHub, GitLab CI",GitHub,False,False,False,False,False,False,False,False,False,False,False,False,False,False,False,False,False,9.0,0.0
tracex,True,False,False,,False,,None,GitHub,,False,False,False,False,False,False,False,False,False,False,False,False,False,False,False,False,False,1.0,0.0
trackingwifi,True,False,False,,False,,None,GitHub,,False,False,False,False,False,False,False,False,False,False,False,False,False,False,False,False,False,1.0,0.0
tracktor-composeui,True,False,False,,False,,None,GitHub,,False,False,False,False,False,False,False,False,False,False,False,False,False,False,False,False,False,1.0,0.0
trackworktime,True,True,True,"GitHub_emulator_full, GitHub_emulator_manual",False,,"GitHub_Hosted, None",GitHub,GitHub,False,False,False,False,False,False,False,False,False,False,False,False,False,False,False,False,False,2.0,0.0
trading,True,False,False,,False,,None,GitHub,,False,False,False,False,False,False,False,False,False,False,False,False,False,False,False,False,False,3.0,0.0
trail-sense,True,False,False,,False,,None,GitHub,,False,False,False,False,False,False,False,False,False,False,False,False,False,False,False,False,False,1.0,0.0
translate,True,False,False,,False,,None,GitHub,,False,False,False,False,False,False,False,False,False,False,False,False,False,False,False,False,False,2.0,0.0
translateyou,True,False,False,,False,,None,GitHub,,False,False,False,False,False,False,False,False,False,False,False,False,False,False,False,False,False,4.0,0.0
translator,True,False,False,,False,,None,"GitHub, Travis CI",,False,False,False,False,False,False,False,False,False,False,False,False,False,False,False,False,False,3.0,0.0
transmissionic,True,False,False,,False,,None,GitHub,,False,False,False,False,False,False,False,False,False,False,False,False,False,False,False,False,False,3.0,0.0
transportr,True,True,True,GitHub_emulator_full,False,,GitHub_Hosted,GitHub,GitHub,False,False,True,False,False,False,False,False,False,False,True,False,True,False,False,False,3.0,1.0,0.0
transtone,True,False,False,,False,,None,GitHub,,False,False,False,False,False,False,False,False,False,False,False,False,False,False,False,False,False,1.0,0.0
travel-wise,True,False,False,,False,,None,GitHub,,False,False,False,False,False,False,False,False,False,False,False,False,False,False,False,False,False,1.0,0.0
travis-jr,True,False,False,,False,,None,Travis CI,,False,False,False,False,False,False,False,False,False,False,False,False,False,False,False,False,False,1.0,0.0
treetracker-android,True,False,False,,False,,None,GitHub,,False,False,False,False,False,False,False,False,False,False,False,False,False,False,False,False,False,2.0,0.0
trekarta,True,True,True,GitHub_emulator_full,False,,"GitHub_Hosted, None","GitHub, Travis CI",GitHub,False,False,False,False,True,False,False,False,False,False,True,False,False,False,False,False,2.0,3.0,0.0
tremotesf-android,True,False,False,,False,,None,GitHub,,False,False,False,False,False,False,False,False,False,False,False,False,False,False,False,False,False,1.0,0.0
trickytripper,True,False,False,,False,,None,GitHub,,False,False,False,False,False,False,False,False,False,False,False,False,False,False,False,False,False,1.0,0.0
trime,True,False,False,,False,,None,GitHub,,False,False,False,False,False,False,False,False,False,False,False,False,False,False,False,False,False,3.0,0.0
trinkster,True,False,False,,False,,None,CircleCI,,False,False,False,False,False,False,False,False,False,False,False,False,False,False,False,False,False,1.0,0.0
trip-o-meter,True,True,False,,True,Travis CI_emulator_manual,Manual_ThirdParty,Travis CI,Travis CI,False,False,False,False,False,False,False,False,False,False,False,False,False,False,False,False,False,1.0,0.0
tripmobile,False,False,False,,False,,None,GitLab CI,,False,False,False,False,False,False,False,False,False,False,False,False,False,False,False,False,False,1.0,0.0
trippo-the_travel_guide,True,False,False,,False,,None,GitHub,,False,False,False,False,False,False,False,False,False,False,False,False,False,False,False,False,False,1.0,0.0
troutoss,True,False,False,,False,,None,CircleCI,,False,False,False,False,False,False,False,False,False,False,False,False,False,False,False,False,False,1.0,0.0
truck-me-android,True,False,False,,False,,None,GitHub,,False,False,False,False,False,False,False,False,False,False,False,False,False,False,False,False,False,1.0,0.0
tsukimisou,True,False,False,,False,,None,GitHub,,False,False,False,False,False,False,False,False,False,False,False,False,False,False,False,False,False,1.0,0.0
tts-server-android,True,False,False,,False,,None,GitHub,,False,False,False,False,False,False,False,False,False,False,False,False,False,False,False,False,False,3.0,0.0
tucanmobile,True,False,False,,False,,None,Travis CI,,False,False,False,False,False,False,False,False,False,False,False,False,False,False,False,False,False,1.0,0.0
tucao,False,False,False,,False,,None,Travis CI,,False,False,False,False,False,False,False,False,False,False,False,False,False,False,False,False,False,1.0,0.0
tuner,True,False,False,,False,,None,GitHub,,False,False,False,False,False,False,False,False,False,False,False,False,False,False,False,False,False,2.0,0.0
turbojira,False,False,False,,False,,None,Travis CI,,False,False,False,False,False,False,False,False,False,False,False,False,False,False,False,False,False,1.0,0.0
tutanota,True,False,False,,False,,None,GitHub,,False,False,False,False,False,False,False,False,False,False,False,False,False,False,False,False,False,2.0,0.0
tv-launcher,False,False,False,,False,,None,GitHub,,False,False,False,False,False,False,False,False,False,False,False,False,False,False,False,False,False,1.0,0.0
tvhclient,True,False,False,,False,,None,GitHub,,False,False,False,False,False,False,False,False,False,False,False,False,False,False,False,False,False,1.0,0.0
tvremoteplay,True,False,False,,False,,None,GitHub,,False,False,False,False,False,False,False,False,False,False,False,False,False,False,False,False,False,1.0,0.0
twidere-android,True,False,False,,False,,None,Travis CI,,False,False,False,False,False,False,False,False,False,False,False,False,False,False,False,False,False,1.0,0.0
twiderex-android,True,True,True,GitHub_emulator_full,False,,"GitHub_Hosted, None",GitHub,GitHub,False,False,False,True,False,True,False,True,False,True,False,True,False,False,False,False,5.0,4.0,0.0
twilio-video-app-android,True,True,False,,True,Firebase_Full,ThirdParty_Service,CircleCI,CircleCI,False,False,False,False,False,False,False,False,False,False,False,False,False,False,False,False,False,1.0,0.0
twire,True,True,True,"GitHub_emulator_full, GitHub_emulator_manual",False,,GitHub_Hosted,GitHub,GitHub,False,False,False,False,False,False,False,False,False,False,False,True,False,False,False,False,1.0,1.0,0.0
twist-mobile,True,False,False,,False,,None,GitHub,,False,False,False,False,False,False,False,False,False,False,False,False,False,False,False,False,False,1.0,0.0
twitchapp,True,False,False,,False,,None,GitHub,,False,False,False,False,False,False,False,False,False,False,False,False,False,False,False,False,False,1.0,0.0
twittnuker,True,True,False,,True,Travis CI_emulator_manual,Manual_ThirdParty,Travis CI,Travis CI,False,False,False,False,False,False,False,False,False,False,False,False,False,False,False,False,False,1.0,0.0
txt,True,False,False,,False,,None,GitHub,,False,False,False,False,False,False,False,False,False,False,False,False,False,False,False,False,False,2.0,0.0
typewriter,True,False,False,,False,,None,Travis CI,,False,False,False,False,False,False,False,False,False,False,False,False,False,False,False,False,False,1.0,0.0
uatranslit,True,True,False,,True,Travis CI_emulator_manual,"Manual_ThirdParty, None","GitHub, Travis CI",Travis CI,False,False,False,False,False,False,False,False,False,False,False,False,False,False,False,False,False,3.0,0.0
ubuntu-launcher,True,False,False,,False,,None,GitHub,,False,False,False,False,False,False,False,False,False,False,False,False,False,False,False,False,False,1.0,0.0
udrive,False,False,False,,False,,None,Travis CI,,False,False,False,False,False,False,False,False,False,False,False,False,False,False,False,False,False,1.0,0.0
ueno,True,False,False,,False,,None,GitHub,,False,False,False,False,False,False,False,False,False,False,False,False,False,False,False,False,False,7.0,0.0
uhabits,True,False,False,,False,,None,GitHub,,False,False,False,False,False,False,False,False,False,False,False,False,False,False,False,False,False,1.0,0.0
uhooipicbook-android,True,False,False,,False,,None,GitHub,,False,False,False,False,False,False,False,False,False,False,False,False,False,False,False,False,False,4.0,0.0
uhuruphotos-android,True,True,True,GitHub_emulator_full,False,,"GitHub_Hosted, None",GitHub,GitHub,False,False,False,False,False,False,False,False,False,False,False,False,False,False,False,False,False,6.0,0.0
uinspector,True,False,False,,False,,None,GitHub,,False,False,False,False,False,False,False,False,False,False,False,False,False,False,False,False,False,1.0,0.0
ukurkecepatanstrippeds,True,False,False,,False,,None,GitLab CI,,False,False,False,False,False,False,False,False,False,False,False,False,False,False,False,False,False,1.0,0.0
ulev1plus,False,False,False,,False,,None,Travis CI,,False,False,False,False,False,False,False,False,False,False,False,False,False,False,False,False,False,1.0,0.0
ultimatewordfinder,True,True,False,,True,Travis CI_emulator_manual,Manual_ThirdParty,Travis CI,Travis CI,False,False,False,False,False,False,False,False,False,False,False,False,False,False,False,False,False,1.0,0.0
umimecesky,False,False,False,,False,,None,Travis CI,,False,False,False,False,False,False,False,False,False,False,False,False,False,False,False,False,False,1.0,0.0
umoney,True,False,False,,False,,None,GitHub,,False,False,False,False,False,False,False,False,False,False,False,False,False,False,False,False,False,1.0,0.0
unblockmusicpro_xposed,True,False,False,,False,,None,GitHub,,False,False,False,False,False,False,False,False,False,False,False,False,False,False,False,False,False,1.0,0.0
unchained-android,True,False,False,,False,,None,GitHub,,False,False,False,False,False,False,False,False,False,False,False,False,False,False,False,False,False,1.0,0.0
unciv,True,False,False,,False,,None,GitHub,,False,False,False,False,False,False,False,False,False,False,False,False,False,False,False,False,False,8.0,0.0
unconnectify-re,True,False,False,,False,,None,CircleCI,,False,False,False,False,False,False,False,False,False,False,False,False,False,False,False,False,False,1.0,0.0
unexpected-keyboard,True,False,False,,False,,None,GitHub,,False,False,False,False,False,False,False,False,False,False,False,False,False,False,False,False,False,3.0,0.0
unicode,True,False,False,,False,,None,GitHub,,False,False,False,False,False,False,False,False,False,False,False,False,False,False,False,False,False,1.0,0.0
unicodepad,True,False,False,,False,,None,CircleCI,,False,False,False,False,False,False,False,False,False,False,False,False,False,False,False,False,False,1.0,0.0
unifiednlp,True,False,False,,False,,None,GitHub,,False,False,False,False,False,False,False,False,False,False,False,False,False,False,False,False,False,2.0,0.0
unishare,True,False,False,,False,,None,GitHub,,False,False,False,False,False,False,False,False,False,False,False,False,False,False,False,False,False,1.0,0.0
unity,True,False,False,,False,,None,GitHub,,False,False,False,False,False,False,False,False,False,False,False,False,False,False,False,False,False,2.0,0.0
unitymodmanager,False,False,False,,False,,None,Travis CI,,False,False,False,False,False,False,False,False,False,False,False,False,False,False,False,False,False,1.0,0.0
universal-native-boilerplate,True,False,False,,False,,None,Travis CI,,False,False,False,False,False,False,False,False,False,False,False,False,False,False,False,False,False,1.0,0.0
unstoppable-wallet-android,True,False,False,,False,,None,GitHub,,False,False,False,False,False,False,False,False,False,False,False,False,False,False,False,False,False,3.0,0.0
upcomingmovies,True,False,False,,False,,None,GitHub,,False,False,False,False,False,False,False,False,False,False,False,False,False,False,False,False,False,1.0,0.0
upgradeall,True,False,False,,False,,None,GitHub,,False,False,False,False,False,False,False,False,False,False,False,False,False,False,False,False,False,4.0,0.0
upnext,True,False,False,,False,,None,GitHub,,False,False,False,False,False,False,False,False,False,False,False,False,False,False,False,False,False,1.0,0.0
urlchecker,True,False,False,,False,,None,GitHub,,False,False,False,False,False,False,False,False,False,False,False,False,False,False,False,False,False,9.0,0.0
usbhidterminal,False,False,False,,False,,None,Travis CI,,False,False,False,False,False,False,False,False,False,False,False,False,False,False,False,False,False,1.0,0.0
usbserial,False,False,False,,False,,None,Travis CI,,False,False,False,False,False,False,False,False,False,False,False,False,False,False,False,False,False,1.0,0.0
user-controlled-decryption-operations,True,False,False,,False,,None,GitLab CI,,False,False,False,False,False,False,False,False,False,False,False,False,False,False,False,False,False,1.0,0.0
userland,True,True,False,,True,Firebase_Full,ThirdParty_Service,CircleCI,CircleCI,False,False,False,False,False,False,False,False,False,False,False,False,False,False,False,False,False,1.0,0.0
utox,True,False,False,,False,,None,"GitHub, GitLab CI, Unknown",,False,False,False,False,False,False,False,False,False,False,False,False,False,False,False,False,False,3.0,0.0
v2ex-simple,True,False,False,,False,,None,"CircleCI, Travis CI",,False,False,False,False,False,False,False,False,False,False,False,False,False,False,False,False,False,2.0,0.0
vacationdays,True,False,False,,False,,None,GitHub,,False,False,False,False,False,False,False,False,False,False,False,False,False,False,False,False,False,3.0,0.0
vaccinfoapp,True,False,False,,False,,None,GitHub,,False,False,False,False,False,False,False,False,False,False,False,False,False,False,False,False,False,1.0,0.0
valenbisi,True,False,False,,False,,None,GitHub,,False,False,False,False,False,False,False,False,False,False,False,False,False,False,False,False,False,1.0,0.0
vanilla,True,False,False,,False,,None,Travis CI,,False,False,False,False,False,False,False,False,False,False,False,False,False,False,False,False,False,1.0,0.0
vergiss-nix,True,False,False,,False,,None,GitHub,,False,False,False,False,False,False,False,False,False,False,False,False,False,False,False,False,False,1.0,0.0
vgs-checkout-android,True,True,False,,True,Firebase_Full,ThirdParty_Service,CircleCI,CircleCI,False,False,False,False,False,False,False,False,False,False,False,False,False,False,False,False,False,1.0,0.0
vibe,True,False,False,,False,,None,GitHub,,False,False,False,False,False,False,False,False,False,False,False,False,False,False,False,False,False,2.0,0.0
video-transcoder,True,True,False,,True,Travis CI_emulator_manual,Manual_ThirdParty,Travis CI,Travis CI,False,False,False,False,False,False,False,False,False,False,False,False,False,False,False,False,False,1.0,0.0
videocrop,False,False,False,,False,,None,Travis CI,,False,False,False,False,False,False,False,False,False,False,False,False,False,False,False,False,False,1.0,0.0
videoeditor,True,False,False,,False,,None,GitHub,,False,False,False,False,False,False,False,False,False,False,False,False,False,False,False,False,False,3.0,0.0
view404,False,False,False,,False,,None,Travis CI,,False,False,False,False,False,False,False,False,False,False,False,False,False,False,False,False,False,1.0,0.0
viewmodeladapter,False,False,False,,False,,None,CircleCI,,False,False,False,False,False,False,False,False,False,False,False,False,False,False,False,False,False,1.0,0.0
viewtiful,False,False,False,,False,,None,Travis CI,,False,False,False,False,False,False,False,False,False,False,False,False,False,False,False,False,False,1.0,0.0
vimusic,True,False,False,,False,,None,GitHub,,False,False,False,False,False,False,False,False,False,False,False,False,False,False,False,False,False,1.0,0.0
vinylmusicplayer,True,False,False,,False,,None,GitHub,,False,False,False,False,False,False,False,False,False,False,False,False,False,False,False,False,False,1.0,0.0
virtual-keycard,True,False,False,,False,,None,GitLab CI,,False,False,False,False,False,False,False,False,False,False,False,False,False,False,False,False,False,1.0,0.0
virtual_traveller_flutter,True,True,True,GitHub_emulator_full,False,,"GitHub_Hosted, None",GitHub,GitHub,False,False,False,False,True,False,False,False,False,False,True,False,False,False,False,False,2.0,3.0,0.0
virtualxposed,True,False,False,,False,,None,"GitHub, Travis CI",,False,False,False,False,False,False,False,False,False,False,False,False,False,False,False,False,False,2.0,0.0
viz,True,False,False,,False,,None,Travis CI,,False,False,False,False,False,False,False,False,False,False,False,False,False,False,False,False,False,1.0,0.0
vkgeo-android,True,False,False,,False,,None,GitHub,,False,False,False,False,False,False,False,False,False,False,False,False,False,False,False,False,False,2.0,0.0
vlillechecker,True,False,False,,False,,None,Travis CI,,False,False,False,False,False,False,False,False,False,False,False,False,False,False,False,False,False,1.0,0.0
vlsm-subnet-mask-calculator,False,False,False,,False,,None,Travis CI,,False,False,False,False,False,False,False,False,False,False,False,False,False,False,False,False,False,1.0,0.0
vmconsole,True,False,False,,False,,None,GitHub,,False,False,False,False,False,False,False,False,False,False,False,False,False,False,False,False,False,1.0,0.0
vnavi,True,False,False,,False,,None,GitHub,,False,False,False,False,False,False,False,False,False,False,False,False,False,False,False,False,False,2.0,0.0
vocabletrainer-android,True,False,False,,False,,None,GitHub,,False,False,False,False,False,False,False,False,False,False,False,False,False,False,False,False,False,1.0,0.0
voice-calci,False,False,False,,False,,None,Travis CI,,False,False,False,False,False,False,False,False,False,False,False,False,False,False,False,False,False,1.0,0.0
volta,True,False,False,,False,,None,GitHub,,False,False,False,False,False,False,False,False,False,False,False,False,False,False,False,False,False,2.0,0.0
volumekeys,False,False,False,,False,,None,Travis CI,,False,False,False,False,False,False,False,False,False,False,False,False,False,False,False,False,False,1.0,0.0
volunteery,True,False,False,,False,,None,GitHub,,False,False,False,False,False,False,False,False,False,False,False,False,False,False,False,False,False,2.0,0.0
vsmartcard,True,False,False,,False,,None,"GitHub, Travis CI, Unknown",,False,False,False,False,False,False,False,False,False,False,False,False,False,False,False,False,False,4.0,0.0
vt-androidclient,True,False,False,,False,,None,GitHub,,False,False,False,False,False,False,False,False,False,False,False,False,False,False,False,False,False,2.0,0.0
vudit,True,False,False,,False,,None,GitHub,,False,False,False,False,False,False,False,False,False,False,False,False,False,False,False,False,False,3.0,0.0
vueddit,True,False,False,,False,,None,GitHub,,False,False,False,False,False,False,False,False,False,False,False,False,False,False,False,False,False,1.0,0.0
vuetube,True,False,False,,False,,None,GitHub,,False,False,False,False,False,False,False,False,False,False,False,False,False,False,False,False,False,1.0,0.0
vulkan_best_practice_for_mobile_developers,True,False,False,,False,,None,GitLab CI,,False,False,False,False,False,False,False,False,False,False,False,False,False,False,False,False,False,1.0,0.0
w203-canbus,True,False,False,,False,,None,GitHub,,False,False,False,False,False,False,False,False,False,False,False,False,False,False,False,False,False,2.0,0.0
waifu,True,False,False,,False,,None,GitHub,,False,False,False,False,False,False,False,False,False,False,False,False,False,False,False,False,False,1.0,0.0
wakelock-revamp,True,False,False,,False,,None,GitHub,,False,False,False,False,False,False,False,False,False,False,False,False,False,False,False,False,False,2.0,0.0
wallme-wallpaper,True,False,False,,False,,None,GitHub,,False,False,False,False,False,False,False,False,False,False,False,False,False,False,False,False,False,1.0,0.0
wallpaper,True,False,False,,False,,None,GitHub,,False,False,False,False,False,False,False,False,False,False,False,False,False,False,False,False,False,1.0,0.0
wallpaperexport,True,False,False,,False,,None,GitHub,,False,False,False,False,False,False,False,False,False,False,False,False,False,False,False,False,False,1.0,0.0
wanandroid,True,False,False,,False,,None,"GitHub, Travis CI",,False,False,False,False,False,False,False,False,False,False,False,False,False,False,False,False,False,3.0,0.0
wanandroid_compose,True,False,False,,False,,None,GitHub,,False,False,False,False,False,False,False,False,False,False,False,False,False,False,False,False,False,1.0,0.0
wantum-android,True,False,False,,False,,None,GitHub,,False,False,False,False,False,False,False,False,False,False,False,False,False,False,False,False,False,1.0,0.0
wasp-os-companion,True,False,False,,False,,None,GitHub,,False,False,False,False,False,False,False,False,False,False,False,False,False,False,False,False,False,1.0,0.0
wasted,True,False,False,,False,,None,GitHub,,False,False,False,False,False,False,False,False,False,False,False,False,False,False,False,False,False,2.0,0.0
watchcat,True,False,False,,False,,None,GitHub,,False,False,False,False,False,False,False,False,False,False,False,False,False,False,False,False,False,1.0,0.0
watchdone,True,False,False,,False,,None,GitHub,,False,False,False,False,False,False,False,False,False,False,False,False,False,False,False,False,False,2.0,0.0
watchlist,True,False,False,,False,,None,CircleCI,,False,False,False,False,False,False,False,False,False,False,False,False,False,False,False,False,False,1.0,0.0
watchtower,True,False,False,,False,,None,Travis CI,,False,False,False,False,False,False,False,False,False,False,False,False,False,False,False,False,False,1.0,0.0
water-me,True,False,False,,False,,None,GitHub,,False,False,False,False,False,False,False,False,False,False,False,False,False,False,False,False,False,1.0,0.0
waterfly-iii,True,False,False,,False,,None,GitHub,,False,False,False,False,False,False,False,False,False,False,False,False,False,False,False,False,False,1.0,0.0
watermaniac,True,False,False,,False,,None,GitHub,,False,False,False,False,False,False,False,False,False,False,False,False,False,False,False,False,False,1.0,0.0
watermelonquotes,False,False,False,,False,,None,Travis CI,,False,False,False,False,False,False,False,False,False,False,False,False,False,False,False,False,False,1.0,0.0
watomatic,True,False,False,,False,,None,GitHub,,False,False,False,False,False,False,False,False,False,False,False,False,False,False,False,False,False,2.0,0.0
waveswallet-android,True,False,False,,False,,None,CircleCI,,False,False,False,False,False,False,False,False,False,False,False,False,False,False,False,False,False,1.0,0.0
wawa-tabor,True,True,False,,True,Firebase_Full,"None, ThirdParty_Service",GitHub,GitHub,False,False,False,False,False,False,False,False,False,False,False,False,False,False,False,False,False,3.0,0.0
wax,True,False,False,,False,,None,GitHub,,False,False,False,False,False,False,False,False,False,False,False,False,False,False,False,False,False,1.0,0.0
waylan_android,True,False,False,,False,,None,GitHub,,False,False,False,False,False,False,False,False,False,False,False,False,False,False,False,False,False,2.0,0.0
waypoint-compass,True,False,False,,False,,None,CircleCI,,False,False,False,False,False,False,False,False,False,False,False,False,False,False,False,False,False,1.0,0.0
wazaker,True,False,False,,False,,None,GitHub,,False,False,False,False,False,False,False,False,False,False,False,False,False,False,False,False,False,3.0,0.0
we-trade,True,True,True,GitHub_emulator_full,False,,GitHub_Hosted,GitHub,GitHub,False,False,False,False,True,False,False,True,False,False,True,False,False,False,False,False,3.0,1.0,0.0
wearkit,True,False,False,,False,,None,GitHub,,False,False,False,False,False,False,False,False,False,False,False,False,False,False,False,False,False,2.0,0.0
weather-app-2020-android,True,False,False,,False,,None,GitHub,,False,False,False,False,False,False,False,False,False,False,False,False,False,False,False,False,False,1.0,0.0
weather-app-compose,True,True,True,GitHub_emulator_full,False,,GitHub_Hosted,GitHub,GitHub,False,False,False,False,True,False,False,True,False,False,True,False,False,False,False,False,3.0,1.0,0.0
weather-forecast-id,True,True,True,GitHub_emulator_full,False,,"GitHub_Hosted, None",GitHub,GitHub,False,False,False,False,False,False,False,False,False,False,True,False,False,False,False,False,1.0,3.0,0.0
weatherapp,True,False,False,,False,,None,GitHub,,False,False,False,False,False,False,False,False,False,False,False,False,False,False,False,False,False,1.0,0.0
weatherapp-android,True,False,False,,False,,None,GitHub,,False,False,False,False,False,False,False,False,False,False,False,False,False,False,False,False,False,2.0,0.0
weathercast,False,False,False,,False,,None,CircleCI,,False,False,False,False,False,False,False,False,False,False,False,False,False,False,False,False,False,1.0,0.0
weatherradar,False,False,False,,False,,None,Travis CI,,False,False,False,False,False,False,False,False,False,False,False,False,False,False,False,False,False,1.0,0.0
webaudio-spectrum-analyser,True,False,False,,False,,None,GitHub,,False,False,False,False,False,False,False,False,False,False,False,False,False,False,False,False,False,3.0,0.0
webmark,True,True,False,,True,Firebase_Full,ThirdParty_Service,CircleCI,CircleCI,False,False,False,False,False,False,False,False,False,False,False,False,False,False,False,False,False,1.0,0.0
webmon,True,False,False,,False,,None,GitLab CI,,False,False,False,False,False,False,False,False,False,False,False,False,False,False,False,False,False,1.0,0.0
websiterss,True,False,False,,False,,None,Travis CI,,False,False,False,False,False,False,False,False,False,False,False,False,False,False,False,False,False,1.0,0.0
webtoon,True,False,False,,False,,None,GitHub,,False,False,False,False,False,False,False,False,False,False,False,False,False,False,False,False,False,2.0,0.0
webviewadapter,False,False,False,,False,,None,Travis CI,,False,False,False,False,False,False,False,False,False,False,False,False,False,False,False,False,False,1.0,0.0
weechat-android,True,False,False,,False,,None,GitHub,,False,False,False,False,False,False,False,False,False,False,False,False,False,False,False,False,False,1.0,0.0
weiju-androidclient,True,False,False,,False,,None,CircleCI,,False,False,False,False,False,False,False,False,False,False,False,False,False,False,False,False,False,1.0,0.0
weipay,False,False,False,,False,,None,CircleCI,,False,False,False,False,False,False,False,False,False,False,False,False,False,False,False,False,False,1.0,0.0
wellness_meter,True,False,False,,False,,None,GitHub,,False,False,False,False,False,False,False,False,False,False,False,False,False,False,False,False,False,1.0,0.0
wellnesscity,True,False,False,,False,,None,GitHub,,False,False,False,False,False,False,False,False,False,False,False,False,False,False,False,False,False,1.0,0.0
werewolf,True,False,False,,False,,None,GitHub,,False,False,False,False,False,False,False,False,False,False,False,False,False,False,False,False,False,2.0,0.0
wessager,True,False,False,,False,,None,GitHub,,False,False,False,False,False,False,False,False,False,False,False,False,False,False,False,False,False,1.0,0.0
whats-nearby,True,True,False,,True,Travis CI_emulator_manual,Manual_ThirdParty,Travis CI,Travis CI,False,False,False,False,False,False,False,False,False,False,False,False,False,False,False,False,False,1.0,0.0
whatsapp-status-download,True,False,False,,False,,None,GitHub,,False,False,False,False,False,False,False,False,False,False,False,False,False,False,False,False,False,1.0,0.0
whatsapp_status_saver,True,False,False,,False,,None,GitHub,,False,False,False,False,False,False,False,False,False,False,False,False,False,False,False,False,False,1.0,0.0
whatsappbetaupdater,True,False,False,,False,,None,Travis CI,,False,False,False,False,False,False,False,False,False,False,False,False,False,False,False,False,False,1.0,0.0
whatsthere,True,False,False,,False,,None,GitHub,,False,False,False,False,False,False,False,False,False,False,False,False,False,False,False,False,False,1.0,0.0
wheellog,True,False,False,,False,,None,GitHub,,False,False,False,False,False,False,False,False,False,False,False,False,False,False,False,False,False,2.0,0.0
white-noise-player,True,False,False,,False,,None,GitHub,,False,False,False,False,False,False,False,False,False,False,False,False,False,False,False,False,False,2.0,0.0
whooby,False,False,False,,False,,None,GitHub,,False,False,False,False,False,False,False,False,False,False,False,False,False,False,False,False,False,1.0,0.0
whs,True,False,False,,False,,None,Travis CI,,False,False,False,False,False,False,False,False,False,False,False,False,False,False,False,False,False,1.0,0.0
whuhelper,True,False,False,,False,,None,GitHub,,False,False,False,False,False,False,False,False,False,False,False,False,False,False,False,False,False,1.0,0.0
wifi-automatic,False,False,False,,False,,None,Travis CI,,False,False,False,False,False,False,False,False,False,False,False,False,False,False,False,False,False,1.0,0.0
wifi-radar,True,False,False,,False,,None,GitHub,,False,False,False,False,False,False,False,False,False,False,False,False,False,False,False,False,False,1.0,0.0
wifianalyzer,True,False,False,,False,,None,GitHub,,False,False,False,False,False,False,False,False,False,False,False,False,False,False,False,False,False,2.0,0.0
wifiauto,False,False,False,,False,,None,Travis CI,,False,False,False,False,False,False,False,False,False,False,False,False,False,False,False,False,False,1.0,0.0
wifiindoorpositioning,False,False,False,,False,,None,Travis CI,,False,False,False,False,False,False,False,False,False,False,False,False,False,False,False,False,False,1.0,0.0
wifikeyshare,True,False,False,,False,,None,Travis CI,,False,False,False,False,False,False,False,False,False,False,False,False,False,False,False,False,False,1.0,0.0
wifisdcryptolocker,True,True,False,,True,Travis CI_emulator_manual,Manual_ThirdParty,Travis CI,Travis CI,False,False,False,False,False,False,False,False,False,False,False,False,False,False,False,False,False,1.0,0.0
wifiview,False,False,False,,False,,None,Travis CI,,False,False,False,False,False,False,False,False,False,False,False,False,False,False,False,False,False,1.0,1.0
wiimotedsu,True,False,False,,False,,None,GitHub,,False,False,False,False,False,False,False,False,False,False,False,False,False,False,False,False,False,3.0,0.0
wikiexplorer,True,False,False,,False,,None,"CircleCI, GitHub",,False,False,False,False,False,False,False,False,False,False,False,False,False,False,False,False,False,2.0,0.0
wilt-android,True,False,False,,False,,None,Travis CI,,False,False,False,False,False,False,False,False,False,False,False,False,False,False,False,False,False,1.0,0.0
wine,True,False,False,,False,,None,GitLab CI,,False,False,False,False,False,False,False,False,False,False,False,False,False,False,False,False,False,1.0,0.0
wlanbackend,True,False,False,,False,,None,GitLab CI,,False,False,False,False,False,False,False,False,False,False,False,False,False,False,False,False,False,1.0,0.0
wollok-mobile,True,False,False,,False,,None,GitHub,,False,False,False,False,False,False,False,False,False,False,False,False,False,False,False,False,False,2.0,0.0
wolmo-cookbook-android,True,False,False,,False,,None,Travis CI,,False,False,False,False,False,False,False,False,False,False,False,False,False,False,False,False,False,1.0,0.0
wonkey,True,False,False,,False,,None,"GitHub, Travis CI",,False,False,False,False,False,False,False,False,False,False,False,False,False,False,False,False,False,8.0,0.0
woolly-app,True,False,False,,False,,None,GitHub,,False,False,False,False,False,False,False,False,False,False,False,False,False,False,False,False,False,2.0,0.0
word-list,False,False,False,,False,,None,Travis CI,,False,False,False,False,False,False,False,False,False,False,False,False,False,False,False,False,False,1.0,0.0
wordle-kt,True,False,False,,False,,None,GitHub,,False,False,False,False,False,False,False,False,False,False,False,False,False,False,False,False,False,1.0,0.0
wordlecompose,True,False,False,,False,,None,GitHub,,False,False,False,False,False,False,False,False,False,False,False,False,False,False,False,False,False,1.0,0.0
wordlesolver,True,False,False,,False,,None,GitHub,,False,False,False,False,False,False,False,False,False,False,False,False,False,False,False,False,False,2.0,0.0
wordpowermadeeasy,True,True,False,,True,Travis CI_emulator_manual,Manual_ThirdParty,Travis CI,Travis CI,False,False,False,False,False,False,False,False,False,False,False,False,False,False,False,False,False,1.0,0.0
wordpress-app-with-flutter,True,False,False,,False,,None,GitHub,,False,False,False,False,False,False,False,False,False,False,False,False,False,False,False,False,False,1.0,0.0
wormhole-william-mobile,True,False,False,,False,,None,GitHub,,False,False,False,False,False,False,False,False,False,False,False,False,False,False,False,False,False,1.0,0.0
wqthrottle,True,False,False,,False,,None,GitHub,,False,False,False,False,False,False,False,False,False,False,False,False,False,False,False,False,False,3.0,0.0
writeily-pro,False,False,False,,False,,None,Travis CI,,False,False,False,False,False,False,False,False,False,False,False,False,False,False,False,False,False,1.0,0.0
ws2022_pme_flipsen,True,False,False,,False,,None,GitHub,,False,False,False,False,False,False,False,False,False,False,False,False,False,False,False,False,False,1.0,0.0
wsa-installedapps,True,False,False,,False,,None,GitHub,,False,False,False,False,False,False,False,False,False,False,False,False,False,False,False,False,False,1.0,0.0
wsandroid,False,False,False,,False,,None,Travis CI,,False,False,False,False,False,False,False,False,False,False,False,False,False,False,False,False,False,1.0,0.0
wtcounter,True,False,False,,False,,None,CircleCI,,False,False,False,False,False,False,False,False,False,False,False,False,False,False,False,False,False,1.0,0.0
wwwjdic,True,False,False,,False,,None,GitHub,,False,False,False,False,False,False,False,False,False,False,False,False,False,False,False,False,False,4.0,0.0
xabber-android,False,False,False,,False,,None,Travis CI,,False,False,False,False,False,False,False,False,False,False,False,False,False,False,False,False,False,1.0,0.0
xbmc,True,False,False,,False,,None,GitHub,,False,False,False,False,False,False,False,False,False,False,False,False,False,False,False,False,False,3.0,0.0
xcsoar,True,False,False,,False,,None,"GitHub, GitLab CI",,False,False,False,False,False,False,False,False,False,False,False,False,False,False,False,False,False,6.0,0.0
xiaexpressandroid,True,True,False,,True,Travis CI_emulator_manual,Manual_ThirdParty,Travis CI,Travis CI,False,False,False,False,False,False,False,False,False,False,False,False,False,False,False,False,False,1.0,0.0
xiaomiode2code2022,True,False,False,,False,,None,GitHub,,False,False,False,False,False,False,False,False,False,False,False,False,False,False,False,False,False,3.0,0.0
xiaoxiazhihu,True,False,False,,False,,None,Travis CI,,False,False,False,False,False,False,False,False,False,False,False,False,False,False,False,False,False,1.0,0.0
xifan,False,False,False,,False,,None,Travis CI,,False,False,False,False,False,False,False,False,False,False,False,False,False,False,False,False,False,1.0,0.0
xikolo-android,True,False,False,,False,,None,GitHub,,False,False,False,False,False,False,False,False,False,False,False,False,False,False,False,False,False,2.0,0.0
xplayer,True,False,False,,False,,None,GitHub,,False,False,False,False,False,False,False,False,False,False,False,False,False,False,False,False,False,2.0,0.0
xxpermissions,True,False,False,,False,,None,GitHub,,False,False,False,False,False,False,False,False,False,False,False,False,False,False,False,False,False,1.0,0.0
xzil-wallet,True,False,False,,False,,None,CircleCI,,False,False,False,False,False,False,False,False,False,False,False,False,False,False,False,False,False,1.0,0.0
yaaic,False,False,False,,False,,None,Travis CI,,False,False,False,False,False,False,False,False,False,False,False,False,False,False,False,False,False,1.0,0.0
yacguide,True,True,True,"GitHub_emulator_full, GitHub_emulator_manual",False,,"GitHub_Hosted, None",GitHub,GitHub,False,False,False,False,False,False,False,True,False,False,False,False,False,False,True,False,2.0,2.0,0.0
yana,True,False,False,,False,,None,GitHub,,False,False,False,False,False,False,False,False,False,False,False,False,False,False,False,False,False,1.0,0.0
yelpexplorer,True,False,False,,False,,None,GitHub,,False,False,False,False,False,False,False,False,False,False,False,False,False,False,False,False,False,2.0,0.0
yggdrasil-android,True,False,False,,False,,None,GitHub,,False,False,False,False,False,False,False,False,False,False,False,False,False,False,False,False,False,1.0,0.0
you-coach-you,True,False,False,,False,,None,GitHub,,False,False,False,False,False,False,False,False,False,False,False,False,False,False,False,False,False,1.0,0.0
you-have-mail,True,False,False,,False,,None,GitHub,,False,False,False,False,False,False,False,False,False,False,False,False,False,False,False,False,False,1.0,0.0
youkai,False,False,False,,False,,None,Travis CI,,False,False,False,False,False,False,False,False,False,False,False,False,False,False,False,False,False,1.0,0.0
your-local-weather,False,False,False,,False,,None,Travis CI,,False,False,False,False,False,False,False,False,False,False,False,False,False,False,False,False,False,1.0,0.0
youtube-android,True,False,False,,False,,None,GitHub,,False,False,False,False,False,False,False,False,False,False,False,False,False,False,False,False,False,1.0,0.0
youtune-reactnative,True,False,False,,False,,None,GitHub,,False,False,False,False,False,False,False,False,False,False,False,False,False,False,False,False,False,3.0,0.0
ytalarm,True,True,True,GitHub_emulator_full,False,,"GitHub_Hosted, None",GitHub,GitHub,False,False,False,False,False,False,False,False,False,False,False,False,False,False,False,False,False,4.0,0.0
yubioath-flutter,True,False,False,,False,,None,GitHub,,False,False,False,False,False,False,False,False,False,False,False,False,False,False,False,False,False,6.0,0.0
yummy,True,False,False,,False,,None,GitHub,,False,False,False,False,False,False,False,False,False,False,False,False,False,False,False,False,False,1.0,0.0
yunshu_music,True,False,False,,False,,None,GitHub,,False,False,False,False,False,False,False,False,False,False,False,False,False,False,False,False,False,1.0,0.0
zandy,True,False,False,,False,,None,GitHub,,False,False,False,False,False,False,False,False,False,False,False,False,False,False,False,False,False,1.0,0.0
zapp,True,False,False,,False,,None,GitHub,,False,False,False,False,False,False,False,False,False,False,False,False,False,False,False,False,False,1.0,0.0
zaptap,True,False,False,,False,,None,CircleCI,,False,False,False,False,False,False,False,False,False,False,False,False,False,False,False,False,False,1.0,0.0
zatca,True,False,False,,False,,None,GitHub,,False,False,False,False,False,False,False,False,False,False,False,False,False,False,False,False,False,1.0,0.0
zazen,True,False,False,,False,,None,GitHub,,False,False,False,False,False,False,False,False,False,False,False,False,False,False,False,False,False,2.0,0.0
zephyr,True,False,False,,False,,None,GitHub,,False,False,False,False,False,False,False,False,False,False,False,False,False,False,False,False,False,1.0,0.0
zeptobird,True,False,False,,False,,None,Travis CI,,False,False,False,False,False,False,False,False,False,False,False,False,False,False,False,False,False,1.0,0.0
zero,False,False,False,,False,,None,Travis CI,,False,False,False,False,False,False,False,False,False,False,False,False,False,False,False,False,False,1.0,0.0
zethree,True,False,False,,False,,None,GitHub,,False,False,False,False,False,False,False,False,False,False,False,False,False,False,False,False,False,1.0,0.0
zoo-compose,True,True,True,GitHub_emulator_full,False,,GitHub_Hosted,GitHub,GitHub,False,False,False,False,True,False,False,True,False,False,True,False,False,False,False,False,3.0,1.0,0.0
zoomlayout,True,False,False,,False,,None,GitHub,,False,False,False,False,False,False,False,False,False,False,False,False,False,False,False,False,False,3.0,0.0
zsmth-android,True,False,False,,False,,None,GitHub,,False,False,False,False,False,False,False,False,False,False,False,False,False,False,False,False,False,2.0,0.0
zulip-mobile,True,False,False,,False,,None,GitHub,,False,False,False,False,False,False,False,False,False,False,False,False,False,False,False,False,False,1.0,0.0
zup-android-tecnico,True,False,False,,False,,None,GitLab CI,,False,False,False,False,False,False,False,False,False,False,False,False,False,False,False,False,False,1.0,0.0
False,False,False,False,,False,False,,,,False,False,False,False,False,False,False,False,False,False,False,False,False,False,False,False,False,0.0,0.0
