project,test_types,ci_platform,Unit Test,Instrumentation Testing,GitHub Action,GitHub Action Type,Third_Party,Third_Party_Name
detoxiom,none,GitHub Actions,False,False,False,,False,
signalr-chatroom,Unit_Test,GitHub Actions,True,False,False,,False,
progressnote,Unit_Test,GitHub Actions,True,False,False,,False,
progressnote,Unit_Test,GitHub Actions,True,False,False,,False,
cboy,Unit_Test,GitHub Actions,True,False,False,,False,
cboy,Unit_Test,GitHub Actions,True,False,False,,False,
cboy,Unit_Test,GitHub Actions,True,False,False,,False,
cboy,Unit_Test,GitHub Actions,True,False,False,,False,
motionmate,Unit_Test,GitHub Actions,True,False,False,,False,
motionmate,none,Travis CI,False,False,False,,False,
vocabletrainer-android,Unit_Test,GitHub Actions,True,False,False,,False,
opmt,Unit_Test,GitHub Actions,True,False,False,,False,
oiapp,Unit_Test,CircleCI,True,False,False,,False,
stormappmaster2020,Unit_Test,GitHub Actions,True,False,False,,False,
stormappuser2020,Unit_Test,GitHub Actions,True,False,False,,False,
socialgist,Unit_Test,GitHub Actions,True,False,False,,False,
usbhidterminal,none,Travis CI,False,False,False,,False,
scala-android,Unit_Test,Travis CI,True,False,False,,False,
canvasscript,Unit_Test,Travis CI,True,False,False,,False,
transmissionic,Unit_Test,GitHub Actions,True,False,False,,False,
transmissionic,Unit_Test,GitHub Actions,True,False,False,,False,
transmissionic,Unit_Test,GitHub Actions,True,False,False,,False,
android-temporarybrightness,none,Travis CI,False,False,False,,False,
callconfirm,Unit_Test,GitHub Actions,True,False,False,,False,
fileshortcut,none,Travis CI,False,False,False,,False,
android-2048-compose-material3,Unit_Test,GitHub Actions,True,False,False,,False,
android-2048-compose-material3,Unit_Test,GitHub Actions,True,False,False,,False,
appopsx,none,GitHub Actions,False,False,False,,False,
labeled-range-slider,Unit_Test,GitHub Actions,True,False,False,,False,
cataclysm-dda-android,Unit_Test,GitHub Actions,True,False,False,,False,
ricknmortycompose,Unit_Test,GitHub Actions,True,False,False,,False,
you-coach-you,Unit_Test,GitHub Actions,True,False,False,,False,
otpview,none,Travis CI,False,False,False,,False,
pure,Unit_Test,GitHub Actions,True,False,False,,False,
serious-sam-android,none,Unknown,False,False,False,,False,
juicetimetable,Unit_Test,GitHub Actions,True,False,False,,False,
juicetimetable,Unit_Test,GitHub Actions,True,False,False,,False,
dmix,none,Travis CI,False,False,False,,False,
filepickerdialog-master,none,Travis CI,False,False,False,,False,
semantic,Unit_Test,GitHub Actions,True,False,False,,False,
semantic,Unit_Test,GitHub Actions,True,False,False,,False,
ad-free,Unit_Test,GitHub Actions,True,False,False,,False,
water-me,Unit_Test,GitHub Actions,True,False,False,,False,
photon,Unit_Test,GitHub Actions,True,False,False,,False,
photon,Unit_Test,GitHub Actions,True,False,False,,False,
ez-recipes-android,Unit_Test,GitHub Actions,True,False,False,,False,
ez-recipes-android,"GitHub_emulator_full, Other, Unit_Test",GitHub Actions,True,True,True,GitHub_emulator_full,False,
brouter,Unit_Test,GitHub Actions,True,False,False,,False,
brouter,Unit_Test,GitHub Actions,True,False,False,,False,
shoppinglist,Unit_Test,GitHub Actions,True,False,False,,False,
shoppinglist,Unit_Test,GitHub Actions,True,False,False,,False,
aztube-app,Unit_Test,GitHub Actions,True,False,False,,False,
brassexcerpts,Unit_Test,GitHub Actions,True,False,False,,False,
scalepractice,Unit_Test,GitHub Actions,True,False,False,,False,
android,Unit_Test,GitHub Actions,True,False,False,,False,
android,Unit_Test,GitHub Actions,True,False,False,,False,
android,Unit_Test,GitHub Actions,True,False,False,,False,
android,Unit_Test,GitHub Actions,True,False,False,,False,
accrescent,Unit_Test,GitHub Actions,True,False,False,,False,
accrescent,Unit_Test,GitHub Actions,True,False,False,,False,
accrescent,Unit_Test,GitHub Actions,True,False,False,,False,
15puzzle,Unit_Test,GitHub Actions,True,False,False,,False,
acdisplay,"Travis_emulator_manual, Unit_Test",Travis CI,True,True,True,GitHub_emulator_manual,False,
c2c-android-2021,Unit_Test,GitHub Actions,True,False,False,,False,
c2c-android-2021,Unit_Test,GitHub Actions,True,False,False,,False,
gitpositive,Unit_Test,GitHub Actions,True,False,False,,False,
gitpositive,Unit_Test,GitHub Actions,True,False,False,,False,
amirisback_frogo-admob,Unit_Test,GitHub Actions,True,False,False,,False,
amirisback_frogo-admob,Unit_Test,GitHub Actions,True,False,False,,False,
amirisback_frogo-admob,Unit_Test,GitHub Actions,True,False,False,,False,
alt,Unit_Test,GitHub Actions,True,False,False,,False,
alt,Unit_Test,GitHub Actions,True,False,False,,False,
alt,Unit_Test,GitHub Actions,True,False,False,,False,
aw-android,"GitHub_emulator_manual, Unit_Test",GitHub Actions,True,True,True,GitHub_emulator_manual,False,
aw-android,Unit_Test,GitHub Actions,True,False,False,,False,
rlad,"GitHub_emulator_full, Unit_Test",GitHub Actions,True,True,True,GitHub_emulator_full,False,
lineflag,Unit_Test,GitHub Actions,True,False,False,,False,
lineflag,Unit_Test,GitHub Actions,True,False,False,,False,
lineflag,Unit_Test,GitHub Actions,True,False,False,,False,
adaway,Unit_Test,GitHub Actions,True,False,False,,False,
adaway,Unit_Test,GitHub Actions,True,False,False,,False,
adaway,Unit_Test,GitHub Actions,True,False,False,,False,
adaway,Unit_Test,GitHub Actions,True,False,False,,False,
watomatic,Unit_Test,GitHub Actions,True,False,False,,False,
watomatic,Unit_Test,GitHub Actions,True,False,False,,False,
watchtower,none,Travis CI,False,False,False,,False,
madesubmsission,Unit_Test,CircleCI,True,False,False,,False,
companion-for-band,Unit_Test,Travis CI,True,False,False,,False,
canteen_app,Unit_Test,GitHub Actions,True,False,False,,False,
inventory-tracker,Unit_Test,GitHub Actions,True,False,False,,False,
met-cs622-chatbot-project,Unit_Test,GitHub Actions,True,False,False,,False,
met-cs622-chatbot-project,Unit_Test,GitHub Actions,True,False,False,,False,
dcipher-app,none,Travis CI,False,False,False,,False,
word-list,none,GitHub Actions,False,False,False,,False,
covidcertificate-app-android,Unit_Test,GitHub Actions,True,False,False,,False,
covidcertificate-app-android,Unit_Test,GitHub Actions,True,False,False,,False,
covidcertificate-app-android,Unit_Test,GitHub Actions,True,False,False,,False,
covidcertificate-app-android,Unit_Test,GitHub Actions,True,False,False,,False,
covidcertificate-app-android,Unit_Test,GitHub Actions,True,False,False,,False,
covidcertificate-app-android,Unit_Test,GitHub Actions,True,False,False,,False,
covidcertificate-app-android,Unit_Test,GitHub Actions,True,False,False,,False,
covidcertificate-app-android,Unit_Test,GitHub Actions,True,False,False,,False,
covidcertificate-app-android,"Unit_Test, browserstack_test",GitHub Actions,True,True,False,,True,browserstack_test
covidcertificate-app-android,Unit_Test,GitHub Actions,True,False,False,,False,
covidcertificate-app-android,Unit_Test,GitHub Actions,True,False,False,,False,
compose-challenges,"GitHub_emulator_full, Other, Unit_Test",GitHub Actions,True,True,True,GitHub_emulator_full,False,
got-trivia,none,Travis CI,False,False,False,,False,
secure-storage-android,"GitHub_emulator_full, Unit_Test",GitHub Actions,True,True,True,GitHub_emulator_full,False,
secure-storage-android,Unit_Test,GitHub Actions,True,False,False,,False,
secure-storage-android,"GitHub_emulator_full, Unit_Test",GitHub Actions,True,True,True,GitHub_emulator_full,False,
cheddar,Unit_Test,GitHub Actions,True,False,False,,False,
cheddar,Unit_Test,GitHub Actions,True,False,False,,False,
pict2cam,Unit_Test,GitHub Actions,True,False,False,,False,
pict2cam,Unit_Test,GitHub Actions,True,False,False,,False,
pict2cam,Unit_Test,GitHub Actions,True,False,False,,False,
pict2cam,Unit_Test,GitHub Actions,True,False,False,,False,
pict2cam,Unit_Test,GitHub Actions,True,False,False,,False,
pict2cam,Unit_Test,GitHub Actions,True,False,False,,False,
pict2cam,Unit_Test,GitHub Actions,True,False,False,,False,
pict2cam,Unit_Test,GitHub Actions,True,False,False,,False,
pict2cam,Unit_Test,GitHub Actions,True,False,False,,False,
kaptain,Unit_Test,GitHub Actions,True,False,False,,False,
mtg-familiar,Unit_Test,CircleCI,True,False,False,,False,
sai,Unit_Test,GitHub Actions,True,False,False,,False,
mypass-app,Unit_Test,Unknown,True,False,False,,False,
spi,none,GitHub Actions,False,False,False,,False,
fastlane-android-ci,none,Travis CI,False,False,False,,False,
pixelwheels,none,GitHub Actions,False,False,False,,False,
pixelwheels,Unit_Test,GitHub Actions,True,False,False,,False,
polaris-android,Unit_Test,GitHub Actions,True,False,False,,False,
polaris-android,none,GitHub Actions,False,False,False,,False,
polaris-android,none,GitHub Actions,False,False,False,,False,
ad-silence,Unit_Test,GitHub Actions,True,False,False,,False,
agoradesk-app-foss,Unit_Test,GitHub Actions,True,False,False,,False,
loaderspack-android,Unit_Test,CircleCI,True,False,False,,False,
todolist-room-mvvm,Unit_Test,GitHub Actions,True,False,False,,False,
laverna-android,Unit_Test,GitHub Actions,True,False,False,,False,
ane-branchio,Unit_Test,GitHub Actions,True,False,False,,False,
hail,Unit_Test,GitHub Actions,True,False,False,,False,
kpassnotes,Unit_Test,GitHub Actions,True,False,False,,False,
fastadapter,none,Travis CI,False,False,False,,False,
floatingactionbutton-menu,Unit_Test,GitHub Actions,True,False,False,,False,
expensemanager,"GitHub_emulator_full, Other, Unit_Test",GitHub Actions,True,True,True,GitHub_emulator_full,False,
sherlock,Unit_Test,Travis CI,True,False,False,,False,
nofbeventscraper,Unit_Test,GitHub Actions,True,False,False,,False,
nofbeventscraper,Unit_Test,GitHub Actions,True,False,False,,False,
enroute,Unit_Test,GitHub Actions,True,False,False,,False,
enroute,Unit_Test,GitHub Actions,True,False,False,,False,
enroute,Unit_Test,GitHub Actions,True,False,False,,False,
enroute,none,GitHub Actions,False,False,False,,False,
sparta,Unit_Test,GitHub Actions,True,False,False,,False,
sparta,Unit_Test,GitHub Actions,True,False,False,,False,
sparta,Unit_Test,GitHub Actions,True,False,False,,False,
sparta,Unit_Test,GitHub Actions,True,False,False,,False,
sparta,Unit_Test,GitHub Actions,True,False,False,,False,
pokemar,Unit_Test,GitHub Actions,True,False,False,,False,
palette-compose,Unit_Test,GitHub Actions,True,False,False,,False,
palette-compose,"GitHub_emulator_full, Unit_Test",GitHub Actions,True,True,True,GitHub_emulator_full,False,
android-beginner-projects,none,GitHub Actions,False,False,False,,False,
android-beginner-projects,Unit_Test,GitHub Actions,True,False,False,,False,
android-beginner-projects,Unit_Test,GitHub Actions,True,False,False,,False,
android-beginner-projects,Unit_Test,GitHub Actions,True,False,False,,False,
android-beginner-projects,Unit_Test,GitHub Actions,True,False,False,,False,
snaptimepicker,Unit_Test,GitHub Actions,True,False,False,,False,
discusim,none,CircleCI,False,False,False,,False,
seiun,Unit_Test,GitHub Actions,True,False,False,,False,
seiun,Unit_Test,GitHub Actions,True,False,False,,False,
upnext,Unit_Test,GitHub Actions,True,False,False,,False,
coolweather,Unit_Test,CircleCI,True,False,False,,False,
oblique,none,Travis CI,False,False,False,,False,
piximagepicker,Unit_Test,GitHub Actions,True,False,False,,False,
gofun-android,none,Travis CI,False,False,False,,False,
akvo-flow-mobile,Unit_Test,GitHub Actions,True,False,False,,False,
akvo-rsr-up,"Unit_Test, firebase_Compact",GitHub Actions,True,True,False,,True,firebase_Compact
mypodcasts-android,Unit_Test,Travis CI,True,False,False,,False,
flap,none,Travis CI,False,False,False,,False,
pokedex,Unit_Test,GitHub Actions,True,False,False,,False,
pokedex,Unit_Test,GitHub Actions,True,False,False,,False,
pokedex,Unit_Test,GitHub Actions,True,False,False,,False,
innoextract-android,Unit_Test,GitHub Actions,True,False,False,,False,
innoextract-android,Unit_Test,GitHub Actions,True,False,False,,False,
innoextract-android,Unit_Test,GitHub Actions,True,False,False,,False,
wallme-wallpaper,Unit_Test,GitHub Actions,True,False,False,,False,
datmusic-android,Unit_Test,GitHub Actions,True,False,False,,False,
datmusic-android,Unit_Test,GitHub Actions,True,False,False,,False,
dira,Unit_Test,GitHub Actions,True,False,False,,False,
fastshopping,Unit_Test,GitHub Actions,True,False,False,,False,
fastshopping,Unit_Test,GitHub Actions,True,False,False,,False,
fastshopping,Unit_Test,GitHub Actions,True,False,False,,False,
fastshopping,Unit_Test,GitHub Actions,True,False,False,,False,
fastshopping,"GitHub_emulator_full, Unit_Test",GitHub Actions,True,True,True,GitHub_emulator_full,False,
fastshopping,Unit_Test,GitHub Actions,True,False,False,,False,
arpavbts,Unit_Test,GitHub Actions,True,False,False,,False,
ouilookup,Unit_Test,GitHub Actions,True,False,False,,False,
ouilookup,Unit_Test,GitHub Actions,True,False,False,,False,
new-ultrasonic-fork-for-mymusicqoe,Unit_Test,GitHub Actions,True,False,False,,False,
flutter-weather,Unit_Test,GitHub Actions,True,False,False,,False,
jetpack,Unit_Test,GitHub Actions,True,False,False,,False,
affinidiid,Unit_Test,GitHub Actions,True,False,False,,False,
monster-compendium,Unit_Test,GitHub Actions,True,False,False,,False,
wifiauto,none,Travis CI,False,False,False,,False,
rickandmorty,Unit_Test,GitHub Actions,True,False,False,,False,
kanade,Unit_Test,GitHub Actions,True,False,False,,False,
kanade,Unit_Test,GitHub Actions,True,False,False,,False,
coffeedrinkswithjetpackcompose,"GitHub_emulator_full, Other, Unit_Test",GitHub Actions,True,True,True,GitHub_emulator_full,False,
coffeedrinkswithjetpackcompose,"GitHub_emulator_full, Other, Unit_Test",GitHub Actions,True,True,True,GitHub_emulator_full,False,
mapnotes,"Other, Unit_Test, firebase_Full",CircleCI,True,True,False,,True,firebase_Full
ensicord,Unit_Test,GitHub Actions,True,False,False,,False,
ensicord,Unit_Test,GitHub Actions,True,False,False,,False,
bitnews,Unit_Test,GitHub Actions,True,False,False,,False,
jreader,Unit_Test,GitHub Actions,True,False,False,,False,
fivethingskotlin,Unit_Test,CircleCI,True,False,False,,False,
presently,Unit_Test,CircleCI,True,False,False,,False,
frost-for-facebook,Unit_Test,GitHub Actions,True,False,False,,False,
opennotescanner,Unit_Test,GitHub Actions,True,False,False,,False,
opennotescanner,Unit_Test,GitHub Actions,True,False,False,,False,
opennotescanner,Unit_Test,Unknown,True,False,False,,False,
opennotescanner,none,Travis CI,False,False,False,,False,
alldebrid,none,Travis CI,False,False,False,,False,
ebeveynkontrollutwitter,none,Travis CI,False,False,False,,False,
marketplace-list,Unit_Test,GitHub Actions,True,False,False,,False,
pokedex,Unit_Test,GitHub Actions,True,False,False,,False,
orgro,Unit_Test,GitHub Actions,True,False,False,,False,
router_remote2,Unit_Test,GitHub Actions,True,False,False,,False,
tinylisp,Unit_Test,CircleCI,True,False,False,,False,
task-scheduler,Unit_Test,GitHub Actions,True,False,False,,False,
drinks,Unit_Test,CircleCI,True,False,False,,False,
drinks,none,Travis CI,False,False,False,,False,
cms-mobile,none,Unknown,False,False,False,,False,
templeapp,Unit_Test,Unknown,True,False,False,,False,
templeapp,none,Travis CI,False,False,False,,False,
automated-build-android-app-with-github-action,Unit_Test,GitHub Actions,True,False,False,,False,
automated-build-android-app-with-github-action,Unit_Test,GitHub Actions,True,False,False,,False,
automated-build-android-app-with-github-action,Unit_Test,GitHub Actions,True,False,False,,False,
automated-build-android-app-with-github-action,Unit_Test,GitHub Actions,True,False,False,,False,
automated-build-android-app-with-github-action,Unit_Test,GitHub Actions,True,False,False,,False,
automated-build-android-app-with-github-action,Unit_Test,GitHub Actions,True,False,False,,False,
automated-build-android-app-with-github-action,Unit_Test,GitHub Actions,True,False,False,,False,
cleaner,Unit_Test,GitHub Actions,True,False,False,,False,
frogo-notification,Unit_Test,GitHub Actions,True,False,False,,False,
frogo-notification,Unit_Test,GitHub Actions,True,False,False,,False,
keyboard,Unit_Test,GitHub Actions,True,False,False,,False,
keyboard,Unit_Test,GitHub Actions,True,False,False,,False,
keyboard,Unit_Test,GitHub Actions,True,False,False,,False,
piano-tiles-clone,Unit_Test,GitHub Actions,True,False,False,,False,
wallpaper,Unit_Test,GitHub Actions,True,False,False,,False,
amos-tub-ws18-proj1,none,Travis CI,False,False,False,,False,
corridor-navigation-android,Unit_Test,Travis CI,True,False,False,,False,
muslimday,none,GitHub Actions,False,False,False,,False,
linkhub,Unit_Test,GitHub Actions,True,False,False,,False,
nextinpact-unofficial,Unit_Test,GitHub Actions,True,False,False,,False,
nutrifit,Unit_Test,GitHub Actions,True,False,False,,False,
nutrifit,Unit_Test,GitHub Actions,True,False,False,,False,
nutrifit,Unit_Test,GitHub Actions,True,False,False,,False,
anbox,Unit_Test,GitHub Actions,True,False,False,,False,
anbox,none,Travis CI,False,False,False,,False,
and-bible,Unit_Test,GitHub Actions,True,False,False,,False,
and-bible,none,GitHub Actions,False,False,False,,False,
and-bible,Unit_Test,GitHub Actions,True,False,False,,False,
and-bible,Unit_Test,GitHub Actions,True,False,False,,False,
and-bible,Unit_Test,GitHub Actions,True,False,False,,False,
and-bible,Unit_Test,GitHub Actions,True,False,False,,False,
and-bible,"GitHub_emulator_full, Other, Unit_Test",GitHub Actions,True,True,True,GitHub_emulator_full,False,
vergiss-nix,Unit_Test,GitHub Actions,True,False,False,,False,
andprox,"GitHub_emulator_manual, Unit_Test",GitHub Actions,True,True,True,GitHub_emulator_manual,False,
anilist,Unit_Test,GitHub Actions,True,False,False,,False,
xzil-wallet,Unit_Test,CircleCI,True,False,False,,False,
hostel,"Other, Unit_Test, firebase_Full",CircleCI,True,True,False,,True,firebase_Full
kandroid,none,Travis CI,False,False,False,,False,
nextcloudservices,Unit_Test,GitHub Actions,True,False,False,,False,
sstreu2017,Unit_Test,Travis CI,True,False,False,,False,
trekarta,"GitHub_emulator_full, Other, Unit_Test",GitHub Actions,True,True,True,GitHub_emulator_full,False,
trekarta,Unit_Test,GitHub Actions,True,False,False,,False,
trekarta,none,Travis CI,False,False,False,,False,
swift-weather-app,"GitHub_emulator_manual, Unit_Test",GitHub Actions,True,True,True,GitHub_emulator_manual,False,
swift-weather-app,Unit_Test,GitHub Actions,True,False,False,,False,
swift-weather-app,Unit_Test,GitHub Actions,True,False,False,,False,
virtualxposed,Unit_Test,GitHub Actions,True,False,False,,False,
virtualxposed,none,Travis CI,False,False,False,,False,
android-password-store,Unit_Test,GitHub Actions,True,False,False,,False,
android-password-store,Unit_Test,GitHub Actions,True,False,False,,False,
android-password-store,Unit_Test,GitHub Actions,True,False,False,,False,
android-password-store,Unit_Test,GitHub Actions,True,False,False,,False,
android-password-store,Unit_Test,GitHub Actions,True,False,False,,False,
android-password-store,Unit_Test,GitHub Actions,True,False,False,,False,
android-password-store,Unit_Test,GitHub Actions,True,False,False,,False,
android-password-store,Unit_Test,GitHub Actions,True,False,False,,False,
android-password-store,Unit_Test,GitHub Actions,True,False,False,,False,
android-password-store,Unit_Test,GitHub Actions,True,False,False,,False,
devto-android,Unit_Test,GitHub Actions,True,False,False,,False,
androidktx,none,CircleCI,False,False,False,,False,
androidktx,Unit_Test,GitHub Actions,True,False,False,,False,
androidktx,none,Travis CI,False,False,False,,False,
kotlin-android-starter,Unit_Test,GitHub Actions,True,False,False,,False,
androidx,Unit_Test,GitHub Actions,True,False,False,,False,
androidx,Unit_Test,GitHub Actions,True,False,False,,False,
androidx,Unit_Test,GitHub Actions,True,False,False,,False,
androidx,Unit_Test,GitHub Actions,True,False,False,,False,
androidx,Unit_Test,GitHub Actions,True,False,False,,False,
androidx,Unit_Test,GitHub Actions,True,False,False,,False,
androidx,Unit_Test,GitHub Actions,True,False,False,,False,
androidx,Unit_Test,GitHub Actions,True,False,False,,False,
andstatus,"GitHub_emulator_manual, Unit_Test",GitHub Actions,True,True,True,GitHub_emulator_manual,False,
conning_tower,Unit_Test,GitHub Actions,True,False,False,,False,
conning_tower,Unit_Test,GitHub Actions,True,False,False,,False,
conning_tower,Unit_Test,GitHub Actions,True,False,False,,False,
quotey,Unit_Test,GitHub Actions,True,False,False,,False,
sms_my_gps,Unit_Test,GitHub Actions,True,False,False,,False,
assume,Unit_Test,GitHub Actions,True,False,False,,False,
twist-mobile,Unit_Test,GitHub Actions,True,False,False,,False,
easylocationfetch,Unit_Test,GitHub Actions,True,False,False,,False,
mentorship-android,Unit_Test,GitHub Actions,True,False,False,,False,
mentorship-android,Unit_Test,GitHub Actions,True,False,False,,False,
mentorship-android,Unit_Test,GitHub Actions,True,False,False,,False,
mentorship-android,Unit_Test,GitHub Actions,True,False,False,,False,
anitrend-v2,Unit_Test,GitHub Actions,True,False,False,,False,
anitrend-v2,none,GitHub Actions,False,False,False,,False,
anitrend-v2,Unit_Test,GitHub Actions,True,False,False,,False,
anitrend-v2,none,GitHub Actions,False,False,False,,False,
anitrend-v2,Unit_Test,GitHub Actions,True,False,False,,False,
anitrend-v2,none,GitHub Actions,False,False,False,,False,
anitrend-v2,Unit_Test,GitHub Actions,True,False,False,,False,
anitrend-v2,Unit_Test,GitHub Actions,True,False,False,,False,
anitrend-v2,Unit_Test,GitHub Actions,True,False,False,,False,
anitrend-v2,Unit_Test,GitHub Actions,True,False,False,,False,
anitrend-v2,Unit_Test,GitHub Actions,True,False,False,,False,
anki-android,Unit_Test,GitHub Actions,True,False,False,,False,
anki-android,Unit_Test,GitHub Actions,True,False,False,,False,
anki-android,Unit_Test,GitHub Actions,True,False,False,,False,
anki-android,Unit_Test,GitHub Actions,True,False,False,,False,
anki-android,Unit_Test,GitHub Actions,True,False,False,,False,
anki-android,Unit_Test,GitHub Actions,True,False,False,,False,
anki-android,Unit_Test,GitHub Actions,True,False,False,,False,
anki-android,Unit_Test,GitHub Actions,True,False,False,,False,
anki-android,"GitHub_emulator_full, Unit_Test",GitHub Actions,True,True,True,GitHub_emulator_full,False,
anki-android,Unit_Test,GitHub Actions,True,False,False,,False,
anki-android,Unit_Test,GitHub Actions,True,False,False,,False,
anki-android,Unit_Test,GitHub Actions,True,False,False,,False,
slipview,none,Travis CI,False,False,False,,False,
tickmarks,"Other, Unit_Test",CircleCI,True,True,False,,False,
appwatcher,Unit_Test,GitHub Actions,True,False,False,,False,
ant-design-mobile-rn,Unit_Test,GitHub Actions,True,False,False,,False,
ant-design-mobile-rn,Unit_Test,GitHub Actions,True,False,False,,False,
ant-design-mobile-rn,Unit_Test,Travis CI,True,False,False,,False,
antennapod,"GitHub_emulator_full, GitHub_emulator_manual, Unit_Test",GitHub Actions,True,True,True,"GitHub_emulator_full, GitHub_emulator_manual",False,
antennapod,Unit_Test,GitHub Actions,True,False,False,,False,
jetpack-compose-bible,Unit_Test,GitHub Actions,True,False,False,,False,
animatedprogressbar,none,Travis CI,False,False,False,,False,
regalandroid,none,Travis CI,False,False,False,,False,
cattle,"Other, Unit_Test, firebase_Full",CircleCI,True,True,False,,True,firebase_Full
pendu,Unit_Test,GitHub Actions,True,False,False,,False,
vnavi,Unit_Test,GitHub Actions,True,False,False,,False,
vnavi,Unit_Test,GitHub Actions,True,False,False,,False,
antox,"GitHub_emulator_manual, Unit_Test",GitHub Actions,True,True,True,GitHub_emulator_manual,False,
antox,none,GitHub Actions,False,False,False,,False,
thunder,Unit_Test,GitHub Actions,True,False,False,,False,
mindustry,Unit_Test,GitHub Actions,True,False,False,,False,
mindustry,Unit_Test,GitHub Actions,True,False,False,,False,
mindustry,Unit_Test,GitHub Actions,True,False,False,,False,
anysoftkeyboard,none,GitHub Actions,False,False,False,,False,
anysoftkeyboard,Unit_Test,GitHub Actions,True,False,False,,False,
anysoftkeyboard,none,GitHub Actions,False,False,False,,False,
anysoftkeyboard,none,GitHub Actions,False,False,False,,False,
anysoftkeyboard,Unit_Test,GitHub Actions,True,False,False,,False,
anysoftkeyboard,Unit_Test,GitHub Actions,True,False,False,,False,
anysoftkeyboard,Unit_Test,GitHub Actions,True,False,False,,False,
anysoftkeyboard,Unit_Test,GitHub Actions,True,False,False,,False,
mcinabox,Unit_Test,GitHub Actions,True,False,False,,False,
android,Unit_Test,GitHub Actions,True,False,False,,False,
android,Unit_Test,GitHub Actions,True,False,False,,False,
android,Unit_Test,GitHub Actions,True,False,False,,False,
rpncalc,Unit_Test,GitHub Actions,True,False,False,,False,
mtuo,Unit_Test,GitHub Actions,True,False,False,,False,
mtuo,Unit_Test,GitHub Actions,True,False,False,,False,
otter,Unit_Test,GitHub Actions,True,False,False,,False,
otter,Unit_Test,GitHub Actions,True,False,False,,False,
easyrecipe,"GitHub_emulator_full, GitHub_emulator_manual, Other, Unit_Test",GitHub Actions,True,True,True,"GitHub_emulator_full, GitHub_emulator_manual",False,
easyrecipe,Unit_Test,GitHub Actions,True,False,False,,False,
easyrecipe,Unit_Test,GitHub Actions,True,False,False,,False,
etsmobile-android2,Unit_Test,Travis CI,True,False,False,,False,
notre-dame-v3,"Travis_emulator_manual, Unit_Test",Travis CI,True,True,True,GitHub_emulator_manual,False,
notre-dame,Unit_Test,GitHub Actions,True,False,False,,False,
notre-dame,Unit_Test,GitHub Actions,True,False,False,,False,
notre-dame,Unit_Test,GitHub Actions,True,False,False,,False,
avare,Unit_Test,Travis CI,True,False,False,,False,
apple-flinger,Unit_Test,Unknown,True,False,False,,False,
jtt_android,"GitHub_emulator_manual, Other, Unit_Test",GitHub Actions,True,True,True,GitHub_emulator_manual,False,
jtt_android,Unit_Test,Travis CI,True,False,False,,False,
open-source-android-weather-app,none,Travis CI,False,False,False,,False,
proexpense,none,CircleCI,False,False,False,,False,
elfeed-cljsrn,Unit_Test,GitHub Actions,True,False,False,,False,
elfeed-cljsrn,Unit_Test,GitHub Actions,True,False,False,,False,
elfeed-cljsrn,Unit_Test,GitHub Actions,True,False,False,,False,
notes,Unit_Test,GitHub Actions,True,False,False,,False,
simpleandroidmvvm,Unit_Test,GitHub Actions,True,False,False,,False,
simpleandroidmvvm,Unit_Test,GitHub Actions,True,False,False,,False,
hello-react-native,none,GitHub Actions,False,False,False,,False,
hello-react-native,none,GitHub Actions,False,False,False,,False,
hello-react-native,Unit_Test,GitHub Actions,True,False,False,,False,
ark-navigator,Unit_Test,GitHub Actions,True,False,False,,False,
ark-navigator,Unit_Test,GitHub Actions,True,False,False,,False,
ark-rate,Unit_Test,GitHub Actions,True,False,False,,False,
ark-rate,Unit_Test,GitHub Actions,True,False,False,,False,
ark-shelf,Unit_Test,GitHub Actions,True,False,False,,False,
ark-shelf,Unit_Test,GitHub Actions,True,False,False,,False,
vulkan_best_practice_for_mobile_developers,Unit_Test,Unknown,True,False,False,,False,
integral,Unit_Test,GitHub Actions,True,False,False,,False,
staysafe,Unit_Test,GitHub Actions,True,False,False,,False,
cafe-payment-system,none,Travis CI,False,False,False,,False,
general-feedback,Unit_Test,GitHub Actions,True,False,False,,False,
aio_myday_app,Unit_Test,GitHub Actions,True,False,False,,False,
calculator,Unit_Test,GitHub Actions,True,False,False,,False,
calculator,Unit_Test,GitHub Actions,True,False,False,,False,
calculator,Unit_Test,GitHub Actions,True,False,False,,False,
calculator,Unit_Test,GitHub Actions,True,False,False,,False,
watermaniac,Unit_Test,GitHub Actions,True,False,False,,False,
openticator,Unit_Test,Travis CI,True,False,False,,False,
openchord,none,Travis CI,False,False,False,,False,
arcade-plaza,Unit_Test,GitHub Actions,True,False,False,,False,
readyou,Unit_Test,GitHub Actions,True,False,False,,False,
readyou,Unit_Test,GitHub Actions,True,False,False,,False,
picasa-gallery-android,Unit_Test,GitHub Actions,True,False,False,,False,
picasa-gallery-android,"Other, Unit_Test",Travis CI,True,True,False,,False,
retrofit-lite,Unit_Test,GitHub Actions,True,False,False,,False,
retrofit-lite,"Travis_emulator_manual, Unit_Test",Travis CI,True,True,True,GitHub_emulator_manual,False,
paperless-mobile,Unit_Test,GitHub Actions,True,False,False,,False,
paperless-mobile,Unit_Test,GitHub Actions,True,False,False,,False,
paperless-mobile,Unit_Test,GitHub Actions,True,False,False,,False,
paperless-mobile,Unit_Test,GitHub Actions,True,False,False,,False,
cardiac-zone-android,Unit_Test,GitHub Actions,True,False,False,,False,
cardiac-zone-android,Unit_Test,GitHub Actions,True,False,False,,False,
miwok-app,Unit_Test,GitHub Actions,True,False,False,,False,
wordpress-app-with-flutter,Unit_Test,GitHub Actions,True,False,False,,False,
atomicgameengine,none,GitHub Actions,False,False,False,,False,
atomicgameengine,none,Travis CI,False,False,False,,False,
aap-juce-frequalizer,none,GitHub Actions,False,False,False,,False,
fluidsynth-midi-service-j,Unit_Test,GitHub Actions,True,False,False,,False,
atmosweather,Unit_Test,GitHub Actions,True,False,False,,False,
atmosweather,Unit_Test,GitHub Actions,True,False,False,,False,
s-launcher,none,Travis CI,False,False,False,,False,
subtracks,none,GitHub Actions,False,False,False,,False,
subtracks,Unit_Test,GitHub Actions,True,False,False,,False,
authpass,Unit_Test,GitHub Actions,True,False,False,,False,
authpass,Unit_Test,GitHub Actions,True,False,False,,False,
authpass,Unit_Test,GitHub Actions,True,False,False,,False,
authpass,Unit_Test,GitHub Actions,True,False,False,,False,
authpass,Unit_Test,GitHub Actions,True,False,False,,False,
authpass,none,GitHub Actions,False,False,False,,False,
authpass,Unit_Test,GitHub Actions,True,False,False,,False,
authpass,Unit_Test,GitHub Actions,True,False,False,,False,
authpass,Unit_Test,GitHub Actions,True,False,False,,False,
authpass,none,GitHub Actions,False,False,False,,False,
authpass,none,GitHub Actions,False,False,False,,False,
authpass,Unit_Test,GitHub Actions,True,False,False,,False,
clean-sms-forwarding,Unit_Test,GitHub Actions,True,False,False,,False,
fitbuddy,Unit_Test,Travis CI,True,False,False,,False,
mini-games,Unit_Test,GitHub Actions,True,False,False,,False,
mini-games,Unit_Test,GitHub Actions,True,False,False,,False,
watermelonquotes,none,Travis CI,False,False,False,,False,
minimal-todo,none,Travis CI,False,False,False,,False,
zandy,Unit_Test,GitHub Actions,True,False,False,,False,
smartdock,Unit_Test,GitHub Actions,True,False,False,,False,
smartdock,Unit_Test,GitHub Actions,True,False,False,,False,
smartdock,Unit_Test,GitHub Actions,True,False,False,,False,
biblio,Unit_Test,GitHub Actions,True,False,False,,False,
biblio,Unit_Test,GitHub Actions,True,False,False,,False,
weather-forecast-id,"GitHub_emulator_full, Other, Unit_Test",GitHub Actions,True,True,True,GitHub_emulator_full,False,
weather-forecast-id,Unit_Test,GitHub Actions,True,False,False,,False,
weather-forecast-id,Unit_Test,GitHub Actions,True,False,False,,False,
callrecorder,Unit_Test,GitHub Actions,True,False,False,,False,
sweetloc,Unit_Test,GitHub Actions,True,False,False,,False,
androidcustomviews,Unit_Test,GitHub Actions,True,False,False,,False,
androidcustomviews,Unit_Test,GitHub Actions,True,False,False,,False,
ktx,Unit_Test,GitHub Actions,True,False,False,,False,
ktx,Unit_Test,GitHub Actions,True,False,False,,False,
logger,Unit_Test,GitHub Actions,True,False,False,,False,
logger,Unit_Test,GitHub Actions,True,False,False,,False,
cac-tripplanner-android,Unit_Test,CircleCI,True,False,False,,False,
terminal_flutter,Unit_Test,GitHub Actions,True,False,False,,False,
terminal_flutter,Unit_Test,GitHub Actions,True,False,False,,False,
terminal_flutter,Unit_Test,GitHub Actions,True,False,False,,False,
dial-dial,Unit_Test,GitHub Actions,True,False,False,,False,
lionheart-remake,Unit_Test,GitHub Actions,True,False,False,,False,
lionheart-remake,Unit_Test,GitHub Actions,True,False,False,,False,
babybook,Unit_Test,GitHub Actions,True,False,False,,False,
babydots,Unit_Test,GitHub Actions,True,False,False,,False,
snapdroid,none,GitHub Actions,False,False,False,,False,
aat,Unit_Test,GitHub Actions,True,False,False,,False,
snow,Unit_Test,GitHub Actions,True,False,False,,False,
databag,Unit_Test,GitHub Actions,True,False,False,,False,
huaxiaoyu-fe,Unit_Test,GitHub Actions,True,False,False,,False,
huaxiaoyu-fe,Unit_Test,GitHub Actions,True,False,False,,False,
buddhaquotes,Unit_Test,GitHub Actions,True,False,False,,False,
bible,Unit_Test,GitHub Actions,True,False,False,,False,
qbitcontroller,Unit_Test,GitHub Actions,True,False,False,,False,
bbct-android,Unit_Test,GitHub Actions,True,False,False,,False,
battlebuddy-android,Unit_Test,GitHub Actions,True,False,False,,False,
paperless_app,Unit_Test,GitHub Actions,True,False,False,,False,
paperless_app,Unit_Test,GitHub Actions,True,False,False,,False,
paperless_app,Unit_Test,GitHub Actions,True,False,False,,False,
paperless_app,Unit_Test,GitHub Actions,True,False,False,,False,
paperless_app,Unit_Test,GitHub Actions,True,False,False,,False,
bcvax-android,Unit_Test,GitHub Actions,True,False,False,,False,
fbp-go,Unit_Test,GitHub Actions,True,False,False,,False,
secure-image-app,Unit_Test,GitHub Actions,True,False,False,,False,
secure-image-app,Unit_Test,GitHub Actions,True,False,False,,False,
secure-image-app,Unit_Test,GitHub Actions,True,False,False,,False,
secure-image-app,Unit_Test,GitHub Actions,True,False,False,,False,
edmflare,Unit_Test,GitHub Actions,True,False,False,,False,
tic-tac-toe,Unit_Test,Travis CI,True,False,False,,False,
groupno1-vehicular-traffic-abatement,none,Travis CI,False,False,False,,False,
beat-feet,Unit_Test,GitHub Actions,True,False,False,,False,
beat-feet,Unit_Test,GitHub Actions,True,False,False,,False,
aegis,"GitHub_emulator_full, Other, Unit_Test",GitHub Actions,True,True,True,GitHub_emulator_full,False,
aegis,Unit_Test,GitHub Actions,True,False,False,,False,
aegis,Unit_Test,GitHub Actions,True,False,False,,False,
mobile,none,Travis CI,False,False,False,,False,
linphone-android,none,Unknown,False,False,False,,False,
offlinecookbook,none,GitHub Actions,False,False,False,,False,
offlinecookbook,Unit_Test,GitHub Actions,True,False,False,,False,
chinesettstflite,Unit_Test,GitHub Actions,True,False,False,,False,
ocrliteandroidncnn,Unit_Test,GitHub Actions,True,False,False,,False,
white-noise-player,Unit_Test,GitHub Actions,True,False,False,,False,
white-noise-player,Unit_Test,GitHub Actions,True,False,False,,False,
heartbeat,Unit_Test,GitHub Actions,True,False,False,,False,
changedetection,Unit_Test,CircleCI,True,False,False,,False,
changedetection,Unit_Test,Unknown,True,False,False,,False,
bluetooth-le-analyzer,none,Travis CI,False,False,False,,False,
bluetooth-remote-control,none,GitHub Actions,False,False,False,,False,
pusher,Unit_Test,CircleCI,True,False,False,,False,
rfdroid-scanparam,none,Travis CI,False,False,False,,False,
sim-password-wallet,Unit_Test,CircleCI,True,False,False,,False,
sms-group-sender,Unit_Test,CircleCI,True,False,False,,False,
berty,none,GitHub Actions,False,False,False,,False,
berty,none,GitHub Actions,False,False,False,,False,
berty,none,GitHub Actions,False,False,False,,False,
berty,Unit_Test,GitHub Actions,True,False,False,,False,
berty,Unit_Test,GitHub Actions,True,False,False,,False,
berty,Unit_Test,GitHub Actions,True,False,False,,False,
berty,Unit_Test,GitHub Actions,True,False,False,,False,
berty,Unit_Test,GitHub Actions,True,False,False,,False,
berty,Unit_Test,GitHub Actions,True,False,False,,False,
berty,Unit_Test,GitHub Actions,True,False,False,,False,
berty,Unit_Test,GitHub Actions,True,False,False,,False,
berty,Unit_Test,GitHub Actions,True,False,False,,False,
berty,Unit_Test,GitHub Actions,True,False,False,,False,
berty,Unit_Test,GitHub Actions,True,False,False,,False,
berty,Unit_Test,GitHub Actions,True,False,False,,False,
berty,Unit_Test,GitHub Actions,True,False,False,,False,
berty,Unit_Test,GitHub Actions,True,False,False,,False,
berty,Unit_Test,GitHub Actions,True,False,False,,False,
learn-android,none,GitHub Actions,False,False,False,,False,
searchlight,Unit_Test,GitHub Actions,True,False,False,,False,
xifan,none,Travis CI,False,False,False,,False,
zaptap,Unit_Test,CircleCI,True,False,False,,False,
epicture,none,Travis CI,False,False,False,,False,
fediverse,Unit_Test,GitHub Actions,True,False,False,,False,
fediverse,Unit_Test,GitHub Actions,True,False,False,,False,
fediverse,Unit_Test,GitHub Actions,True,False,False,,False,
fediverse,Unit_Test,GitHub Actions,True,False,False,,False,
fediverse,Unit_Test,GitHub Actions,True,False,False,,False,
fediverse,Unit_Test,GitHub Actions,True,False,False,,False,
movie-app-android,Unit_Test,GitHub Actions,True,False,False,,False,
movie-app-android,Unit_Test,GitHub Actions,True,False,False,,False,
movie-app-android,Unit_Test,Unknown,True,False,False,,False,
iconic-tab-bar,"Travis_emulator_manual, Unit_Test",Travis CI,True,True,True,GitHub_emulator_manual,False,
mangindo,"Travis_emulator_manual, Unit_Test",Travis CI,True,True,True,GitHub_emulator_manual,False,
readhub-android,Unit_Test,GitHub Actions,True,False,False,,False,
accordion,Unit_Test,GitHub Actions,True,False,False,,False,
accordion,Unit_Test,GitHub Actions,True,False,False,,False,
crossword,Unit_Test,GitHub Actions,True,False,False,,False,
crossword,Unit_Test,GitHub Actions,True,False,False,,False,
editor,Unit_Test,GitHub Actions,True,False,False,,False,
editor,Unit_Test,GitHub Actions,True,False,False,,False,
gridle,Unit_Test,GitHub Actions,True,False,False,,False,
gridle,Unit_Test,GitHub Actions,True,False,False,,False,
gurgle,Unit_Test,GitHub Actions,True,False,False,,False,
gurgle,Unit_Test,GitHub Actions,True,False,False,,False,
melodeon,Unit_Test,GitHub Actions,True,False,False,,False,
melodeon,Unit_Test,GitHub Actions,True,False,False,,False,
print,Unit_Test,GitHub Actions,True,False,False,,False,
print,Unit_Test,GitHub Actions,True,False,False,,False,
scope,Unit_Test,GitHub Actions,True,False,False,,False,
scope,Unit_Test,GitHub Actions,True,False,False,,False,
shorty,Unit_Test,GitHub Actions,True,False,False,,False,
shorty,Unit_Test,GitHub Actions,True,False,False,,False,
sig-gen,Unit_Test,GitHub Actions,True,False,False,,False,
sig-gen,Unit_Test,GitHub Actions,True,False,False,,False,
tuner,Unit_Test,GitHub Actions,True,False,False,,False,
tuner,Unit_Test,GitHub Actions,True,False,False,,False,
wordlesolver,Unit_Test,GitHub Actions,True,False,False,,False,
wordlesolver,Unit_Test,GitHub Actions,True,False,False,,False,
rachma-android,"Travis_emulator_manual, Unit_Test",Travis CI,True,True,True,GitHub_emulator_manual,False,
defiscan,Unit_Test,GitHub Actions,True,False,False,,False,
jagrati,Unit_Test,GitHub Actions,True,False,False,,False,
technical-fest,Unit_Test,GitHub Actions,True,False,False,,False,
bitcoin-wallet,none,Unknown,False,False,False,,False,
icsx5,Unit_Test,GitHub Actions,True,False,False,,False,
icsx5,Unit_Test,GitHub Actions,True,False,False,,False,
icsx5,Unit_Test,GitHub Actions,True,False,False,,False,
icsx5,"GitHub_emulator_full, GitHub_emulator_manual, Unit_Test",GitHub Actions,True,True,True,"GitHub_emulator_full, GitHub_emulator_manual",False,
autonomy-client,Unit_Test,GitHub Actions,True,False,False,,False,
autonomy-client,Unit_Test,GitHub Actions,True,False,False,,False,
autonomy-client,Unit_Test,GitHub Actions,True,False,False,,False,
autonomy-client,Unit_Test,GitHub Actions,True,False,False,,False,
autonomy-client,Unit_Test,GitHub Actions,True,False,False,,False,
autonomy-client,Unit_Test,GitHub Actions,True,False,False,,False,
autonomy-client,Unit_Test,GitHub Actions,True,False,False,,False,
bitportal-client,Unit_Test,CircleCI,True,False,False,,False,
bitportal-client,Unit_Test,GitHub Actions,True,False,False,,False,
tucao,none,Travis CI,False,False,False,,False,
dinewell-carehome-app,Unit_Test,Travis CI,True,False,False,,False,
mobileprism,Unit_Test,GitHub Actions,True,False,False,,False,
mobileprism,Unit_Test,GitHub Actions,True,False,False,,False,
dwyco,none,GitHub Actions,False,False,False,,False,
just_another_workout_timer,Unit_Test,GitHub Actions,True,False,False,,False,
just_another_workout_timer,Unit_Test,GitHub Actions,True,False,False,,False,
green_android,Unit_Test,Unknown,True,False,False,,False,
green_android,none,Travis CI,False,False,False,,False,
drip,Unit_Test,Unknown,True,False,False,,False,
view404,none,Travis CI,False,False,False,,False,
unity,Unit_Test,GitHub Actions,True,False,False,,False,
unity,Unit_Test,GitHub Actions,True,False,False,,False,
android-pitchpipe,Unit_Test,GitHub Actions,True,False,False,,False,
android-appcachecleaner,Unit_Test,Travis CI,True,False,False,,False,
translateyou,Unit_Test,GitHub Actions,True,False,False,,False,
translateyou,Unit_Test,GitHub Actions,True,False,False,,False,
translateyou,Unit_Test,GitHub Actions,True,False,False,,False,
translateyou,Unit_Test,GitHub Actions,True,False,False,,False,
gobi-player,none,Travis CI,False,False,False,,False,
easysshfs,Unit_Test,GitHub Actions,True,False,False,,False,
national-geography,none,Travis CI,False,False,False,,False,
boinc,Unit_Test,GitHub Actions,True,False,False,,False,
boinc,Unit_Test,GitHub Actions,True,False,False,,False,
boinc,Unit_Test,GitHub Actions,True,False,False,,False,
boinc,Unit_Test,GitHub Actions,True,False,False,,False,
boinc,Unit_Test,GitHub Actions,True,False,False,,False,
boinc,none,GitHub Actions,False,False,False,,False,
boinc,Unit_Test,GitHub Actions,True,False,False,,False,
boinc,Unit_Test,GitHub Actions,True,False,False,,False,
boinc,Unit_Test,GitHub Actions,True,False,False,,False,
boinc,Unit_Test,GitHub Actions,True,False,False,,False,
boinc,Unit_Test,GitHub Actions,True,False,False,,False,
boinc,Unit_Test,GitHub Actions,True,False,False,,False,
boinc,Unit_Test,GitHub Actions,True,False,False,,False,
boinc,Unit_Test,GitHub Actions,True,False,False,,False,
boinc,Unit_Test,GitHub Actions,True,False,False,,False,
boinc,Unit_Test,GitHub Actions,True,False,False,,False,
graphhopper-maps-capacitor,Unit_Test,GitHub Actions,True,False,False,,False,
graphhopper-maps-capacitor,Unit_Test,GitHub Actions,True,False,False,,False,
bombusmod,none,GitHub Actions,False,False,False,,False,
bombusmod,Unit_Test,GitHub Actions,True,False,False,,False,
bookdash-android-app,Unit_Test,CircleCI,True,False,False,,False,
bluepass,Unit_Test,GitHub Actions,True,False,False,,False,
android03-contact,Unit_Test,GitHub Actions,True,False,False,,False,
android04-god-fisherman,Unit_Test,GitHub Actions,True,False,False,,False,
android07-notto,Unit_Test,GitHub Actions,True,False,False,,False,
android05-mogakrun,Unit_Test,GitHub Actions,True,False,False,,False,
android06-mogle,Unit_Test,GitHub Actions,True,False,False,,False,
android06-mogle,Unit_Test,GitHub Actions,True,False,False,,False,
tictactoe,Unit_Test,GitHub Actions,True,False,False,,False,
gallerywall,Unit_Test,GitHub Actions,True,False,False,,False,
gallerywall,Unit_Test,GitHub Actions,True,False,False,,False,
photo-sharing-android,Unit_Test,GitHub Actions,True,False,False,,False,
photo-sharing-android,"Travis_emulator_manual, Unit_Test",Travis CI,True,True,True,GitHub_emulator_manual,False,
uatranslit,Unit_Test,GitHub Actions,True,False,False,,False,
uatranslit,Unit_Test,GitHub Actions,True,False,False,,False,
uatranslit,"Travis_emulator_manual, Unit_Test",Travis CI,True,True,True,GitHub_emulator_manual,False,
openbikesharing,none,Travis CI,False,False,False,,False,
wifikeyshare,Unit_Test,Travis CI,True,False,False,,False,
leavesheet,Unit_Test,GitHub Actions,True,False,False,,False,
house,Unit_Test,GitHub Actions,True,False,False,,False,
cone,Unit_Test,GitHub Actions,True,False,False,,False,
learn-braille,"GitHub_emulator_full, Other, Unit_Test",GitHub Actions,True,True,True,GitHub_emulator_full,False,
,Unit_Test,CircleCI,True,False,False,,False,
ameixa,Unit_Test,Unknown,True,False,False,,False,
baby-sleep-sounds,Unit_Test,GitHub Actions,True,False,False,,False,
budget-watch,Unit_Test,GitHub Actions,True,False,False,,False,
gift-card-guard,Unit_Test,Travis CI,True,False,False,,False,
loyalty-card-locker,Unit_Test,GitHub Actions,True,False,False,,False,
protect-baby-monitor,Unit_Test,Travis CI,True,False,False,,False,
rental-calc,Unit_Test,Travis CI,True,False,False,,False,
video-transcoder,"GitHub_emulator_manual, Unit_Test",GitHub Actions,True,True,True,GitHub_emulator_manual,False,
mixpanel-android,"Travis_emulator_manual, Unit_Test",Travis CI,True,True,True,GitHub_emulator_manual,False,
readmoretextview,none,Travis CI,False,False,False,,False,
todozy,Unit_Test,GitHub Actions,True,False,False,,False,
amplify,Unit_Test,GitHub Actions,True,False,False,,False,
price-per-unit,Unit_Test,GitHub Actions,True,False,False,,False,
opensesame,Unit_Test,GitHub Actions,True,False,False,,False,
briar,"Other, Unit_Test",Unknown,True,True,False,,False,
boxbox,Unit_Test,GitHub Actions,True,False,False,,False,
kuwas,Unit_Test,GitHub Actions,True,False,False,,False,
pokedex,Unit_Test,GitHub Actions,True,False,False,,False,
androidscreenshot_sysapi,Unit_Test,GitHub Actions,True,False,False,,False,
softcodec,Unit_Test,GitHub Actions,True,False,False,,False,
sdp-project,"GitHub_emulator_full, Unit_Test",GitHub Actions,True,True,True,GitHub_emulator_full,False,
anime-watcher,Unit_Test,CircleCI,True,False,False,,False,
anime-watcher,none,Travis CI,False,False,False,,False,
padumper,Unit_Test,GitHub Actions,True,False,False,,False,
news,Unit_Test,GitHub Actions,True,False,False,,False,
buildapks,Unit_Test,GitHub Actions,True,False,False,,False,
buildapks,Unit_Test,GitHub Actions,True,False,False,,False,
buildapks,Unit_Test,GitHub Actions,True,False,False,,False,
activitylauncher,Unit_Test,GitHub Actions,True,False,False,,False,
activitylauncher,Unit_Test,GitHub Actions,True,False,False,,False,
activitylauncher,Unit_Test,GitHub Actions,True,False,False,,False,
activitylauncher,Unit_Test,GitHub Actions,True,False,False,,False,
smartmediapicker,none,Travis CI,False,False,False,,False,
universal-native-boilerplate,Unit_Test,Travis CI,True,False,False,,False,
c3nav-android,none,Travis CI,False,False,False,,False,
poet-assistant,Unit_Test,Travis CI,True,False,False,,False,
repadclient,none,CircleCI,False,False,False,,False,
repadclient,Unit_Test,GitHub Actions,True,False,False,,False,
sanmill,Unit_Test,GitHub Actions,True,False,False,,False,
sanmill,Unit_Test,GitHub Actions,True,False,False,,False,
sanmill,Unit_Test,GitHub Actions,True,False,False,,False,
sanmill,Unit_Test,GitHub Actions,True,False,False,,False,
sanmill,Unit_Test,GitHub Actions,True,False,False,,False,
sanmill,Unit_Test,GitHub Actions,True,False,False,,False,
sanmill,Unit_Test,GitHub Actions,True,False,False,,False,
sanmill,Unit_Test,GitHub Actions,True,False,False,,False,
sanmill,Unit_Test,GitHub Actions,True,False,False,,False,
sanmill,Unit_Test,GitHub Actions,True,False,False,,False,
sanmill,Unit_Test,GitHub Actions,True,False,False,,False,
remote_pair_pomodoro,Unit_Test,GitHub Actions,True,False,False,,False,
if26-projet-android,Unit_Test,Travis CI,True,False,False,,False,
apde,Unit_Test,GitHub Actions,True,False,False,,False,
bitmask_android,Unit_Test,Unknown,True,False,False,,False,
bookworm,"GitHub_emulator_full, Other, Unit_Test",GitHub Actions,True,True,True,GitHub_emulator_full,False,
bookworm,Unit_Test,GitHub Actions,True,False,False,,False,
jetcountrypicker,Unit_Test,GitHub Actions,True,False,False,,False,
jetcountrypicker,Unit_Test,GitHub Actions,True,False,False,,False,
capgo,Unit_Test,GitHub Actions,True,False,False,,False,
capgo,Unit_Test,GitHub Actions,True,False,False,,False,
capgo,Unit_Test,GitHub Actions,True,False,False,,False,
capgo,Unit_Test,GitHub Actions,True,False,False,,False,
capgo,Unit_Test,GitHub Actions,True,False,False,,False,
android-sms-gateway,Unit_Test,GitHub Actions,True,False,False,,False,
android-sms-gateway,Unit_Test,GitHub Actions,True,False,False,,False,
droidinfo,Unit_Test,Travis CI,True,False,False,,False,
superheroes,Unit_Test,GitHub Actions,True,False,False,,False,
gsyricktext,none,Travis CI,False,False,False,,False,
gsyvideoplayer,Unit_Test,GitHub Actions,True,False,False,,False,
gsyvideoplayer,Unit_Test,GitHub Actions,True,False,False,,False,
gsy_github_app_flutter,Unit_Test,GitHub Actions,True,False,False,,False,
neko,Unit_Test,GitHub Actions,True,False,False,,False,
neko,Unit_Test,GitHub Actions,True,False,False,,False,
neko,Unit_Test,GitHub Actions,True,False,False,,False,
neko,Unit_Test,GitHub Actions,True,False,False,,False,
autonotifylist,none,CircleCI,False,False,False,,False,
monoadapter,none,CircleCI,False,False,False,,False,
viewmodeladapter,none,CircleCI,False,False,False,,False,
cartsbusboarding,Unit_Test,Travis CI,True,False,False,,False,
simple_app_blocker,Unit_Test,GitHub Actions,True,False,False,,False,
better-internet-tiles,Unit_Test,GitHub Actions,True,False,False,,False,
android,Unit_Test,GitHub Actions,True,False,False,,False,
android,Unit_Test,GitHub Actions,True,False,False,,False,
android,Unit_Test,GitHub Actions,True,False,False,,False,
android,Unit_Test,GitHub Actions,True,False,False,,False,
android,Unit_Test,GitHub Actions,True,False,False,,False,
android,Unit_Test,GitHub Actions,True,False,False,,False,
paintroid,Unit_Test,GitHub Actions,True,False,False,,False,
paintroid,Unit_Test,GitHub Actions,True,False,False,,False,
fosdem-companion-android,Unit_Test,GitHub Actions,True,False,False,,False,
ultimatewordfinder,"Travis_emulator_manual, Unit_Test",Travis CI,True,True,True,GitHub_emulator_manual,False,
boardgamegeek4android,Unit_Test,GitHub Actions,True,False,False,,False,
cculife,Unit_Test,Unknown,True,False,False,,False,
cculife,none,Travis CI,False,False,False,,False,
android-imsi-catcher-detector,none,GitHub Actions,False,False,False,,False,
rethink-app,Unit_Test,GitHub Actions,True,False,False,,False,
rethink-app,Unit_Test,GitHub Actions,True,False,False,,False,
rethink-app,Unit_Test,GitHub Actions,True,False,False,,False,
ics-openconnect,none,Travis CI,False,False,False,,False,
edujam,Unit_Test,GitHub Actions,True,False,False,,False,
sona-flutter,Unit_Test,GitHub Actions,True,False,False,,False,
pageindicator,none,Travis CI,False,False,False,,False,
weipay,none,CircleCI,False,False,False,,False,
chatgpt-app,Unit_Test,GitHub Actions,True,False,False,,False,
playcode,Unit_Test,GitHub Actions,True,False,False,,False,
opentraining,"Travis_emulator_manual, Unit_Test",Travis CI,True,True,True,GitHub_emulator_manual,False,
meteroid,Unit_Test,GitHub Actions,True,False,False,,False,
share-my-number,Unit_Test,GitHub Actions,True,False,False,,False,
chatwoot-mobile-app,Unit_Test,CircleCI,True,False,False,,False,
cheers-li-app,Unit_Test,GitHub Actions,True,False,False,,False,
cheers-li-app,Unit_Test,GitHub Actions,True,False,False,,False,
videocrop,none,GitHub Actions,False,False,False,,False,
nekome,Unit_Test,GitHub Actions,True,False,False,,False,
nekome,Unit_Test,GitHub Actions,True,False,False,,False,
pushie,Unit_Test,GitHub Actions,True,False,False,,False,
pushie,Unit_Test,GitHub Actions,True,False,False,,False,
carcinofit,Unit_Test,GitHub Actions,True,False,False,,False,
debt-manager,Unit_Test,CircleCI,True,False,False,,False,
good_first_issue,Unit_Test,GitHub Actions,True,False,False,,False,
bark,"GitHub_emulator_full, Other, Unit_Test",GitHub Actions,True,True,True,GitHub_emulator_full,False,
phonograph_plus,Unit_Test,GitHub Actions,True,False,False,,False,
phonograph_plus,none,GitHub Actions,False,False,False,,False,
phonograph_plus,none,GitHub Actions,False,False,False,,False,
curriculumvitae,"GitHub_emulator_full, GitHub_emulator_manual, Other, Unit_Test",GitHub Actions,True,True,True,"GitHub_emulator_full, GitHub_emulator_manual",False,
curriculumvitae,Unit_Test,GitHub Actions,True,False,False,,False,
curriculumvitae,"GitHub_emulator_full, GitHub_emulator_manual, Other, Unit_Test",GitHub Actions,True,True,True,"GitHub_emulator_full, GitHub_emulator_manual",False,
socketweather,Unit_Test,GitHub Actions,True,False,False,,False,
socketweather,Unit_Test,GitHub Actions,True,False,False,,False,
socketweather,Unit_Test,GitHub Actions,True,False,False,,False,
ratingdialok,"GitHub_emulator_manual, Unit_Test",GitHub Actions,True,True,True,GitHub_emulator_manual,False,
songs,Unit_Test,GitHub Actions,True,False,False,,False,
songs,Unit_Test,GitHub Actions,True,False,False,,False,
songs,Unit_Test,GitHub Actions,True,False,False,,False,
songs,Unit_Test,GitHub Actions,True,False,False,,False,
tacere,none,Travis CI,False,False,False,,False,
encryptedsharedpreferences,"Travis_emulator_manual, Unit_Test",Travis CI,True,True,True,GitHub_emulator_manual,False,
mutecamera,none,GitHub Actions,False,False,False,,False,
robinhood-options-mobile,Unit_Test,GitHub Actions,True,False,False,,False,
robinhood-options-mobile,Unit_Test,GitHub Actions,True,False,False,,False,
ncihost,Unit_Test,GitHub Actions,True,False,False,,False,
calendula,Unit_Test,CircleCI,True,False,False,,False,
attachcontact,Unit_Test,GitHub Actions,True,False,False,,False,
clarifai-android-starter,"Travis_emulator_manual, Unit_Test",Travis CI,True,True,True,GitHub_emulator_manual,False,
lazydb,none,Travis CI,False,False,False,,False,
cleantodo,none,CircleCI,False,False,False,,False,
expensetracker,none,Travis CI,False,False,False,,False,
android-remote,Unit_Test,GitHub Actions,True,False,False,,False,
days,Unit_Test,GitHub Actions,True,False,False,,False,
cloudinary_android,"Travis_emulator_manual, Unit_Test",Travis CI,True,True,True,GitHub_emulator_manual,False,
snu_class_2021_art,Unit_Test,GitHub Actions,True,False,False,,False,
distantworlds-muzei,Unit_Test,GitHub Actions,True,False,False,,False,
distantworlds-muzei,Unit_Test,GitHub Actions,True,False,False,,False,
boromi,Unit_Test,GitHub Actions,True,False,False,,False,
habot,Unit_Test,GitHub Actions,True,False,False,,False,
momentum,Unit_Test,GitHub Actions,True,False,False,,False,
cmput301f22t06_team_project,Unit_Test,GitHub Actions,True,False,False,,False,
nlweer,Unit_Test,GitHub Actions,True,False,False,,False,
vt-androidclient,Unit_Test,GitHub Actions,True,False,False,,False,
vt-androidclient,Unit_Test,GitHub Actions,True,False,False,,False,
noisepercolator,Travis_emulator_manual,Travis CI,False,True,True,GitHub_emulator_manual,False,
bundel,Unit_Test,GitHub Actions,True,False,False,,False,
bundel,Unit_Test,GitHub Actions,True,False,False,,False,
harmony,Unit_Test,GitHub Actions,True,False,False,,False,
harmony,Unit_Test,Unknown,True,False,False,,False,
de-urgenta-android,Unit_Test,GitHub Actions,True,False,False,,False,
de-urgenta-android,Unit_Test,GitHub Actions,True,False,False,,False,
farebot,none,Travis CI,False,False,False,,False,
study-buddy-app,Unit_Test,GitHub Actions,True,False,False,,False,
study-buddy-app,Unit_Test,GitHub Actions,True,False,False,,False,
study-buddy-app,Unit_Test,GitHub Actions,True,False,False,,False,
study-buddy-app,Unit_Test,GitHub Actions,True,False,False,,False,
koffeemate,"Travis_emulator_manual, Unit_Test",Travis CI,True,True,True,GitHub_emulator_manual,False,
referandumproject,"GitHub_emulator_manual, Unit_Test",GitHub Actions,True,True,True,GitHub_emulator_manual,False,
awol,Unit_Test,GitHub Actions,True,False,False,,False,
enigmatic-mouse,none,Travis CI,False,False,False,,False,
gnucash-android,none,Travis CI,False,False,False,,False,
perfectus,none,CircleCI,False,False,False,,False,
batterytile,Unit_Test,GitHub Actions,True,False,False,,False,
alakazam,none,Travis CI,False,False,False,,False,
cheatsheet,none,Travis CI,False,False,False,,False,
coil-imagegetter,Unit_Test,GitHub Actions,True,False,False,,False,
easel,none,Travis CI,False,False,False,,False,
firestoreadapter,none,Travis CI,False,False,False,,False,
fitternumberpicker,none,Travis CI,False,False,False,,False,
frankenstein,none,Travis CI,False,False,False,,False,
horizontalpicker,none,Travis CI,False,False,False,,False,
inkpageindicator,none,Travis CI,False,False,False,,False,
internallinkmovementmethod,none,Travis CI,False,False,False,,False,
jounce,Unit_Test,GitHub Actions,True,False,False,,False,
labcoat,Unit_Test,Unknown,True,False,False,,False,
labcoat,Unit_Test,Travis CI,True,False,False,,False,
lift,Unit_Test,GitHub Actions,True,False,False,,False,
morphtransitions,Unit_Test,GitHub Actions,True,False,False,,False,
reptar,none,Travis CI,False,False,False,,False,
tisk,none,Travis CI,False,False,False,,False,
viewtiful,none,Travis CI,False,False,False,,False,
fractalzoo,Unit_Test,GitHub Actions,True,False,False,,False,
fractalzoo,"Travis_emulator_manual, Unit_Test",Travis CI,True,True,True,GitHub_emulator_manual,False,
sslsocks,none,Travis CI,False,False,False,,False,
hello-java-android,"Other, Unit_Test",GitHub Actions,True,True,False,,False,
connectbot,"GitHub_emulator_full, Other, Unit_Test",GitHub Actions,True,True,True,GitHub_emulator_full,False,
connectbot,Unit_Test,GitHub Actions,True,False,False,,False,
connectbot,Unit_Test,GitHub Actions,True,False,False,,False,
connectbot,Unit_Test,GitHub Actions,True,False,False,,False,
smartcookieweb,Unit_Test,GitHub Actions,True,False,False,,False,
paristransporttraffic,Unit_Test,GitHub Actions,True,False,False,,False,
medicationmanager,Unit_Test,CircleCI,True,False,False,,False,
medicationmanager,Unit_Test,GitHub Actions,True,False,False,,False,
nightlight,none,Travis CI,False,False,False,,False,
cosmic-ide,Unit_Test,GitHub Actions,True,False,False,,False,
cosmic-ide,Unit_Test,GitHub Actions,True,False,False,,False,
cosmic-ide,Unit_Test,GitHub Actions,True,False,False,,False,
cosmic-ide,Unit_Test,GitHub Actions,True,False,False,,False,
cosmic-ide,Unit_Test,GitHub Actions,True,False,False,,False,
cosmic-ide,Unit_Test,GitHub Actions,True,False,False,,False,
cosmic-ide,Unit_Test,GitHub Actions,True,False,False,,False,
cosmic-ide,Unit_Test,GitHub Actions,True,False,False,,False,
cosmic-ide,Unit_Test,GitHub Actions,True,False,False,,False,
atom-tasks,"GitHub_emulator_full, GitHub_emulator_manual, Unit_Test",GitHub Actions,True,True,True,"GitHub_emulator_full, GitHub_emulator_manual",False,
atom-tasks,"GitHub_emulator_full, GitHub_emulator_manual, Unit_Test",GitHub Actions,True,True,True,"GitHub_emulator_full, GitHub_emulator_manual",False,
android-comonadic-ui,"Travis_emulator_manual, Unit_Test",Travis CI,True,True,True,GitHub_emulator_manual,False,
crawl,Unit_Test,GitHub Actions,True,False,False,,False,
flashy,Unit_Test,GitHub Actions,True,False,False,,False,
flashy,Unit_Test,GitHub Actions,True,False,False,,False,
fucksgiven,Unit_Test,GitHub Actions,True,False,False,,False,
fucksgiven,Unit_Test,GitHub Actions,True,False,False,,False,
fucksgiven,Unit_Test,GitHub Actions,True,False,False,,False,
fucksgiven,none,GitHub Actions,False,False,False,,False,
halma,Unit_Test,GitHub Actions,True,False,False,,False,
halma,Unit_Test,GitHub Actions,True,False,False,,False,
halma,none,GitHub Actions,False,False,False,,False,
halma,Unit_Test,GitHub Actions,True,False,False,,False,
metadataremover,"GitHub_emulator_full, Unit_Test",GitHub Actions,True,True,True,GitHub_emulator_full,False,
metadataremover,none,GitHub Actions,False,False,False,,False,
morningwood,Unit_Test,GitHub Actions,True,False,False,,False,
morningwood,none,GitHub Actions,False,False,False,,False,
todont,Unit_Test,GitHub Actions,True,False,False,,False,
todont,Unit_Test,GitHub Actions,True,False,False,,False,
todont,Unit_Test,GitHub Actions,True,False,False,,False,
todont,Unit_Test,GitHub Actions,True,False,False,,False,
todont,Unit_Test,GitHub Actions,True,False,False,,False,
txt,Unit_Test,GitHub Actions,True,False,False,,False,
txt,none,GitHub Actions,False,False,False,,False,
vacationdays,Unit_Test,GitHub Actions,True,False,False,,False,
vacationdays,Unit_Test,GitHub Actions,True,False,False,,False,
vacationdays,Unit_Test,GitHub Actions,True,False,False,,False,
criticalmaps-android,Unit_Test,GitHub Actions,True,False,False,,False,
croma,Unit_Test,GitHub Actions,True,False,False,,False,
croma,Unit_Test,GitHub Actions,True,False,False,,False,
cms-android,Unit_Test,GitHub Actions,True,False,False,,False,
pokedex,none,GitHub Actions,False,False,False,,False,
student_app,Unit_Test,GitHub Actions,True,False,False,,False,
student_app,Unit_Test,GitHub Actions,True,False,False,,False,
mensaplan,Unit_Test,CircleCI,True,False,False,,False,
mensaplan,Unit_Test,Unknown,True,False,False,,False,
ning,none,Unknown,False,False,False,,False,
2021-1-ossp2-barcode-8,Unit_Test,CircleCI,True,False,False,,False,
android-minimal-todo,Unit_Test,CircleCI,True,False,False,,False,
ludwig-android,"Other, Unit_Test, firebase_Full",CircleCI,True,True,False,,True,firebase_Full
stockcontrol,none,Travis CI,False,False,False,,False,
spotifykt,Unit_Test,GitHub Actions,True,False,False,,False,
spotifykt,Unit_Test,GitHub Actions,True,False,False,,False,
darkmodewallpaper,Unit_Test,GitHub Actions,True,False,False,,False,
darkmodewallpaper,Unit_Test,GitHub Actions,True,False,False,,False,
wallpaperexport,Unit_Test,GitHub Actions,True,False,False,,False,
canvass-app,Unit_Test,GitHub Actions,True,False,False,,False,
canvass-app,Unit_Test,GitHub Actions,True,False,False,,False,
flashdim,Unit_Test,GitHub Actions,True,False,False,,False,
flashdim,Unit_Test,GitHub Actions,True,False,False,,False,
flashdim,Unit_Test,GitHub Actions,True,False,False,,False,
pincredible,Unit_Test,GitHub Actions,True,False,False,,False,
pincredible,Unit_Test,GitHub Actions,True,False,False,,False,
pincredible,Unit_Test,GitHub Actions,True,False,False,,False,
android,Unit_Test,Travis CI,True,False,False,,False,
phphub-android,none,Travis CI,False,False,False,,False,
userland,"Other, Unit_Test, firebase_Full",GitHub Actions,True,True,False,,True,firebase_Full
stack_wallet,Unit_Test,GitHub Actions,True,False,False,,False,
code-scanner,Unit_Test,GitHub Actions,True,False,False,,False,
code-scanner,Unit_Test,GitHub Actions,True,False,False,,False,
code-scanner,none,GitHub Actions,False,False,False,,False,
capod,Unit_Test,GitHub Actions,True,False,False,,False,
capod,Unit_Test,GitHub Actions,True,False,False,,False,
capod,Unit_Test,GitHub Actions,True,False,False,,False,
fpv-dvca,Unit_Test,GitHub Actions,True,False,False,,False,
fpv-dvca,Unit_Test,GitHub Actions,True,False,False,,False,
fpv-dvca,Unit_Test,GitHub Actions,True,False,False,,False,
octi,Unit_Test,GitHub Actions,True,False,False,,False,
octi,Unit_Test,GitHub Actions,True,False,False,,False,
octi,Unit_Test,GitHub Actions,True,False,False,,False,
permission-pilot,Unit_Test,GitHub Actions,True,False,False,,False,
permission-pilot,Unit_Test,GitHub Actions,True,False,False,,False,
permission-pilot,Unit_Test,GitHub Actions,True,False,False,,False,
reddit-android-appstore,Unit_Test,Travis CI,True,False,False,,False,
wakelock-revamp,Unit_Test,GitHub Actions,True,False,False,,False,
wakelock-revamp,Unit_Test,GitHub Actions,True,False,False,,False,
dagda-app,Unit_Test,GitHub Actions,True,False,False,,False,
dagda-app,Unit_Test,GitHub Actions,True,False,False,,False,
dagda-app,Unit_Test,GitHub Actions,True,False,False,,False,
dagda-app,Unit_Test,GitHub Actions,True,False,False,,False,
afh_downloader,none,Travis CI,False,False,False,,False,
androidpn-client,none,Travis CI,False,False,False,,False,
basketbuild_downloader,none,Travis CI,False,False,False,,False,
opengapps_downloader,none,Travis CI,False,False,False,,False,
suddenly-wifi,Unit_Test,CircleCI,True,False,False,,False,
websiterss,Unit_Test,Travis CI,True,False,False,,False,
the-movie-db-kotlin,Unit_Test,GitHub Actions,True,False,False,,False,
notification-notes,Unit_Test,GitHub Actions,True,False,False,,False,
notification-notes,Unit_Test,GitHub Actions,True,False,False,,False,
ratatosk,Unit_Test,CircleCI,True,False,False,,False,
stepper-touch,Unit_Test,CircleCI,True,False,False,,False,
jumpdontdie,Unit_Test,GitHub Actions,True,False,False,,False,
jumpdontdie,Unit_Test,GitHub Actions,True,False,False,,False,
peruvian-food-app,none,GitHub Actions,False,False,False,,False,
peruvian-food-app,Unit_Test,GitHub Actions,True,False,False,,False,
peruvian-food-app,Unit_Test,GitHub Actions,True,False,False,,False,
peruvian-food-app,Unit_Test,GitHub Actions,True,False,False,,False,
danxi,Unit_Test,GitHub Actions,True,False,False,,False,
danxi,Unit_Test,GitHub Actions,True,False,False,,False,
danxi,Unit_Test,GitHub Actions,True,False,False,,False,
dfm,Unit_Test,CircleCI,True,False,False,,False,
dfm,Unit_Test,GitHub Actions,True,False,False,,False,
dfm,Unit_Test,GitHub Actions,True,False,False,,False,
whatsthere,Unit_Test,GitHub Actions,True,False,False,,False,
logcatreader,Unit_Test,Travis CI,True,False,False,,False,
dash-wallet,Unit_Test,GitHub Actions,True,False,False,,False,
dash-wallet,Unit_Test,GitHub Actions,True,False,False,,False,
dash-wallet,Unit_Test,GitHub Actions,True,False,False,,False,
munchkin-counter-android,none,CircleCI,False,False,False,,False,
burning-series,Unit_Test,GitHub Actions,True,False,False,,False,
burning-series,Unit_Test,GitHub Actions,True,False,False,,False,
openfe-android,Unit_Test,GitHub Actions,True,False,False,,False,
covid,Unit_Test,GitHub Actions,True,False,False,,False,
tensor,none,Travis CI,False,False,False,,False,
patco-today,Unit_Test,GitHub Actions,True,False,False,,False,
electricity_front,Unit_Test,GitHub Actions,True,False,False,,False,
prognoza,Unit_Test,GitHub Actions,True,False,False,,False,
marvel,"GitHub_emulator_full, Other, Unit_Test",GitHub Actions,True,True,True,GitHub_emulator_full,False,
halfdot,Unit_Test,GitHub Actions,True,False,False,,False,
dawnn_client,Unit_Test,GitHub Actions,True,False,False,,False,
dawnn_client,Unit_Test,GitHub Actions,True,False,False,,False,
android-boilerplate,Unit_Test,GitHub Actions,True,False,False,,False,
android-boilerplate,none,Travis CI,False,False,False,,False,
upcomingmovies,Unit_Test,GitHub Actions,True,False,False,,False,
webaudio-spectrum-analyser,Unit_Test,GitHub Actions,True,False,False,,False,
webaudio-spectrum-analyser,Unit_Test,GitHub Actions,True,False,False,,False,
webaudio-spectrum-analyser,Unit_Test,GitHub Actions,True,False,False,,False,
jazz2-native,Unit_Test,GitHub Actions,True,False,False,,False,
jazz2-native,Unit_Test,GitHub Actions,True,False,False,,False,
jazz2-native,Unit_Test,GitHub Actions,True,False,False,,False,
jazz2-native,Unit_Test,GitHub Actions,True,False,False,,False,
jazz2-native,none,GitHub Actions,False,False,False,,False,
jazz2-native,Unit_Test,GitHub Actions,True,False,False,,False,
jazz2-native,Unit_Test,GitHub Actions,True,False,False,,False,
jazz2-native,Unit_Test,GitHub Actions,True,False,False,,False,
jazz2-native,Unit_Test,GitHub Actions,True,False,False,,False,
jazz2-native,Unit_Test,GitHub Actions,True,False,False,,False,
jazz2-native,Unit_Test,GitHub Actions,True,False,False,,False,
jazz2-native,Unit_Test,GitHub Actions,True,False,False,,False,
aves,Unit_Test,GitHub Actions,True,False,False,,False,
aves,Unit_Test,GitHub Actions,True,False,False,,False,
mobile_nebula,Unit_Test,GitHub Actions,True,False,False,,False,
mobile_nebula,Unit_Test,GitHub Actions,True,False,False,,False,
mobile_nebula,Unit_Test,GitHub Actions,True,False,False,,False,
android,Unit_Test,GitHub Actions,True,False,False,,False,
android,Unit_Test,GitHub Actions,True,False,False,,False,
android,Unit_Test,GitHub Actions,True,False,False,,False,
amarok-hider,Unit_Test,GitHub Actions,True,False,False,,False,
amarok-hider,Unit_Test,GitHub Actions,True,False,False,,False,
demixr-app,Unit_Test,GitHub Actions,True,False,False,,False,
daqs,Unit_Test,GitHub Actions,True,False,False,,False,
three-days-android,Unit_Test,GitHub Actions,True,False,False,,False,
three-days-android,Unit_Test,GitHub Actions,True,False,False,,False,
three-days-android,Unit_Test,GitHub Actions,True,False,False,,False,
noefinderlein,none,Travis CI,False,False,False,,False,
nitmgpt,Unit_Test,GitHub Actions,True,False,False,,False,
nitmgpt,Unit_Test,GitHub Actions,True,False,False,,False,
weatherapp-android,Unit_Test,GitHub Actions,True,False,False,,False,
weatherapp-android,Unit_Test,GitHub Actions,True,False,False,,False,
instiapp-android,Unit_Test,GitHub Actions,True,False,False,,False,
klimatic,Unit_Test,GitHub Actions,True,False,False,,False,
klimatic,Unit_Test,GitHub Actions,True,False,False,,False,
klimatic,Unit_Test,GitHub Actions,True,False,False,,False,
ns-usbloader-mobile,Unit_Test,GitHub Actions,True,False,False,,False,
logmein-android,Unit_Test,Travis CI,True,False,False,,False,
aria2app,Unit_Test,GitHub Actions,True,False,False,,False,
dnshero,Unit_Test,GitHub Actions,True,False,False,,False,
pretendyourexyzzyandroid,Unit_Test,GitHub Actions,True,False,False,,False,
devhub,none,GitHub Actions,False,False,False,,False,
mapwall,Unit_Test,Travis CI,True,False,False,,False,
slider,none,Travis CI,False,False,False,,False,
paperlaunch,Unit_Test,GitHub Actions,True,False,False,,False,
challenge-ci-android,Unit_Test,GitHub Actions,True,False,False,,False,
ard,none,Travis CI,False,False,False,,False,
clipboardcleaner,Unit_Test,GitHub Actions,True,False,False,,False,
droid-feed,"GitHub_emulator_full, Unit_Test",GitHub Actions,True,True,True,GitHub_emulator_full,False,
droid-feed,Unit_Test,GitHub Actions,True,False,False,,False,
scheduler,Unit_Test,GitHub Actions,True,False,False,,False,
weatherradar,none,Travis CI,False,False,False,,False,
githubvisualizer,none,GitHub Actions,False,False,False,,False,
shabda,Unit_Test,Travis CI,True,False,False,,False,
ladybuddy-app,Unit_Test,Unknown,True,False,False,,False,
currency,Unit_Test,GitHub Actions,True,False,False,,False,
currency,Unit_Test,GitHub Actions,True,False,False,,False,
price_comparison_app,Unit_Test,CircleCI,True,False,False,,False,
gorestaurant-app,Unit_Test,GitHub Actions,True,False,False,,False,
minijvm,none,Travis CI,False,False,False,,False,
flutter-timesheet,Unit_Test,GitHub Actions,True,False,False,,False,
commcare-android,"Other, Unit_Test",GitHub Actions,True,True,False,,False,
commcare-android,Unit_Test,GitHub Actions,True,False,False,,False,
aplikasi_absen_karyawan,Unit_Test,GitHub Actions,True,False,False,,False,
aplikasi_pendaftaran_pasien,Unit_Test,GitHub Actions,True,False,False,,False,
tesserpg-android,none,Unknown,False,False,False,,False,
tesserpg-android,none,GitHub Actions,False,False,False,,False,
tesserpg-android,none,Travis CI,False,False,False,,False,
bottomnavigationbar,Unit_Test,CircleCI,True,False,False,,False,
myluaapp,Unit_Test,GitHub Actions,True,False,False,,False,
lastcaller,none,Travis CI,False,False,False,,False,
popular-movies,none,GitHub Actions,False,False,False,,False,
group-05,"GitHub_emulator_manual, Unit_Test",GitHub Actions,True,True,True,GitHub_emulator_manual,False,
hypatia,Unit_Test,Unknown,True,False,False,,False,
irremote,Unit_Test,Unknown,True,False,False,,False,
maps,Unit_Test,Unknown,True,False,False,,False,
motionlock,Unit_Test,Unknown,True,False,False,,False,
wlanbackend,Unit_Test,Unknown,True,False,False,,False,
aaaaxy,Unit_Test,GitHub Actions,True,False,False,,False,
aaaaxy,Unit_Test,GitHub Actions,True,False,False,,False,
aaaaxy,Unit_Test,GitHub Actions,True,False,False,,False,
aaaaxy,Unit_Test,GitHub Actions,True,False,False,,False,
aaaaxy,Unit_Test,GitHub Actions,True,False,False,,False,
aaaaxy,Unit_Test,GitHub Actions,True,False,False,,False,
aaaaxy,Unit_Test,GitHub Actions,True,False,False,,False,
aaaaxy,Unit_Test,GitHub Actions,True,False,False,,False,
aaaaxy,Unit_Test,GitHub Actions,True,False,False,,False,
gelli,Unit_Test,GitHub Actions,True,False,False,,False,
speedrun-browser-android,Unit_Test,GitHub Actions,True,False,False,,False,
speedrun-browser-android,Unit_Test,Unknown,True,False,False,,False,
opentasks,"Travis_emulator_manual, Unit_Test",Travis CI,True,True,True,GitHub_emulator_manual,False,
emulator-detector,none,Travis CI,False,False,False,,False,
ididit,Unit_Test,GitHub Actions,True,False,False,,False,
ididit,Unit_Test,GitHub Actions,True,False,False,,False,
ididit,Unit_Test,GitHub Actions,True,False,False,,False,
ididit,Unit_Test,GitHub Actions,True,False,False,,False,
infinity-for-reddit,Unit_Test,GitHub Actions,True,False,False,,False,
infinity-for-reddit,Unit_Test,GitHub Actions,True,False,False,,False,
android-client,Unit_Test,GitHub Actions,True,False,False,,False,
android-client,none,GitHub Actions,False,False,False,,False,
android-client,none,GitHub Actions,False,False,False,,False,
android-client,none,GitHub Actions,False,False,False,,False,
tvremoteplay,Unit_Test,GitHub Actions,True,False,False,,False,
hacked,Unit_Test,GitHub Actions,True,False,False,,False,
amlv,Unit_Test,GitHub Actions,True,False,False,,False,
any,Unit_Test,GitHub Actions,True,False,False,,False,
any,"GitHub_emulator_full, Other, Unit_Test",GitHub Actions,True,True,True,GitHub_emulator_full,False,
any,Unit_Test,GitHub Actions,True,False,False,,False,
any,Unit_Test,GitHub Actions,True,False,False,,False,
draggable-menu,Unit_Test,GitHub Actions,True,False,False,,False,
domodroid,none,Travis CI,False,False,False,,False,
nuwm-frontend,Unit_Test,Travis CI,True,False,False,,False,
mensaplan,Unit_Test,GitHub Actions,True,False,False,,False,
micropinner,Unit_Test,GitHub Actions,True,False,False,,False,
micropinner,"GitHub_emulator_manual, Unit_Test",GitHub Actions,True,True,True,GitHub_emulator_manual,False,
bartrunnerandroid,none,Travis CI,False,False,False,,False,
clear-todolist,none,Travis CI,False,False,False,,False,
waterfly-iii,Unit_Test,GitHub Actions,True,False,False,,False,
client,Unit_Test,GitHub Actions,True,False,False,,False,
client,Unit_Test,GitHub Actions,True,False,False,,False,
client,Unit_Test,GitHub Actions,True,False,False,,False,
client,Unit_Test,GitHub Actions,True,False,False,,False,
conference-app-2021,"GitHub_emulator_full, Unit_Test",GitHub Actions,True,True,True,GitHub_emulator_full,False,
conference-app-2021,Unit_Test,GitHub Actions,True,False,False,,False,
conference-app-2021,Unit_Test,GitHub Actions,True,False,False,,False,
conference-app-2021,none,GitHub Actions,False,False,False,,False,
conference-app-2021,Unit_Test,GitHub Actions,True,False,False,,False,
conference-app-2021,Unit_Test,GitHub Actions,True,False,False,,False,
conference-app-2021,Unit_Test,GitHub Actions,True,False,False,,False,
conference-app-2021,Unit_Test,GitHub Actions,True,False,False,,False,
conference-app-2021,Unit_Test,GitHub Actions,True,False,False,,False,
android-font-binder,none,GitHub Actions,False,False,False,,False,
tajmahalapp-android,Unit_Test,GitHub Actions,True,False,False,,False,
tajmahalapp-android,Unit_Test,GitHub Actions,True,False,False,,False,
tajmahalapp-android,Unit_Test,GitHub Actions,True,False,False,,False,
drone-scanner,Unit_Test,GitHub Actions,True,False,False,,False,
drone-scanner,none,GitHub Actions,False,False,False,,False,
anchors,none,Travis CI,False,False,False,,False,
plasma-donor-app,Unit_Test,GitHub Actions,True,False,False,,False,
project-avocado,none,GitHub Actions,False,False,False,,False,
project-avocado,Unit_Test,GitHub Actions,True,False,False,,False,
project-avocado,Unit_Test,GitHub Actions,True,False,False,,False,
project-raasan,Unit_Test,GitHub Actions,True,False,False,,False,
spot,Unit_Test,GitHub Actions,True,False,False,,False,
spot,Unit_Test,GitHub Actions,True,False,False,,False,
spot,Unit_Test,GitHub Actions,True,False,False,,False,
android,Unit_Test,GitHub Actions,True,False,False,,False,
android,Unit_Test,GitHub Actions,True,False,False,,False,
android,Unit_Test,GitHub Actions,True,False,False,,False,
android,Unit_Test,GitHub Actions,True,False,False,,False,
android,"Other, Unit_Test",GitHub Actions,True,True,False,,False,
android,Unit_Test,GitHub Actions,True,False,False,,False,
android,Unit_Test,GitHub Actions,True,False,False,,False,
android,Unit_Test,GitHub Actions,True,False,False,,False,
android,"Other, Unit_Test",GitHub Actions,True,True,False,,False,
android,Unit_Test,GitHub Actions,True,False,False,,False,
android,Unit_Test,GitHub Actions,True,False,False,,False,
android,Unit_Test,GitHub Actions,True,False,False,,False,
android,"Other, Unit_Test",GitHub Actions,True,True,False,,False,
android,Unit_Test,GitHub Actions,True,False,False,,False,
android,Unit_Test,GitHub Actions,True,False,False,,False,
android,Unit_Test,GitHub Actions,True,False,False,,False,
quack-quack-android,Unit_Test,GitHub Actions,True,False,False,,False,
quack-quack-android,Unit_Test,GitHub Actions,True,False,False,,False,
quack-quack-android,Unit_Test,GitHub Actions,True,False,False,,False,
sn4ke,Unit_Test,GitHub Actions,True,False,False,,False,
sn4ke,Unit_Test,GitHub Actions,True,False,False,,False,
upgradeall,Unit_Test,GitHub Actions,True,False,False,,False,
upgradeall,Unit_Test,GitHub Actions,True,False,False,,False,
upgradeall,Unit_Test,GitHub Actions,True,False,False,,False,
upgradeall,Unit_Test,GitHub Actions,True,False,False,,False,
dndplayer,Unit_Test,GitHub Actions,True,False,False,,False,
alarmandjob,none,Travis CI,False,False,False,,False,
android-app-eye-rest-blue-light-filter,Unit_Test,CircleCI,True,False,False,,False,
android-app-get-device-id,Unit_Test,CircleCI,True,False,False,,False,
android-app-get-device-id,none,Travis CI,False,False,False,,False,
dzikirqu-android,Unit_Test,GitHub Actions,True,False,False,,False,
dzikirqu-android,Unit_Test,GitHub Actions,True,False,False,,False,
e_luminous_mobile,Unit_Test,GitHub Actions,True,False,False,,False,
translator,Unit_Test,GitHub Actions,True,False,False,,False,
translator,Unit_Test,GitHub Actions,True,False,False,,False,
frameview,Unit_Test,CircleCI,True,False,False,,False,
easybangumi,Unit_Test,GitHub Actions,True,False,False,,False,
player,Unit_Test,GitHub Actions,True,False,False,,False,
instant,Unit_Test,GitHub Actions,True,False,False,,False,
instant,Unit_Test,GitHub Actions,True,False,False,,False,
gaugeprogressview,Unit_Test,GitHub Actions,True,False,False,,False,
labeledseekslider,Unit_Test,GitHub Actions,True,False,False,,False,
materialtextfield,Unit_Test,GitHub Actions,True,False,False,,False,
segmentedarcview,Unit_Test,GitHub Actions,True,False,False,,False,
chatifyapp-flutter,Unit_Test,GitHub Actions,True,False,False,,False,
food_delivery_ui_flutter,Unit_Test,GitHub Actions,True,False,False,,False,
osu-lab,none,Travis CI,False,False,False,,False,
manga2kindle,none,Travis CI,False,False,False,,False,
android,"GitHub_emulator_full, GitHub_emulator_manual, Other, Unit_Test",GitHub Actions,True,True,True,"GitHub_emulator_full, GitHub_emulator_manual",False,
blood-donor-blood-bank-finder,Unit_Test,Unknown,True,False,False,,False,
app,Unit_Test,GitHub Actions,True,False,False,,False,
lady-happy-android,Unit_Test,GitHub Actions,True,False,False,,False,
lady-happy-android,Unit_Test,GitHub Actions,True,False,False,,False,
radiotok,Unit_Test,GitHub Actions,True,False,False,,False,
mszprogressindicator,Unit_Test,GitHub Actions,True,False,False,,False,
rpicheck,"GitHub_emulator_manual, Unit_Test",GitHub Actions,True,True,True,GitHub_emulator_manual,False,
houseparty,Unit_Test,GitHub Actions,True,False,False,,False,
nmedia,none,GitHub Actions,False,False,False,,False,
delish,none,GitHub Actions,False,False,False,,False,
delish,Unit_Test,GitHub Actions,True,False,False,,False,
electrode-native,Unit_Test,Unknown,True,False,False,,False,
electrode-native,Unit_Test,GitHub Actions,True,False,False,,False,
electrode-native,Unit_Test,GitHub Actions,True,False,False,,False,
electrode-native,Unit_Test,GitHub Actions,True,False,False,,False,
mirrordisplay,Unit_Test,GitHub Actions,True,False,False,,False,
appstore,Unit_Test,GitHub Actions,True,False,False,,False,
start-guide,Unit_Test,GitHub Actions,True,False,False,,False,
light-controller,none,Travis CI,False,False,False,,False,
fwdportforwardingapp,none,Travis CI,False,False,False,,False,
pomodoro-timer,Unit_Test,GitHub Actions,True,False,False,,False,
pomodoro-timer,Unit_Test,GitHub Actions,True,False,False,,False,
simple-accounting,none,Travis CI,False,False,False,,False,
snmp-cockpit,"Other, Unit_Test, Unknown_emulator_manual",Unknown,True,True,True,GitHub_emulator_manual,False,
brainteaser,Unit_Test,GitHub Actions,True,False,False,,False,
brainteaser,Unit_Test,GitHub Actions,True,False,False,,False,
music-player-go,Unit_Test,GitHub Actions,True,False,False,,False,
jamme,Unit_Test,GitHub Actions,True,False,False,,False,
photos-app,Unit_Test,GitHub Actions,True,False,False,,False,
photos-app,Unit_Test,GitHub Actions,True,False,False,,False,
photos-app,Unit_Test,GitHub Actions,True,False,False,,False,
envelop-android,Unit_Test,GitHub Actions,True,False,False,,False,
envelop-android,"Other, Unit_Test, firebase_Full",GitHub Actions,True,True,False,,True,firebase_Full
my-career,Unit_Test,GitHub Actions,True,False,False,,False,
my-career,Unit_Test,GitHub Actions,True,False,False,,False,
my-career,Unit_Test,GitHub Actions,True,False,False,,False,
epimetheus,Unit_Test,GitHub Actions,True,False,False,,False,
tremotesf-android,Unit_Test,GitHub Actions,True,False,False,,False,
jetpuppy,"GitHub_emulator_full, Other, Unit_Test",GitHub Actions,True,True,True,GitHub_emulator_full,False,
user-controlled-decryption-operations,Unit_Test,Unknown,True,False,False,,False,
virtual-keycard,Unit_Test,Unknown,True,False,False,,False,
minder,Unit_Test,GitHub Actions,True,False,False,,False,
android-image-picker,"Unit_Test, firebase_Compact",GitHub Actions,True,True,False,,True,firebase_Compact
compose-ui-book,Unit_Test,GitHub Actions,True,False,False,,False,
compose-ui-book,Unit_Test,GitHub Actions,True,False,False,,False,
compose-ui-book,Unit_Test,GitHub Actions,True,False,False,,False,
karma,Unit_Test,GitHub Actions,True,False,False,,False,
espeak-ng,Unit_Test,GitHub Actions,True,False,False,,False,
espeak-ng,Unit_Test,GitHub Actions,True,False,False,,False,
espeak-ng,Unit_Test,GitHub Actions,True,False,False,,False,
espeak-ng,Unit_Test,GitHub Actions,True,False,False,,False,
espeak-ng,Unit_Test,GitHub Actions,True,False,False,,False,
espeak-ng,Unit_Test,GitHub Actions,True,False,False,,False,
espeak-ng,Unit_Test,GitHub Actions,True,False,False,,False,
espeak-ng,none,Travis CI,False,False,False,,False,
etar-calendar,Unit_Test,GitHub Actions,True,False,False,,False,
deathprogress,Unit_Test,GitHub Actions,True,False,False,,False,
headingcalculator,none,Travis CI,False,False,False,,False,
euphony-hub-collector,"GitHub_emulator_full, Unit_Test",GitHub Actions,True,True,True,GitHub_emulator_full,False,
evmap,Unit_Test,GitHub Actions,True,False,False,,False,
evmap,Unit_Test,GitHub Actions,True,False,False,,False,
equate,Unit_Test,CircleCI,True,False,False,,False,
eventfahrplan,"GitHub_emulator_full, Other, Unit_Test",GitHub Actions,True,True,True,GitHub_emulator_full,False,
eventfahrplan,Unit_Test,Travis CI,True,False,False,,False,
atox,"GitHub_emulator_full, Unit_Test",GitHub Actions,True,True,True,GitHub_emulator_full,False,
atox,none,GitHub Actions,False,False,False,,False,
kotlin-soundboard,Unit_Test,GitHub Actions,True,False,False,,False,
anlinux-adfree,none,CircleCI,False,False,False,,False,
exodus-android-app,Unit_Test,GitHub Actions,True,False,False,,False,
exodus-android-app,Unit_Test,GitHub Actions,True,False,False,,False,
exokit,Unit_Test,GitHub Actions,True,False,False,,False,
exokit,Unit_Test,GitHub Actions,True,False,False,,False,
android-rxfirebase,Unit_Test,CircleCI,True,False,False,,False,
nearbychat,none,Travis CI,False,False,False,,False,
hglauncher,Unit_Test,GitHub Actions,True,False,False,,False,
hglauncher,"Travis_emulator_manual, Unit_Test",Travis CI,True,True,True,GitHub_emulator_manual,False,
hid-barcode-scanner,Unit_Test,GitHub Actions,True,False,False,,False,
hid-barcode-scanner,Unit_Test,GitHub Actions,True,False,False,,False,
hid-barcode-scanner,Unit_Test,GitHub Actions,True,False,False,,False,
dokuwikiandroid,Unit_Test,GitHub Actions,True,False,False,,False,
dokuwikiandroid,Unit_Test,Unknown,True,False,False,,False,
debty-v2,Unit_Test,CircleCI,True,False,False,,False,
theprincipleapp,Unit_Test,GitHub Actions,True,False,False,,False,
guide7,Unit_Test,GitHub Actions,True,False,False,,False,
facted-camera,none,Travis CI,False,False,False,,False,
shachi,Unit_Test,GitHub Actions,True,False,False,,False,
shachi,"GitHub_emulator_full, Unit_Test",GitHub Actions,True,True,True,GitHub_emulator_full,False,
diaguard,Unit_Test,GitHub Actions,True,False,False,,False,
discreet-launcher,Unit_Test,GitHub Actions,True,False,False,,False,
mensa,Unit_Test,GitHub Actions,True,False,False,,False,
v2ex-simple,Unit_Test,CircleCI,True,False,False,,False,
v2ex-simple,none,Travis CI,False,False,False,,False,
colorosnotifyicon,Unit_Test,GitHub Actions,True,False,False,,False,
colorosnotifyicon,Unit_Test,GitHub Actions,True,False,False,,False,
miuinativenotifyicon,Unit_Test,GitHub Actions,True,False,False,,False,
miuinativenotifyicon,Unit_Test,GitHub Actions,True,False,False,,False,
fantlab-android,none,GitHub Actions,False,False,False,,False,
taskbar,Unit_Test,GitHub Actions,True,False,False,,False,
my_pos_android,none,Travis CI,False,False,False,,False,
reminderpro,Unit_Test,CircleCI,True,False,False,,False,
fancyshowcaseview,Unit_Test,GitHub Actions,True,False,False,,False,
wifiview,none,Travis CI,False,False,False,,False,
todo-compose,Unit_Test,GitHub Actions,True,False,False,,False,
todo-compose,Unit_Test,GitHub Actions,True,False,False,,False,
todo-compose,"GitHub_emulator_full, Unit_Test",GitHub Actions,True,True,True,GitHub_emulator_full,False,
moveery,"Travis_emulator_manual, Unit_Test",Travis CI,True,True,True,GitHub_emulator_manual,False,
mood-tracker-android,Unit_Test,GitHub Actions,True,False,False,,False,
omni-notes,Unit_Test,GitHub Actions,True,False,False,,False,
omni-notes,"GitHub_emulator_full, Other, Unit_Test",GitHub Actions,True,True,True,GitHub_emulator_full,False,
octo4a,Unit_Test,GitHub Actions,True,False,False,,False,
snapstreak-alarm,Unit_Test,GitHub Actions,True,False,False,,False,
afreesvg,Unit_Test,GitHub Actions,True,False,False,,False,
usbserial,none,GitHub Actions,False,False,False,,False,
6502android,none,Travis CI,False,False,False,,False,
gifimageview,none,Travis CI,False,False,False,,False,
ktnes,Unit_Test,GitHub Actions,True,False,False,,False,
marvel-app,"Other, Unit_Test, firebase_Full",CircleCI,True,True,False,,True,firebase_Full
marvel-app,"GitHub_emulator_full, Other, Unit_Test",GitHub Actions,True,True,True,GitHub_emulator_full,False,
marvel-app,"Travis_emulator_manual, Unit_Test",Travis CI,True,True,True,GitHub_emulator_manual,False,
marvel-client,Unit_Test,CircleCI,True,False,False,,False,
lyricly,Unit_Test,CircleCI,True,False,False,,False,
yummy,Unit_Test,GitHub Actions,True,False,False,,False,
alarmio,Unit_Test,GitHub Actions,True,False,False,,False,
alarmio,Unit_Test,GitHub Actions,True,False,False,,False,
status,none,GitHub Actions,False,False,False,,False,
sunrisesunsetview,none,Travis CI,False,False,False,,False,
simple-paint,Unit_Test,GitHub Actions,True,False,False,,False,
simple-paint,Unit_Test,GitHub Actions,True,False,False,,False,
sallefy,Unit_Test,GitHub Actions,True,False,False,,False,
converternow,Unit_Test,GitHub Actions,True,False,False,,False,
converternow,Unit_Test,GitHub Actions,True,False,False,,False,
converternow,Unit_Test,GitHub Actions,True,False,False,,False,
deezerclone,Unit_Test,GitHub Actions,True,False,False,,False,
flone-android,"Travis_emulator_manual, Unit_Test",Travis CI,True,True,True,GitHub_emulator_manual,False,
relaxfinger,none,Travis CI,False,False,False,,False,
ka27,none,Travis CI,False,False,False,,False,
ws2022_pme_flipsen,Unit_Test,GitHub Actions,True,False,False,,False,
family-care,"Travis_emulator_manual, Unit_Test",Travis CI,True,True,True,GitHub_emulator_manual,False,
android-invoice-generator,Unit_Test,CircleCI,True,False,False,,False,
noefinderlein_flutter,Unit_Test,GitHub Actions,True,False,False,,False,
noefinderlein_flutter,Unit_Test,GitHub Actions,True,False,False,,False,
noefinderlein_flutter,Unit_Test,GitHub Actions,True,False,False,,False,
noefinderlein_flutter,Unit_Test,GitHub Actions,True,False,False,,False,
noefinderlein_flutter,Unit_Test,GitHub Actions,True,False,False,,False,
noefinderlein_flutter,Unit_Test,GitHub Actions,True,False,False,,False,
noefinderlein_flutter,Unit_Test,GitHub Actions,True,False,False,,False,
noefinderlein_flutter,Unit_Test,GitHub Actions,True,False,False,,False,
nabung,Unit_Test,Unknown,True,False,False,,False,
meteorite,none,Travis CI,False,False,False,,False,
mityurl,Unit_Test,GitHub Actions,True,False,False,,False,
lisu-android,Unit_Test,GitHub Actions,True,False,False,,False,
lisu-android,Unit_Test,GitHub Actions,True,False,False,,False,
myhackerspace,Unit_Test,CircleCI,True,False,False,,False,
brainjogging,Unit_Test,GitHub Actions,True,False,False,,False,
flare-engine,none,GitHub Actions,False,False,False,,False,
flare-engine,none,Travis CI,False,False,False,,False,
dankchat,Unit_Test,GitHub Actions,True,False,False,,False,
flexbooru,none,CircleCI,False,False,False,,False,
flinspirer,Unit_Test,GitHub Actions,True,False,False,,False,
flipper-android-app,Unit_Test,GitHub Actions,True,False,False,,False,
flipper-android-app,Unit_Test,GitHub Actions,True,False,False,,False,
flipper-android-app,Unit_Test,GitHub Actions,True,False,False,,False,
flipper-android-app,Unit_Test,GitHub Actions,True,False,False,,False,
flipper-android-app,Unit_Test,GitHub Actions,True,False,False,,False,
floccus,Unit_Test,GitHub Actions,True,False,False,,False,
floccus,Unit_Test,GitHub Actions,True,False,False,,False,
floccus,Unit_Test,GitHub Actions,True,False,False,,False,
floccus,Unit_Test,GitHub Actions,True,False,False,,False,
floccus,Unit_Test,GitHub Actions,True,False,False,,False,
floccus,Unit_Test,GitHub Actions,True,False,False,,False,
floccus,Unit_Test,GitHub Actions,True,False,False,,False,
shapeofview,Unit_Test,CircleCI,True,False,False,,False,
towers,none,Travis CI,False,False,False,,False,
flowit,Unit_Test,GitHub Actions,True,False,False,,False,
flutter_thrio,Unit_Test,GitHub Actions,True,False,False,,False,
snapdrop-android,Unit_Test,GitHub Actions,True,False,False,,False,
snapdrop-android,Unit_Test,GitHub Actions,True,False,False,,False,
resync,Unit_Test,GitHub Actions,True,False,False,,False,
androiddatawithoutrootapi33,Unit_Test,GitHub Actions,True,False,False,,False,
truck-me-android,Unit_Test,GitHub Actions,True,False,False,,False,
melon,Unit_Test,CircleCI,True,False,False,,False,
melon,Unit_Test,GitHub Actions,True,False,False,,False,
melon,Unit_Test,GitHub Actions,True,False,False,,False,
suntimescalendars,Unit_Test,GitHub Actions,True,False,False,,False,
relay,Unit_Test,CircleCI,True,False,False,,False,
relay,none,Travis CI,False,False,False,,False,
tonedef,Unit_Test,GitHub Actions,True,False,False,,False,
badge-magic-android,Unit_Test,GitHub Actions,True,False,False,,False,
neurolab-android,none,Travis CI,False,False,False,,False,
pslab-android,Unit_Test,GitHub Actions,True,False,False,,False,
pslab-android,Unit_Test,GitHub Actions,True,False,False,,False,
hanstargram,Unit_Test,GitHub Actions,True,False,False,,False,
doubanmovie,Unit_Test,GitHub Actions,True,False,False,,False,
learn-digits,Unit_Test,GitHub Actions,True,False,False,,False,
digiview-android,Unit_Test,GitHub Actions,True,False,False,,False,
androbd,Unit_Test,GitHub Actions,True,False,False,,False,
bikesharinghub,none,Travis CI,False,False,False,,False,
vsmartcard,none,GitHub Actions,False,False,False,,False,
vsmartcard,none,GitHub Actions,False,False,False,,False,
vsmartcard,none,GitHub Actions,False,False,False,,False,
vsmartcard,Unit_Test,GitHub Actions,True,False,False,,False,
cavedroid,none,Travis CI,False,False,False,,False,
mobile-app,GitHub_emulator_full,GitHub Actions,False,True,True,GitHub_emulator_full,False,
mobile-app,none,GitHub Actions,False,False,False,,False,
mobile,Unit_Test,GitHub Actions,True,False,False,,False,
mobile,"GitHub_emulator_full, Unit_Test",GitHub Actions,True,True,True,GitHub_emulator_full,False,
mobile,"GitHub_emulator_full, Unit_Test",GitHub Actions,True,True,True,GitHub_emulator_full,False,
mobile,Unit_Test,GitHub Actions,True,False,False,,False,
mobile,Unit_Test,GitHub Actions,True,False,False,,False,
mobile,Unit_Test,GitHub Actions,True,False,False,,False,
app,Unit_Test,GitHub Actions,True,False,False,,False,
freeotp-android,none,Travis CI,False,False,False,,False,
freezeyou,Unit_Test,GitHub Actions,True,False,False,,False,
freezeyou,none,Travis CI,False,False,False,,False,
daytomato,none,GitHub Actions,False,False,False,,False,
mhabit,Unit_Test,GitHub Actions,True,False,False,,False,
mhabit,Unit_Test,GitHub Actions,True,False,False,,False,
mhabit,Unit_Test,GitHub Actions,True,False,False,,False,
mhabit,Unit_Test,GitHub Actions,True,False,False,,False,
secure-sms-proxy,Unit_Test,GitHub Actions,True,False,False,,False,
secure-sms-proxy,none,GitHub Actions,False,False,False,,False,
secure-sms-proxy,none,GitHub Actions,False,False,False,,False,
secure-sms-proxy,Unit_Test,GitHub Actions,True,False,False,,False,
frinder-app,"GitHub_emulator_manual, Unit_Test",GitHub Actions,True,True,True,GitHub_emulator_manual,False,
lapd,Unit_Test,GitHub Actions,True,False,False,,False,
android-base,Unit_Test,CircleCI,True,False,False,,False,
android-base,Unit_Test,Travis CI,True,False,False,,False,
reclaim,Unit_Test,Travis CI,True,False,False,,False,
freesound-android,none,Travis CI,False,False,False,,False,
flutter-healthbook,Unit_Test,GitHub Actions,True,False,False,,False,
opencookieclicker,Unit_Test,GitHub Actions,True,False,False,,False,
fancyplaces,none,GitHub Actions,False,False,False,,False,
scrabble,Unit_Test,GitHub Actions,True,False,False,,False,
exploitdb,Unit_Test,GitHub Actions,True,False,False,,False,
exploitdb,none,Travis CI,False,False,False,,False,
main,none,Travis CI,False,False,False,,False,
fling,Unit_Test,GitHub Actions,True,False,False,,False,
quoteiko,Unit_Test,GitHub Actions,True,False,False,,False,
mhworlddatabase,Unit_Test,CircleCI,True,False,False,,False,
whatsapp_status_saver,Unit_Test,GitHub Actions,True,False,False,,False,
android-layout-transitions-kotlin,none,Travis CI,False,False,False,,False,
android-vpn-client-ics-openvpn,Unit_Test,GitHub Actions,True,False,False,,False,
android-vpn-client-ics-openvpn,none,Travis CI,False,False,False,,False,
xiaexpressandroid,"Travis_emulator_manual, Unit_Test",Travis CI,True,True,True,GitHub_emulator_manual,False,
zethree,Unit_Test,GitHub Actions,True,False,False,,False,
frisbee,Unit_Test,GitHub Actions,True,False,False,,False,
gidget,Unit_Test,GitHub Actions,True,False,False,,False,
gidget,Unit_Test,GitHub Actions,True,False,False,,False,
gidget,Unit_Test,GitHub Actions,True,False,False,,False,
millennium-for-reddit,Unit_Test,GitHub Actions,True,False,False,,False,
gbooks,Unit_Test,GitHub Actions,True,False,False,,False,
gearoenix,Unit_Test,GitHub Actions,True,False,False,,False,
gearoenix,Unit_Test,GitHub Actions,True,False,False,,False,
counter,Unit_Test,CircleCI,True,False,False,,False,
androidproject-kotlin,Unit_Test,GitHub Actions,True,False,False,,False,
androidproject,Unit_Test,GitHub Actions,True,False,False,,False,
logcat,Unit_Test,GitHub Actions,True,False,False,,False,
multilanguages,Unit_Test,GitHub Actions,True,False,False,,False,
titlebar,Unit_Test,GitHub Actions,True,False,False,,False,
toaster,Unit_Test,GitHub Actions,True,False,False,,False,
xxpermissions,Unit_Test,GitHub Actions,True,False,False,,False,
sentry-mobile-release-health-app,Unit_Test,GitHub Actions,True,False,False,,False,
stream-draw-android,Unit_Test,GitHub Actions,True,False,False,,False,
android-helium,Unit_Test,CircleCI,True,False,False,,False,
ghini,"GitHub_emulator_manual, Unit_Test",GitHub Actions,True,True,True,GitHub_emulator_manual,False,
topdf,Unit_Test,GitHub Actions,True,False,False,,False,
pdd-flow,"GitHub_emulator_manual, Unit_Test",GitHub Actions,True,True,True,GitHub_emulator_manual,False,
fast-face-android,none,Travis CI,False,False,False,,False,
livescoreapp,Unit_Test,GitHub Actions,True,False,False,,False,
livescoreapp,Unit_Test,GitHub Actions,True,False,False,,False,
pwswatcher,Unit_Test,GitHub Actions,True,False,False,,False,
git-touch,Unit_Test,GitHub Actions,True,False,False,,False,
git-point,Unit_Test,Travis CI,True,False,False,,False,
mylocation,Unit_Test,CircleCI,True,False,False,,False,
glass-notes-app,none,Travis CI,False,False,False,,False,
glucosio-android,Unit_Test,GitHub Actions,True,False,False,,False,
student-alarm,Unit_Test,GitHub Actions,True,False,False,,False,
compose-color-picker,Unit_Test,GitHub Actions,True,False,False,,False,
compose-color-picker,Unit_Test,GitHub Actions,True,False,False,,False,
godot,Unit_Test,GitHub Actions,True,False,False,,False,
godot,none,GitHub Actions,False,False,False,,False,
godot,Unit_Test,GitHub Actions,True,False,False,,False,
godot,Unit_Test,GitHub Actions,True,False,False,,False,
godot,Unit_Test,GitHub Actions,True,False,False,,False,
godot,none,GitHub Actions,False,False,False,,False,
godot,Unit_Test,GitHub Actions,True,False,False,,False,
godot,Unit_Test,GitHub Actions,True,False,False,,False,
godot,Unit_Test,GitHub Actions,True,False,False,,False,
draftsman,Unit_Test,GitHub Actions,True,False,False,,False,
draftsman,Unit_Test,GitHub Actions,True,False,False,,False,
musify,Unit_Test,GitHub Actions,True,False,False,,False,
musify,Unit_Test,GitHub Actions,True,False,False,,False,
musify,Unit_Test,GitHub Actions,True,False,False,,False,
musify,Unit_Test,GitHub Actions,True,False,False,,False,
musify,Unit_Test,GitHub Actions,True,False,False,,False,
musify,Unit_Test,GitHub Actions,True,False,False,,False,
musify,Unit_Test,GitHub Actions,True,False,False,,False,
androidkeylogger,Unit_Test,GitHub Actions,True,False,False,,False,
clipboard,Unit_Test,GitHub Actions,True,False,False,,False,
mp3player,"Other, Unit_Test",GitHub Actions,True,True,False,,False,
mp3player,Unit_Test,GitHub Actions,True,False,False,,False,
mp3player,Unit_Test,GitHub Actions,True,False,False,,False,
mp3player,Unit_Test,GitHub Actions,True,False,False,,False,
mp3player,Unit_Test,GitHub Actions,True,False,False,,False,
mp3player,"Other, Unit_Test, firebase_Full",GitHub Actions,True,True,False,,True,firebase_Full
android-clean-arquitecture,Unit_Test,CircleCI,True,False,False,,False,
dictionary-app,Unit_Test,CircleCI,True,False,False,,False,
realtime-android,none,GitHub Actions,False,False,False,,False,
display-nearby-places-ar-android,Unit_Test,GitHub Actions,True,False,False,,False,
maps-platform-101-android,Unit_Test,GitHub Actions,True,False,False,,False,
nothing,Unit_Test,GitHub Actions,True,False,False,,False,
android,Unit_Test,GitHub Actions,True,False,False,,False,
quotesapp,Unit_Test,GitHub Actions,True,False,False,,False,
xplayer,Unit_Test,GitHub Actions,True,False,False,,False,
xplayer,Unit_Test,GitHub Actions,True,False,False,,False,
ausweisapp2,Unit_Test,Unknown,True,False,False,,False,
ausweisapp2,Unit_Test,GitHub Actions,True,False,False,,False,
travel-wise,Unit_Test,GitHub Actions,True,False,False,,False,
anylayer,Unit_Test,GitHub Actions,True,False,False,,False,
reddit-viewer,Unit_Test,GitHub Actions,True,False,False,,False,
simacorrect,Unit_Test,GitHub Actions,True,False,False,,False,
simaromur,Unit_Test,GitHub Actions,True,False,False,,False,
auditor,Unit_Test,GitHub Actions,True,False,False,,False,
auditor,Unit_Test,GitHub Actions,True,False,False,,False,
pdfviewer,Unit_Test,GitHub Actions,True,False,False,,False,
pdfviewer,Unit_Test,GitHub Actions,True,False,False,,False,
thenounproject,Unit_Test,Travis CI,True,False,False,,False,
greencloud,Unit_Test,GitHub Actions,True,False,False,,False,
greencloud,Unit_Test,GitHub Actions,True,False,False,,False,
abcore,"Travis_emulator_manual, Unit_Test",Travis CI,True,True,True,GitHub_emulator_manual,False,
seed-android-design-system,Unit_Test,GitHub Actions,True,False,False,,False,
treetracker-android,Unit_Test,GitHub Actions,True,False,False,,False,
treetracker-android,Unit_Test,GitHub Actions,True,False,False,,False,
nice-animals,Unit_Test,GitHub Actions,True,False,False,,False,
transportr,"GitHub_emulator_full, Other, Unit_Test",GitHub Actions,True,True,True,GitHub_emulator_full,False,
ulev1plus,none,Travis CI,False,False,False,,False,
leihen,Unit_Test,CircleCI,True,False,False,,False,
dandelion,Unit_Test,GitHub Actions,True,False,False,,False,
markor,Unit_Test,GitHub Actions,True,False,False,,False,
memetastic,Unit_Test,GitHub Actions,True,False,False,,False,
tootapp,none,Travis CI,False,False,False,,False,
cythara,none,Travis CI,False,False,False,,False,
obscuracam,none,Travis CI,False,False,False,,False,
ripple,Unit_Test,Unknown,True,False,False,,False,
ripple,none,Travis CI,False,False,False,,False,
torservices,Unit_Test,Unknown,True,False,False,,False,
moneybook,Unit_Test,CircleCI,True,False,False,,False,
flash-drive,Unit_Test,GitHub Actions,True,False,False,,False,
onehotminute-compose,"GitHub_emulator_full, Other, Unit_Test",GitHub Actions,True,True,True,GitHub_emulator_full,False,
zoo-compose,"GitHub_emulator_full, Other, Unit_Test",GitHub Actions,True,True,True,GitHub_emulator_full,False,
timetable,none,Travis CI,False,False,False,,False,
avnc,Unit_Test,GitHub Actions,True,False,False,,False,
avnc,Unit_Test,GitHub Actions,True,False,False,,False,
ukurkecepatanstrippeds,Unit_Test,Unknown,True,False,False,,False,
progressableimageview,none,Travis CI,False,False,False,,False,
gyrodraw,"Travis_emulator_manual, Unit_Test",Travis CI,True,True,True,GitHub_emulator_manual,False,
aliyungradleconfig,Unit_Test,GitHub Actions,True,False,False,,False,
aliyungradleconfig,Unit_Test,GitHub Actions,True,False,False,,False,
trackingwifi,Unit_Test,GitHub Actions,True,False,False,,False,
appgt,Unit_Test,GitHub Actions,True,False,False,,False,
hostelite,Unit_Test,GitHub Actions,True,False,False,,False,
messsy,Unit_Test,GitHub Actions,True,False,False,,False,
android-dev-challenge-compose-countdown-timer,"GitHub_emulator_full, Other, Unit_Test",GitHub Actions,True,True,True,GitHub_emulator_full,False,
flutter_instagram,Unit_Test,GitHub Actions,True,False,False,,False,
hadithmv,Unit_Test,GitHub Actions,True,False,False,,False,
movieland,Unit_Test,GitHub Actions,True,False,False,,False,
movieland,Unit_Test,GitHub Actions,True,False,False,,False,
movieland,Unit_Test,GitHub Actions,True,False,False,,False,
haifa3d-hand-app,Unit_Test,GitHub Actions,True,False,False,,False,
seadroid,Unit_Test,Travis CI,True,False,False,,False,
dropdowntextview,none,CircleCI,False,False,False,,False,
cimoc,none,Travis CI,False,False,False,,False,
animearch,Unit_Test,GitHub Actions,True,False,False,,False,
popularmovies,none,Travis CI,False,False,False,,False,
volumekeys,none,Travis CI,False,False,False,,False,
inure,Unit_Test,GitHub Actions,True,False,False,,False,
wazaker,Unit_Test,GitHub Actions,True,False,False,,False,
wazaker,Unit_Test,GitHub Actions,True,False,False,,False,
wazaker,Unit_Test,GitHub Actions,True,False,False,,False,
kotlinandroidbase,"GitHub_emulator_full, Unit_Test",GitHub Actions,True,True,True,GitHub_emulator_full,False,
1rramp-android,Unit_Test,Unknown,True,False,False,,False,
1rramp-android,"GitHub_emulator_manual, Unit_Test",GitHub Actions,True,True,True,GitHub_emulator_manual,False,
covid-19-tracker,Unit_Test,GitHub Actions,True,False,False,,False,
moonshot,"GitHub_emulator_full, Other, Unit_Test",GitHub Actions,True,True,True,GitHub_emulator_full,False,
moviedb,none,Travis CI,False,False,False,,False,
dairy-management,"GitHub_emulator_manual, Unit_Test",GitHub Actions,True,True,True,GitHub_emulator_manual,False,
hash-checker,Unit_Test,GitHub Actions,True,False,False,,False,
hash-checker,"GitHub_emulator_full, Other, Unit_Test",GitHub Actions,True,True,True,GitHub_emulator_full,False,
music-player,Unit_Test,GitHub Actions,True,False,False,,False,
rally,Unit_Test,GitHub Actions,True,False,False,,False,
memorygame,Unit_Test,GitHub Actions,True,False,False,,False,
hathor-wallet-mobile,Unit_Test,GitHub Actions,True,False,False,,False,
prismatikremote,Unit_Test,GitHub Actions,True,False,False,,False,
coffeecutie,Unit_Test,GitHub Actions,True,False,False,,False,
coffeecutie,Unit_Test,GitHub Actions,True,False,False,,False,
coffeecutie,Unit_Test,GitHub Actions,True,False,False,,False,
coffeecutie,Unit_Test,GitHub Actions,True,False,False,,False,
coffeecutie,Unit_Test,Travis CI,True,False,False,,False,
arcane-tracker,Unit_Test,GitHub Actions,True,False,False,,False,
arcane-tracker,none,Travis CI,False,False,False,,False,
nextcloudpasswords,Unit_Test,GitHub Actions,True,False,False,,False,
racoandroid,Unit_Test,GitHub Actions,True,False,False,,False,
helio-workstation,Unit_Test,GitHub Actions,True,False,False,,False,
helio-workstation,Unit_Test,Travis CI,True,False,False,,False,
mobile-app,browserstack_test,GitHub Actions,False,True,False,,True,browserstack_test
boum,Unit_Test,GitHub Actions,True,False,False,,False,
boum,Unit_Test,GitHub Actions,True,False,False,,False,
boum,Unit_Test,GitHub Actions,True,False,False,,False,
boum,Unit_Test,GitHub Actions,True,False,False,,False,
qscan,Unit_Test,GitHub Actions,True,False,False,,False,
supertttandroid,none,Travis CI,False,False,False,,False,
moviedatabase,Unit_Test,GitHub Actions,True,False,False,,False,
moviedatabase,Unit_Test,GitHub Actions,True,False,False,,False,
calendar,Unit_Test,Travis CI,True,False,False,,False,
tldroid,Unit_Test,GitHub Actions,True,False,False,,False,
flutter_callkit_incoming,Unit_Test,GitHub Actions,True,False,False,,False,
simple-note-application,Unit_Test,GitHub Actions,True,False,False,,False,
mealmania,Unit_Test,Travis CI,True,False,False,,False,
animation-garden,Unit_Test,GitHub Actions,True,False,False,,False,
animation-garden,Unit_Test,GitHub Actions,True,False,False,,False,
relayapp,Unit_Test,GitHub Actions,True,False,False,,False,
hishoot2i,Unit_Test,GitHub Actions,True,False,False,,False,
hishoot2i,Unit_Test,GitHub Actions,True,False,False,,False,
termux-app,Unit_Test,GitHub Actions,True,False,False,,False,
termux-app,Unit_Test,GitHub Actions,True,False,False,,False,
termux-app,Unit_Test,GitHub Actions,True,False,False,,False,
termux-app,Unit_Test,GitHub Actions,True,False,False,,False,
termux-app,Unit_Test,GitHub Actions,True,False,False,,False,
circularprogressbar-compose,none,CircleCI,False,False,False,,False,
popcorn2,Unit_Test,CircleCI,True,False,False,,False,
braillebox,Unit_Test,Travis CI,True,False,False,,False,
bitcoin-wallet,none,Travis CI,False,False,False,,False,
nuntius-android,none,Travis CI,False,False,False,,False,
homepi-android,Unit_Test,GitHub Actions,True,False,False,,False,
cloudy,Unit_Test,GitHub Actions,True,False,False,,False,
dividerseekbar,Unit_Test,GitHub Actions,True,False,False,,False,
unstoppable-wallet-android,Unit_Test,GitHub Actions,True,False,False,,False,
unstoppable-wallet-android,Unit_Test,GitHub Actions,True,False,False,,False,
unstoppable-wallet-android,Unit_Test,GitHub Actions,True,False,False,,False,
android-police-brutality-incidents,Unit_Test,GitHub Actions,True,False,False,,False,
android-police-brutality-incidents,Unit_Test,GitHub Actions,True,False,False,,False,
android-police-brutality-incidents,Unit_Test,GitHub Actions,True,False,False,,False,
android-police-brutality-incidents,Unit_Test,GitHub Actions,True,False,False,,False,
todo,Unit_Test,GitHub Actions,True,False,False,,False,
tinyritro,none,Travis CI,False,False,False,,False,
leamonax,none,Travis CI,False,False,False,,False,
hrv-band,Unit_Test,Travis CI,True,False,False,,False,
ppsspp,Unit_Test,Unknown,True,False,False,,False,
ppsspp,Unit_Test,GitHub Actions,True,False,False,,False,
ppsspp,Unit_Test,GitHub Actions,True,False,False,,False,
ppsspp,Unit_Test,GitHub Actions,True,False,False,,False,
ppsspp,Unit_Test,GitHub Actions,True,False,False,,False,
ppsspp,none,Unknown,False,False,False,,False,
anecdote,none,GitHub Actions,False,False,False,,False,
android-notification-converter,Unit_Test,GitHub Actions,True,False,False,,False,
tilegame,Unit_Test,GitHub Actions,True,False,False,,False,
tilegame,Unit_Test,GitHub Actions,True,False,False,,False,
unconnectify-re,Unit_Test,CircleCI,True,False,False,,False,
androideastereggs,Unit_Test,GitHub Actions,True,False,False,,False,
interfast,Unit_Test,GitHub Actions,True,False,False,,False,
mefab,Unit_Test,GitHub Actions,True,False,False,,False,
epistolaire,none,CircleCI,False,False,False,,False,
android-camera2-secret-picture-taker,none,Travis CI,False,False,False,,False,
ijh-android,Unit_Test,GitHub Actions,True,False,False,,False,
qaq-android,Unit_Test,GitHub Actions,True,False,False,,False,
qaq-android,Unit_Test,GitHub Actions,True,False,False,,False,
zatca,Unit_Test,GitHub Actions,True,False,False,,False,
lunar-launcher,Unit_Test,GitHub Actions,True,False,False,,False,
lunar-launcher,Unit_Test,GitHub Actions,True,False,False,,False,
androidapp,Unit_Test,CircleCI,True,False,False,,False,
cattlebodyconditioning,none,GitHub Actions,False,False,False,,False,
devstat,Unit_Test,GitHub Actions,True,False,False,,False,
secure-shared-preferences,Unit_Test,GitHub Actions,True,False,False,,False,
secure-shared-preferences,Unit_Test,GitHub Actions,True,False,False,,False,
secure-shared-preferences,Unit_Test,GitHub Actions,True,False,False,,False,
serverless-followupapp-android,none,Travis CI,False,False,False,,False,
knot,Unit_Test,GitHub Actions,True,False,False,,False,
knot,none,GitHub Actions,False,False,False,,False,
knot,none,GitHub Actions,False,False,False,,False,
knot,none,GitHub Actions,False,False,False,,False,
knot,none,GitHub Actions,False,False,False,,False,
mather,none,Travis CI,False,False,False,,False,
code_wars_android,none,GitHub Actions,False,False,False,,False,
wanandroid,none,GitHub Actions,False,False,False,,False,
kanji-recognition-android,Unit_Test,GitHub Actions,True,False,False,,False,
best-seller-book-app,Unit_Test,CircleCI,True,False,False,,False,
psm-mobile-app,Unit_Test,GitHub Actions,True,False,False,,False,
psm-mobile-app,none,GitHub Actions,False,False,False,,False,
ideatrackerplus,"Travis_emulator_manual, Unit_Test",Travis CI,True,True,True,GitHub_emulator_manual,False,
duocamera,none,Travis CI,False,False,False,,False,
tfprofiler,none,Travis CI,False,False,False,,False,
logginginterceptor,Unit_Test,Travis CI,True,False,False,,False,
iit-bhu-app,Unit_Test,GitHub Actions,True,False,False,,False,
iit-bhu-app,Unit_Test,GitHub Actions,True,False,False,,False,
iit-bhu-app,Unit_Test,GitHub Actions,True,False,False,,False,
ingress-intel-total-conversion,Unit_Test,GitHub Actions,True,False,False,,False,
ingress-intel-total-conversion,Unit_Test,GitHub Actions,True,False,False,,False,
ingress-intel-total-conversion,Unit_Test,GitHub Actions,True,False,False,,False,
ingress-intel-total-conversion,Unit_Test,GitHub Actions,True,False,False,,False,
ingress-intel-total-conversion,Unit_Test,GitHub Actions,True,False,False,,False,
iliad,Unit_Test,Travis CI,True,False,False,,False,
repeatcard,Unit_Test,GitHub Actions,True,False,False,,False,
open_edisu,Unit_Test,GitHub Actions,True,False,False,,False,
hmi-android,none,Travis CI,False,False,False,,False,
typewriter,Unit_Test,Travis CI,True,False,False,,False,
tmdb-client,Unit_Test,CircleCI,True,False,False,,False,
android-starter,Unit_Test,CircleCI,True,False,False,,False,
radiocontrol,Unit_Test,GitHub Actions,True,False,False,,False,
radiocontrol,Unit_Test,GitHub Actions,True,False,False,,False,
radiocontrol,none,Travis CI,False,False,False,,False,
openredmine,none,Travis CI,False,False,False,,False,
faceslim,none,Travis CI,False,False,False,,False,
nfc-explorer,none,Travis CI,False,False,False,,False,
wsa-installedapps,Unit_Test,GitHub Actions,True,False,False,,False,
android-kdrive,"GitHub_emulator_full, GitHub_emulator_manual, Other, Unit_Test",GitHub Actions,True,True,True,"GitHub_emulator_full, GitHub_emulator_manual",False,
android-kdrive,Unit_Test,GitHub Actions,True,False,False,,False,
android-kmail,"Other, Unit_Test",GitHub Actions,True,True,False,,False,
android-kmail,Unit_Test,GitHub Actions,True,False,False,,False,
android-kmail,Unit_Test,GitHub Actions,True,False,False,,False,
android-kmail,Unit_Test,GitHub Actions,True,False,False,,False,
android-kmail,Unit_Test,GitHub Actions,True,False,False,,False,
minimal-quotes,Unit_Test,Travis CI,True,False,False,,False,
office-assistant-legacy,Unit_Test,Travis CI,True,False,False,,False,
zup-android-tecnico,Unit_Test,Unknown,True,False,False,,False,
insync,Unit_Test,GitHub Actions,True,False,False,,False,
interconnected_mobile_client,Unit_Test,GitHub Actions,True,False,False,,False,
picgo,none,GitHub Actions,False,False,False,,False,
intent-intercept,none,Travis CI,False,False,False,,False,
club-android,Unit_Test,GitHub Actions,True,False,False,,False,
proxertv,Unit_Test,CircleCI,True,False,False,,False,
mobile-cardio,none,Travis CI,False,False,False,,False,
modalbottomsheetdialog,Unit_Test,GitHub Actions,True,False,False,,False,
toaster,Unit_Test,GitHub Actions,True,False,False,,False,
admin-portal,Unit_Test,GitHub Actions,True,False,False,,False,
admin-portal,"Other, Unit_Test",GitHub Actions,True,True,False,,False,
dazzling-android-kt,none,Travis CI,False,False,False,,False,
gomobile-ipfs,Unit_Test,GitHub Actions,True,False,False,,False,
gomobile-ipfs,Unit_Test,GitHub Actions,True,False,False,,False,
gomobile-ipfs,Unit_Test,GitHub Actions,True,False,False,,False,
gomobile-ipfs,"GitHub_emulator_manual, Unit_Test",GitHub Actions,True,True,True,GitHub_emulator_manual,False,
ireader,Unit_Test,GitHub Actions,True,False,False,,False,
ireader,Unit_Test,GitHub Actions,True,False,False,,False,
ireader,Unit_Test,GitHub Actions,True,False,False,,False,
ireader,Unit_Test,GitHub Actions,True,False,False,,False,
ireader,Unit_Test,GitHub Actions,True,False,False,,False,
ireader,Unit_Test,GitHub Actions,True,False,False,,False,
ireader,Unit_Test,GitHub Actions,True,False,False,,False,
android-codebase-modularity,Unit_Test,CircleCI,True,False,False,,False,
hackernews-react-native,Unit_Test,GitHub Actions,True,False,False,,False,
uhabits,Unit_Test,GitHub Actions,True,False,False,,False,
android-wisefy,Unit_Test,CircleCI,True,False,False,,False,
15puzzle,Unit_Test,GitHub Actions,True,False,False,,False,
15puzzle,"GitHub_emulator_full, Unit_Test",GitHub Actions,True,True,True,GitHub_emulator_full,False,
lnch,Unit_Test,GitHub Actions,True,False,False,,False,
yunshu_music,Unit_Test,GitHub Actions,True,False,False,,False,
elder_launcher,Unit_Test,GitHub Actions,True,False,False,,False,
spacelaunchnow-android,Unit_Test,GitHub Actions,True,False,False,,False,
spacelaunchnow-android,Unit_Test,GitHub Actions,True,False,False,,False,
spacelaunchnow-android,Unit_Test,GitHub Actions,True,False,False,,False,
feedback-prime,Unit_Test,GitHub Actions,True,False,False,,False,
fontster,Unit_Test,Travis CI,True,False,False,,False,
layouteditor,Unit_Test,GitHub Actions,True,False,False,,False,
daedalus,Unit_Test,GitHub Actions,True,False,False,,False,
shouko,Unit_Test,GitHub Actions,True,False,False,,False,
rxbluetooth,none,Travis CI,False,False,False,,False,
android-app,Unit_Test,GitHub Actions,True,False,False,,False,
android-app,Unit_Test,GitHub Actions,True,False,False,,False,
android-app,Unit_Test,GitHub Actions,True,False,False,,False,
sk-collab,Unit_Test,GitHub Actions,True,False,False,,False,
bottomnavbar,Unit_Test,GitHub Actions,True,False,False,,False,
pedometer,none,Travis CI,False,False,False,,False,
systemappmover,none,Travis CI,False,False,False,,False,
wifi-automatic,none,Travis CI,False,False,False,,False,
glut,none,GitHub Actions,False,False,False,,False,
glut,Unit_Test,GitHub Actions,True,False,False,,False,
newsapp-retrofit,"GitHub_emulator_full, GitHub_emulator_manual, Unit_Test",GitHub Actions,True,True,True,"GitHub_emulator_full, GitHub_emulator_manual",False,
newsapp-retrofit,Unit_Test,GitHub Actions,True,False,False,,False,
frames,Unit_Test,GitHub Actions,True,False,False,,False,
multiplatformgithubtopics,Unit_Test,GitHub Actions,True,False,False,,False,
athelite,Unit_Test,GitHub Actions,True,False,False,,False,
turbojira,none,Travis CI,False,False,False,,False,
eat-poop-you-cat-android,Unit_Test,GitHub Actions,True,False,False,,False,
eat-poop-you-cat-android,Unit_Test,GitHub Actions,True,False,False,,False,
note-me,Unit_Test,GitHub Actions,True,False,False,,False,
donezo,Unit_Test,GitHub Actions,True,False,False,,False,
af-pay,none,Travis CI,False,False,False,,False,
osmin,Unit_Test,GitHub Actions,True,False,False,,False,
osmin,Unit_Test,GitHub Actions,True,False,False,,False,
osmin,Unit_Test,GitHub Actions,True,False,False,,False,
nonocross,Unit_Test,GitHub Actions,True,False,False,,False,
android-gif-search,"GitHub_emulator_full, GitHub_emulator_manual, Other, Unit_Test",GitHub Actions,True,True,True,"GitHub_emulator_full, GitHub_emulator_manual",False,
flutter-gif-search,Unit_Test,GitHub Actions,True,False,False,,False,
srml,Unit_Test,Travis CI,True,False,False,,False,
memecreator,Unit_Test,GitHub Actions,True,False,False,,False,
pdfviewer,Unit_Test,Travis CI,True,False,False,,False,
mlmanager,Unit_Test,Travis CI,True,False,False,,False,
whatsappbetaupdater,Unit_Test,Travis CI,True,False,False,,False,
bitcoinpools,none,Travis CI,False,False,False,,False,
dowel,Unit_Test,GitHub Actions,True,False,False,,False,
ssh-daemon,Unit_Test,GitHub Actions,True,False,False,,False,
android-ir-remote,Unit_Test,GitHub Actions,True,False,False,,False,
sms-backup-plus,none,Travis CI,False,False,False,,False,
external_jbirdvegas_mgerrit,none,Travis CI,False,False,False,,False,
amerykahospital-personalized-advice-client-android,none,Travis CI,False,False,False,,False,
material-sudoku,Unit_Test,CircleCI,True,False,False,,False,
runlog-kmm,Unit_Test,GitHub Actions,True,False,False,,False,
shop-with-mom,Unit_Test,GitHub Actions,True,False,False,,False,
e2e-detox,"GitHub_emulator_manual, Unit_Test",GitHub Actions,True,True,True,GitHub_emulator_manual,False,
e2e-detox,none,Travis CI,False,False,False,,False,
jellyfin-android,none,GitHub Actions,False,False,False,,False,
jellyfin-android,none,GitHub Actions,False,False,False,,False,
jellyfin-android,none,GitHub Actions,False,False,False,,False,
jellyfin-android,Unit_Test,GitHub Actions,True,False,False,,False,
jellyfin-android,none,GitHub Actions,False,False,False,,False,
jellyfin-android,none,GitHub Actions,False,False,False,,False,
jellyfin-android,none,GitHub Actions,False,False,False,,False,
jellyfin-android,Unit_Test,GitHub Actions,True,False,False,,False,
jellyfin-androidtv,none,GitHub Actions,False,False,False,,False,
jellyfin-androidtv,none,GitHub Actions,False,False,False,,False,
jellyfin-androidtv,none,GitHub Actions,False,False,False,,False,
jellyfin-androidtv,Unit_Test,GitHub Actions,True,False,False,,False,
jellyfin-androidtv,none,GitHub Actions,False,False,False,,False,
jellyfin-androidtv,none,GitHub Actions,False,False,False,,False,
jellyfin-androidtv,Unit_Test,GitHub Actions,True,False,False,,False,
oandbackup,Unit_Test,Unknown,True,False,False,,False,
oandbackup,none,Travis CI,False,False,False,,False,
bacon,Unit_Test,GitHub Actions,True,False,False,,False,
sushi,Unit_Test,GitHub Actions,True,False,False,,False,
sushi,Unit_Test,GitHub Actions,True,False,False,,False,
gitnotes,Unit_Test,Travis CI,True,False,False,,False,
flutter-social,Unit_Test,GitHub Actions,True,False,False,,False,
flutter-social,Unit_Test,GitHub Actions,True,False,False,,False,
timelineview,"Travis_emulator_manual, Unit_Test",Travis CI,True,True,True,GitHub_emulator_manual,False,
armscomponent,none,Travis CI,False,False,False,,False,
lifecyclemodel,none,Travis CI,False,False,False,,False,
frag-den-staat-app,none,Travis CI,False,False,False,,False,
feather,Unit_Test,GitHub Actions,True,False,False,,False,
nicevieoplayer,"Travis_emulator_manual, Unit_Test",Travis CI,True,True,True,GitHub_emulator_manual,False,
luadroid,none,Travis CI,False,False,False,,False,
movies,Unit_Test,GitHub Actions,True,False,False,,False,
sharetocomputer,"Travis_emulator_manual, Unit_Test",Travis CI,True,True,True,GitHub_emulator_manual,False,
tts-server-android,Unit_Test,GitHub Actions,True,False,False,,False,
tts-server-android,Unit_Test,GitHub Actions,True,False,False,,False,
tts-server-android,Unit_Test,GitHub Actions,True,False,False,,False,
jzandroidchart,none,Travis CI,False,False,False,,False,
preferencesextension,none,CircleCI,False,False,False,,False,
playword,none,Travis CI,False,False,False,,False,
brethap,Unit_Test,GitHub Actions,True,False,False,,False,
brethap,Unit_Test,GitHub Actions,True,False,False,,False,
android-conferences,Unit_Test,GitHub Actions,True,False,False,,False,
jitsi-meet,Unit_Test,GitHub Actions,True,False,False,,False,
jitsi-meet,Unit_Test,GitHub Actions,True,False,False,,False,
jitsi-meet,Unit_Test,GitHub Actions,True,False,False,,False,
jitsi-meet,none,Travis CI,False,False,False,,False,
wanandroid,Unit_Test,GitHub Actions,True,False,False,,False,
wanandroid,none,Travis CI,False,False,False,,False,
enginedriver,"Travis_emulator_manual, Unit_Test",Travis CI,True,True,True,GitHub_emulator_manual,False,
plantmanager,Unit_Test,GitHub Actions,True,False,False,,False,
plantmanager,Unit_Test,GitHub Actions,True,False,False,,False,
plantmanager,Unit_Test,GitHub Actions,True,False,False,,False,
plantmanager,Unit_Test,GitHub Actions,True,False,False,,False,
plantmanager,Unit_Test,GitHub Actions,True,False,False,,False,
jreader,none,GitHub Actions,False,False,False,,False,
titancompanion,"Other, Unit_Test, firebase_Full",GitHub Actions,True,True,False,,True,firebase_Full
portfolio,Unit_Test,GitHub Actions,True,False,False,,False,
taskly,Unit_Test,GitHub Actions,True,False,False,,False,
tailor_made,Unit_Test,GitHub Actions,True,False,False,,False,
golearning,Unit_Test,GitHub Actions,True,False,False,,False,
hajk,Unit_Test,Unknown,True,False,False,,False,
hajk,Unit_Test,GitHub Actions,True,False,False,,False,
fakestandby,Unit_Test,GitHub Actions,True,False,False,,False,
how-to-flutter,Unit_Test,GitHub Actions,True,False,False,,False,
wikiexplorer,Unit_Test,CircleCI,True,False,False,,False,
wikiexplorer,Unit_Test,GitHub Actions,True,False,False,,False,
runnerup,Unit_Test,Travis CI,True,False,False,,False,
android-local-vpn,Unit_Test,GitHub Actions,True,False,False,,False,
android-local-vpn,Unit_Test,GitHub Actions,True,False,False,,False,
android-rss-reader,Unit_Test,GitHub Actions,True,False,False,,False,
nes-emulator,Unit_Test,GitHub Actions,True,False,False,,False,
androidssh,none,Travis CI,False,False,False,,False,
fritter,Unit_Test,GitHub Actions,True,False,False,,False,
fritter,Unit_Test,GitHub Actions,True,False,False,,False,
bikeshare,Unit_Test,GitHub Actions,True,False,False,,False,
bikeshare,Unit_Test,GitHub Actions,True,False,False,,False,
movistartv,Unit_Test,GitHub Actions,True,False,False,,False,
waypoint-compass,Unit_Test,GitHub Actions,True,False,False,,False,
finance-manager,Unit_Test,GitHub Actions,True,False,False,,False,
spanly,none,Travis CI,False,False,False,,False,
android-metronome,Unit_Test,GitHub Actions,True,False,False,,False,
android-jigsaw-puzzle,Unit_Test,Travis CI,True,False,False,,False,
rickandmorty,Unit_Test,GitHub Actions,True,False,False,,False,
rickandmorty,Unit_Test,GitHub Actions,True,False,False,,False,
rickandmorty,Unit_Test,GitHub Actions,True,False,False,,False,
rickandmorty,"GitHub_emulator_full, Unit_Test",GitHub Actions,True,True,True,GitHub_emulator_full,False,
rickandmorty,Unit_Test,GitHub Actions,True,False,False,,False,
photophase,Unit_Test,Travis CI,True,False,False,,False,
rview,Unit_Test,GitHub Actions,True,False,False,,False,
ubuntu-launcher,Unit_Test,GitHub Actions,True,False,False,,False,
mentra-app,Unit_Test,GitHub Actions,True,False,False,,False,
dns66,Unit_Test,GitHub Actions,True,False,False,,False,
dns66,Unit_Test,Travis CI,True,False,False,,False,
unexpected-keyboard,Unit_Test,GitHub Actions,True,False,False,,False,
unexpected-keyboard,Unit_Test,GitHub Actions,True,False,False,,False,
unexpected-keyboard,Unit_Test,GitHub Actions,True,False,False,,False,
parceler,none,Travis CI,False,False,False,,False,
psp_emulator,Unit_Test,Unknown,True,False,False,,False,
psp_emulator,none,Unknown,False,False,False,,False,
seal,Unit_Test,GitHub Actions,True,False,False,,False,
seal,Unit_Test,GitHub Actions,True,False,False,,False,
seal,Unit_Test,GitHub Actions,True,False,False,,False,
seal,Unit_Test,GitHub Actions,True,False,False,,False,
sensify-android,Unit_Test,GitHub Actions,True,False,False,,False,
sensify-android,Unit_Test,GitHub Actions,True,False,False,,False,
sensify-android,Unit_Test,GitHub Actions,True,False,False,,False,
sensify-android,Unit_Test,GitHub Actions,True,False,False,,False,
bitcoin-balance-check,Unit_Test,GitHub Actions,True,False,False,,False,
stock-browser,Unit_Test,GitHub Actions,True,False,False,,False,
simple-calculator,Unit_Test,Travis CI,True,False,False,,False,
aimybox-android-assistant,Unit_Test,GitHub Actions,True,False,False,,False,
aimybox-android-assistant,none,Travis CI,False,False,False,,False,
quasseldroid-ng,Unit_Test,Unknown,True,False,False,,False,
eta-android-2048,Unit_Test,GitHub Actions,True,False,False,,False,
sherpa-onnx,Unit_Test,GitHub Actions,True,False,False,,False,
sherpa-onnx,Unit_Test,GitHub Actions,True,False,False,,False,
sherpa-onnx,Unit_Test,GitHub Actions,True,False,False,,False,
sherpa-onnx,Unit_Test,GitHub Actions,True,False,False,,False,
sherpa-onnx,Unit_Test,GitHub Actions,True,False,False,,False,
sherpa-onnx,Unit_Test,GitHub Actions,True,False,False,,False,
sherpa-onnx,Unit_Test,GitHub Actions,True,False,False,,False,
sherpa-onnx,Unit_Test,GitHub Actions,True,False,False,,False,
sherpa-onnx,Unit_Test,GitHub Actions,True,False,False,,False,
sherpa-onnx,none,GitHub Actions,False,False,False,,False,
sherpa-onnx,Unit_Test,GitHub Actions,True,False,False,,False,
sherpa-onnx,Unit_Test,GitHub Actions,True,False,False,,False,
sherpa-onnx,Unit_Test,GitHub Actions,True,False,False,,False,
sherpa-onnx,Unit_Test,GitHub Actions,True,False,False,,False,
sherpa-onnx,Unit_Test,GitHub Actions,True,False,False,,False,
sherpa-onnx,Unit_Test,GitHub Actions,True,False,False,,False,
sherpa-onnx,none,GitHub Actions,False,False,False,,False,
sherpa-onnx,Unit_Test,GitHub Actions,True,False,False,,False,
sherpa-onnx,Unit_Test,GitHub Actions,True,False,False,,False,
sherpa-onnx,Unit_Test,GitHub Actions,True,False,False,,False,
sherpa-onnx,Unit_Test,GitHub Actions,True,False,False,,False,
sherpa-onnx,Unit_Test,GitHub Actions,True,False,False,,False,
sherpa-onnx,Unit_Test,GitHub Actions,True,False,False,,False,
sherpa-onnx,Unit_Test,GitHub Actions,True,False,False,,False,
aphotomanager,Unit_Test,Travis CI,True,False,False,,False,
aphotomanager,Unit_Test,GitHub Actions,True,False,False,,False,
calef,Unit_Test,GitHub Actions,True,False,False,,False,
de,Unit_Test,GitHub Actions,True,False,False,,False,
locationmapviewer,none,GitHub Actions,False,False,False,,False,
losslessjpgcrop,Unit_Test,GitHub Actions,True,False,False,,False,
togozip,Unit_Test,GitHub Actions,True,False,False,,False,
togozip,Unit_Test,GitHub Actions,True,False,False,,False,
to-do_jetpack_compose,Unit_Test,CircleCI,True,False,False,,False,
kaidan,Unit_Test,Travis CI,True,False,False,,False,
omrecorder,none,Travis CI,False,False,False,,False,
secure-quick-reliable-login,"Travis_emulator_manual, Unit_Test",Travis CI,True,True,True,GitHub_emulator_manual,False,
blacklist,none,Travis CI,False,False,False,,False,
k6nele,Unit_Test,GitHub Actions,True,False,False,,False,
kaltura-device-info-android,none,GitHub Actions,False,False,False,,False,
safe-dot-android,Unit_Test,GitHub Actions,True,False,False,,False,
cpu-info,Unit_Test,GitHub Actions,True,False,False,,False,
rabbitremotecontrol,Unit_Test,GitHub Actions,True,False,False,,False,
rabbitremotecontrol,Unit_Test,GitHub Actions,True,False,False,,False,
rabbitremotecontrol,Unit_Test,GitHub Actions,True,False,False,,False,
rabbitremotecontrol,Unit_Test,GitHub Actions,True,False,False,,False,
rabbitremotecontrol,Unit_Test,GitHub Actions,True,False,False,,False,
rabbitremotecontrol,Unit_Test,GitHub Actions,True,False,False,,False,
rabbitremotecontrol,Unit_Test,GitHub Actions,True,False,False,,False,
rabbitremotecontrol,Unit_Test,GitHub Actions,True,False,False,,False,
rabbitremotecontrol,Unit_Test,GitHub Actions,True,False,False,,False,
rabbitremotecontrol,Unit_Test,Unknown,True,False,False,,False,
serialportassistant,Unit_Test,GitHub Actions,True,False,False,,False,
serialportassistant,Unit_Test,GitHub Actions,True,False,False,,False,
serialportassistant,Unit_Test,GitHub Actions,True,False,False,,False,
serialportassistant,Unit_Test,GitHub Actions,True,False,False,,False,
serialportassistant,Unit_Test,GitHub Actions,True,False,False,,False,
serialportassistant,Unit_Test,GitHub Actions,True,False,False,,False,
serialportassistant,Unit_Test,GitHub Actions,True,False,False,,False,
serialportassistant,Unit_Test,GitHub Actions,True,False,False,,False,
todo-app,none,Travis CI,False,False,False,,False,
pokedex,Unit_Test,GitHub Actions,True,False,False,,False,
moviesy,Unit_Test,GitHub Actions,True,False,False,,False,
cocwallpaper-android-,Unit_Test,GitHub Actions,True,False,False,,False,
android-torchlight,none,Travis CI,False,False,False,,False,
ktrip,none,Unknown,False,False,False,,False,
shortyz,Unit_Test,Unknown,True,False,False,,False,
shortyz,"Travis_emulator_manual, Unit_Test",Travis CI,True,True,True,GitHub_emulator_manual,False,
keevault2,Unit_Test,GitHub Actions,True,False,False,,False,
keevault2,Unit_Test,GitHub Actions,True,False,False,,False,
keevault2,Unit_Test,GitHub Actions,True,False,False,,False,
keibai-android,Unit_Test,GitHub Actions,True,False,False,,False,
hexviewer,Unit_Test,GitHub Actions,True,False,False,,False,
hexviewer,Unit_Test,GitHub Actions,True,False,False,,False,
hexviewer,Unit_Test,GitHub Actions,True,False,False,,False,
cocoa-android,"GitHub_emulator_full, Unit_Test",GitHub Actions,True,True,True,GitHub_emulator_full,False,
onesentence,Unit_Test,GitHub Actions,True,False,False,,False,
coffeebreaker,Unit_Test,GitHub Actions,True,False,False,,False,
coffeebreaker,Unit_Test,GitHub Actions,True,False,False,,False,
safenotes,Unit_Test,GitHub Actions,True,False,False,,False,
archwiki-viewer,"Travis_emulator_manual, Unit_Test",Travis CI,True,True,True,GitHub_emulator_manual,False,
swishticker,"Travis_emulator_manual, Unit_Test",Travis CI,True,True,True,GitHub_emulator_manual,False,
keymapper,Unit_Test,GitHub Actions,True,False,False,,False,
keymapper,Unit_Test,GitHub Actions,True,False,False,,False,
keymapper,Unit_Test,GitHub Actions,True,False,False,,False,
freetamilebooks,Unit_Test,GitHub Actions,True,False,False,,False,
khumu-android,Unit_Test,GitHub Actions,True,False,False,,False,
sobriety,Unit_Test,GitHub Actions,True,False,False,,False,
androidresourceextensions,none,GitHub Actions,False,False,False,,False,
fastexoplayerseeker,none,Travis CI,False,False,False,,False,
mediagallery,none,GitHub Actions,False,False,False,,False,
net,none,Travis CI,False,False,False,,False,
parallaxscrollingview,none,Travis CI,False,False,False,,False,
schlachtensee,Unit_Test,GitHub Actions,True,False,False,,False,
streamingandroidlogger,none,GitHub Actions,False,False,False,,False,
timebomb,none,Travis CI,False,False,False,,False,
webviewadapter,none,Travis CI,False,False,False,,False,
android-oss,Unit_Test,GitHub Actions,True,False,False,,False,
discuzhub,Unit_Test,GitHub Actions,True,False,False,,False,
discuzhub,Unit_Test,GitHub Actions,True,False,False,,False,
wine,Unit_Test,Unknown,True,False,False,,False,
movies,Unit_Test,GitHub Actions,True,False,False,,False,
mitsumine,Unit_Test,CircleCI,True,False,False,,False,
mealient,Unit_Test,GitHub Actions,True,False,False,,False,
mealient,Unit_Test,GitHub Actions,True,False,False,,False,
whatsapp-status-download,Unit_Test,GitHub Actions,True,False,False,,False,
src,Unit_Test,GitHub Actions,True,False,False,,False,
src,Unit_Test,GitHub Actions,True,False,False,,False,
kiwix-android,"GitHub_emulator_full, Other, Unit_Test",GitHub Actions,True,True,True,GitHub_emulator_full,False,
kiwix-android,Unit_Test,GitHub Actions,True,False,False,,False,
kiwix-android,none,GitHub Actions,False,False,False,,False,
kiwix-android,none,GitHub Actions,False,False,False,,False,
kiwix-android,none,GitHub Actions,False,False,False,,False,
mvez,Unit_Test,Travis CI,True,False,False,,False,
cloud-launcher,Unit_Test,GitHub Actions,True,False,False,,False,
andfhem,Unit_Test,GitHub Actions,True,False,False,,False,
andfhem,Unit_Test,GitHub Actions,True,False,False,,False,
andfhem,Unit_Test,GitHub Actions,True,False,False,,False,
pola-android,Unit_Test,GitHub Actions,True,False,False,,False,
pola-android,Unit_Test,GitHub Actions,True,False,False,,False,
wanandroid_compose,Unit_Test,GitHub Actions,True,False,False,,False,
spwaitkiller,Unit_Test,GitHub Actions,True,False,False,,False,
spwaitkiller,Unit_Test,GitHub Actions,True,False,False,,False,
nostros,Unit_Test,GitHub Actions,True,False,False,,False,
nostros,Unit_Test,GitHub Actions,True,False,False,,False,
nostros,Unit_Test,GitHub Actions,True,False,False,,False,
nostros,Unit_Test,GitHub Actions,True,False,False,,False,
androidnotificationshowcase,Unit_Test,CircleCI,True,False,False,,False,
spot,Unit_Test,CircleCI,True,False,False,,False,
player,Unit_Test,GitHub Actions,True,False,False,,False,
trickytripper,Unit_Test,GitHub Actions,True,False,False,,False,
sph-planner,Unit_Test,GitHub Actions,True,False,False,,False,
sph-planner,Unit_Test,GitHub Actions,True,False,False,,False,
streetguide,Unit_Test,GitHub Actions,True,False,False,,False,
spasic-app,Unit_Test,GitHub Actions,True,False,False,,False,
ana,Unit_Test,GitHub Actions,True,False,False,,False,
jukuu,Unit_Test,GitHub Actions,True,False,False,,False,
androidclient,Unit_Test,Travis CI,True,False,False,,False,
collinsdictionary,Unit_Test,GitHub Actions,True,False,False,,False,
android-luajit-launcher,none,Travis CI,False,False,False,,False,
wifi-radar,Unit_Test,GitHub Actions,True,False,False,,False,
networkmapper,"Travis_emulator_manual, Unit_Test",Travis CI,True,True,True,GitHub_emulator_manual,False,
android_navigator,Unit_Test,GitHub Actions,True,False,False,,False,
android_navigator,Unit_Test,GitHub Actions,True,False,False,,False,
flappybird,Unit_Test,GitHub Actions,True,False,False,,False,
randomizer,Unit_Test,GitHub Actions,True,False,False,,False,
kotatsu,Unit_Test,GitHub Actions,True,False,False,,False,
singlefilescalablelasagnaapplication,Unit_Test,GitHub Actions,True,False,False,,False,
findapet,Unit_Test,CircleCI,True,False,False,,False,
siesgstarena-android-app,Unit_Test,GitHub Actions,True,False,False,,False,
android-starter-2022,"GitHub_emulator_full, Unit_Test",GitHub Actions,True,True,True,GitHub_emulator_full,False,
booksearch,Unit_Test,GitHub Actions,True,False,False,,False,
kubenav,Unit_Test,GitHub Actions,True,False,False,,False,
kubenav,Unit_Test,GitHub Actions,True,False,False,,False,
kubenav,Unit_Test,GitHub Actions,True,False,False,,False,
unishare,Unit_Test,GitHub Actions,True,False,False,,False,
eastfoods,Unit_Test,GitHub Actions,True,False,False,,False,
wellnesscity,Unit_Test,GitHub Actions,True,False,False,,False,
smartexoplayer,Unit_Test,GitHub Actions,True,False,False,,False,
jetpack-mvvm-best-practice,Unit_Test,GitHub Actions,True,False,False,,False,
mvi-dispatcher-ktx,Unit_Test,GitHub Actions,True,False,False,,False,
youtune-reactnative,Unit_Test,GitHub Actions,True,False,False,,False,
youtune-reactnative,Unit_Test,GitHub Actions,True,False,False,,False,
youtune-reactnative,Unit_Test,GitHub Actions,True,False,False,,False,
musekit,Unit_Test,GitHub Actions,True,False,False,,False,
musekit,Unit_Test,GitHub Actions,True,False,False,,False,
atsy-cast,Unit_Test,GitHub Actions,True,False,False,,False,
atsy-cast,Unit_Test,GitHub Actions,True,False,False,,False,
atsy-cast,Unit_Test,GitHub Actions,True,False,False,,False,
trail-sense,Unit_Test,GitHub Actions,True,False,False,,False,
one_second_diary,Unit_Test,GitHub Actions,True,False,False,,False,
csdnblog,Unit_Test,GitHub Actions,True,False,False,,False,
itc-lms-unofficial,Unit_Test,GitHub Actions,True,False,False,,False,
itc-lms-unofficial,Unit_Test,GitHub Actions,True,False,False,,False,
rijks-studio,none,GitHub Actions,False,False,False,,False,
rijks-studio,none,GitHub Actions,False,False,False,,False,
rijks-studio,none,GitHub Actions,False,False,False,,False,
simple-dimple-draw,Unit_Test,GitHub Actions,True,False,False,,False,
coroutineasynctask,Unit_Test,Travis CI,True,False,False,,False,
minimalin-watchface,Unit_Test,GitHub Actions,True,False,False,,False,
android-base-project,Unit_Test,CircleCI,True,False,False,,False,
joplin,Unit_Test,GitHub Actions,True,False,False,,False,
joplin,Unit_Test,GitHub Actions,True,False,False,,False,
joplin,Unit_Test,GitHub Actions,True,False,False,,False,
joplin,Unit_Test,GitHub Actions,True,False,False,,False,
joplin,Unit_Test,GitHub Actions,True,False,False,,False,
facerecognitionapp,Unit_Test,GitHub Actions,True,False,False,,False,
launchpadflightcontrollerandroid,none,Travis CI,False,False,False,,False,
lawnchair,Unit_Test,GitHub Actions,True,False,False,,False,
lawnchair,Unit_Test,GitHub Actions,True,False,False,,False,
lawnchair,Unit_Test,GitHub Actions,True,False,False,,False,
lawnchair,Unit_Test,GitHub Actions,True,False,False,,False,
lawnchair,Unit_Test,GitHub Actions,True,False,False,,False,
lawnchair,Unit_Test,GitHub Actions,True,False,False,,False,
lawnchair,Unit_Test,GitHub Actions,True,False,False,,False,
lawnchair,Unit_Test,GitHub Actions,True,False,False,,False,
lawnicons,Unit_Test,GitHub Actions,True,False,False,,False,
lawnicons,Unit_Test,GitHub Actions,True,False,False,,False,
lawnicons,Unit_Test,GitHub Actions,True,False,False,,False,
lawnicons,Unit_Test,GitHub Actions,True,False,False,,False,
lawnicons,Unit_Test,GitHub Actions,True,False,False,,False,
lawnicons,Unit_Test,GitHub Actions,True,False,False,,False,
momento,Unit_Test,GitHub Actions,True,False,False,,False,
qr-generator,Unit_Test,GitHub Actions,True,False,False,,False,
lbry-android,Unit_Test,GitHub Actions,True,False,False,,False,
lbry-fdroid,Unit_Test,GitHub Actions,True,False,False,,False,
androidfacedetection,Unit_Test,GitHub Actions,True,False,False,,False,
you-have-mail,Unit_Test,GitHub Actions,True,False,False,,False,
leaonline-app,Unit_Test,GitHub Actions,True,False,False,,False,
leaonline-app,Unit_Test,GitHub Actions,True,False,False,,False,
leaonline-app,Unit_Test,GitHub Actions,True,False,False,,False,
leaonline-app,Unit_Test,GitHub Actions,True,False,False,,False,
leaonline-app,Unit_Test,GitHub Actions,True,False,False,,False,
leaonline-app,Unit_Test,GitHub Actions,True,False,False,,False,
rssaid,Unit_Test,GitHub Actions,True,False,False,,False,
androidautotrack,Unit_Test,GitHub Actions,True,False,False,,False,
jellyfin-audio-player,Unit_Test,GitHub Actions,True,False,False,,False,
jellyfin-audio-player,Unit_Test,GitHub Actions,True,False,False,,False,
mcpwn,Unit_Test,CircleCI,True,False,False,,False,
router-companion-android,Unit_Test,GitHub Actions,True,False,False,,False,
router-companion-android,Unit_Test,GitHub Actions,True,False,False,,False,
router-companion-android,Unit_Test,Unknown,True,False,False,,False,
petals,Unit_Test,GitHub Actions,True,False,False,,False,
petals,Unit_Test,GitHub Actions,True,False,False,,False,
petals,Unit_Test,GitHub Actions,True,False,False,,False,
petals,Unit_Test,GitHub Actions,True,False,False,,False,
petals,Unit_Test,GitHub Actions,True,False,False,,False,
gesturelockview,Unit_Test,GitHub Actions,True,False,False,,False,
watchlist,Unit_Test,CircleCI,True,False,False,,False,
photok,Unit_Test,GitHub Actions,True,False,False,,False,
photok,Unit_Test,GitHub Actions,True,False,False,,False,
photok,Unit_Test,GitHub Actions,True,False,False,,False,
photok,Unit_Test,GitHub Actions,True,False,False,,False,
lesspass,Unit_Test,GitHub Actions,True,False,False,,False,
lesspass,Unit_Test,GitHub Actions,True,False,False,,False,
lesspass,Unit_Test,GitHub Actions,True,False,False,,False,
lesspass,Unit_Test,GitHub Actions,True,False,False,,False,
lesspass,Unit_Test,GitHub Actions,True,False,False,,False,
lesspass,Unit_Test,GitHub Actions,True,False,False,,False,
lesspass,Unit_Test,GitHub Actions,True,False,False,,False,
lesspass,Unit_Test,GitHub Actions,True,False,False,,False,
lesspass,Unit_Test,GitHub Actions,True,False,False,,False,
lesspass,Unit_Test,GitHub Actions,True,False,False,,False,
lesspass,Unit_Test,GitHub Actions,True,False,False,,False,
lesspass,Unit_Test,GitHub Actions,True,False,False,,False,
lesspass,Unit_Test,GitHub Actions,True,False,False,,False,
lesspass,Unit_Test,GitHub Actions,True,False,False,,False,
lesspass,Unit_Test,GitHub Actions,True,False,False,,False,
lesspass,Unit_Test,GitHub Actions,True,False,False,,False,
lesspass,Unit_Test,GitHub Actions,True,False,False,,False,
sleep-cycle-alarm,"Travis_emulator_manual, Unit_Test",Travis CI,True,True,True,GitHub_emulator_manual,False,
lexica,Unit_Test,GitHub Actions,True,False,False,,False,
lexica,Unit_Test,GitHub Actions,True,False,False,,False,
irl-link,Unit_Test,GitHub Actions,True,False,False,,False,
irl-link,Unit_Test,GitHub Actions,True,False,False,,False,
lrkfm,Unit_Test,Unknown,True,False,False,,False,
lrkfm,none,Travis CI,False,False,False,,False,
whs,Unit_Test,Travis CI,True,False,False,,False,
engine,Unit_Test,GitHub Actions,True,False,False,,False,
statusbar,Unit_Test,GitHub Actions,True,False,False,,False,
gobandroid,Unit_Test,GitHub Actions,True,False,False,,False,
satoshiproof,none,Travis CI,False,False,False,,False,
android-carbon-forum,none,Travis CI,False,False,False,,False,
flir_app,Unit_Test,GitHub Actions,True,False,False,,False,
open2share,Unit_Test,GitHub Actions,True,False,False,,False,
shaky-android,Unit_Test,GitHub Actions,True,False,False,,False,
shaky-android,Unit_Test,GitHub Actions,True,False,False,,False,
shaky-android,Unit_Test,GitHub Actions,True,False,False,,False,
shaky-android,Unit_Test,GitHub Actions,True,False,False,,False,
butterfly,Unit_Test,GitHub Actions,True,False,False,,False,
butterfly,Unit_Test,GitHub Actions,True,False,False,,False,
butterfly,Unit_Test,GitHub Actions,True,False,False,,False,
butterfly,none,GitHub Actions,False,False,False,,False,
butterfly,none,GitHub Actions,False,False,False,,False,
butterfly,none,GitHub Actions,False,False,False,,False,
coincap,"GitHub_GMD, Other, Unit_Test",GitHub Actions,True,True,True,GitHub_GMD,False,
microsphere,none,Travis CI,False,False,False,,False,
pengchauferry,Unit_Test,GitHub Actions,True,False,False,,False,
pengchauferry,Unit_Test,GitHub Actions,True,False,False,,False,
calcupiano,Unit_Test,GitHub Actions,True,False,False,,False,
covid-alert-app,Unit_Test,GitHub Actions,True,False,False,,False,
android-app,Unit_Test,GitHub Actions,True,False,False,,False,
listen1_mobile,Unit_Test,GitHub Actions,True,False,False,,False,
permission-nanny,none,Travis CI,False,False,False,,False,
launcherc,Unit_Test,GitHub Actions,True,False,False,,False,
gjzs,Unit_Test,GitHub Actions,True,False,False,,False,
gjzs,Unit_Test,GitHub Actions,True,False,False,,False,
gjzs,Unit_Test,GitHub Actions,True,False,False,,False,
xiaoxiazhihu,none,Travis CI,False,False,False,,False,
android,Unit_Test,GitHub Actions,True,False,False,,False,
android,Unit_Test,GitHub Actions,True,False,False,,False,
hacki,Unit_Test,GitHub Actions,True,False,False,,False,
hacki,Unit_Test,GitHub Actions,True,False,False,,False,
manji,Unit_Test,GitHub Actions,True,False,False,,False,
keter-escape,Unit_Test,CircleCI,True,False,False,,False,
unchained-android,Unit_Test,GitHub Actions,True,False,False,,False,
continuousspeechrecognition,Unit_Test,GitHub Actions,True,False,False,,False,
qpassword,none,GitHub Actions,False,False,False,,False,
auto-fi,"Travis_emulator_manual, Unit_Test",Travis CI,True,True,True,GitHub_emulator_manual,False,
apodktm,Unit_Test,GitHub Actions,True,False,False,,False,
localsend,Unit_Test,GitHub Actions,True,False,False,,False,
localsend,Unit_Test,GitHub Actions,True,False,False,,False,
localsend,Unit_Test,GitHub Actions,True,False,False,,False,
localsend,Unit_Test,GitHub Actions,True,False,False,,False,
flutter_server_box,none,GitHub Actions,False,False,False,,False,
flutter_server_box,Unit_Test,GitHub Actions,True,False,False,,False,
klooni1010,Unit_Test,GitHub Actions,True,False,False,,False,
hex,Unit_Test,GitHub Actions,True,False,False,,False,
android_dev_quick,Unit_Test,GitHub Actions,True,False,False,,False,
ebookreader,Unit_Test,GitHub Actions,True,False,False,,False,
tickmate,Unit_Test,GitHub Actions,True,False,False,,False,
tickmate,Unit_Test,Travis CI,True,False,False,,False,
nwipe-android,Unit_Test,GitHub Actions,True,False,False,,False,
metro-compose,Unit_Test,GitHub Actions,True,False,False,,False,
metro-compose,Unit_Test,GitHub Actions,True,False,False,,False,
metro-compose,Unit_Test,GitHub Actions,True,False,False,,False,
android-arsenal,none,Travis CI,False,False,False,,False,
battle-ships,none,Unknown,False,False,False,,False,
pixelgym,Unit_Test,GitHub Actions,True,False,False,,False,
pixelgym,Unit_Test,GitHub Actions,True,False,False,,False,
pixelgym,Unit_Test,GitHub Actions,True,False,False,,False,
pixelgym,Unit_Test,GitHub Actions,True,False,False,,False,
pixelgym,Unit_Test,GitHub Actions,True,False,False,,False,
pixelgym,Unit_Test,GitHub Actions,True,False,False,,False,
domaine-nc-mobile,Unit_Test,GitHub Actions,True,False,False,,False,
domaine-nc-mobile,Unit_Test,GitHub Actions,True,False,False,,False,
domaine-nc-mobile,Unit_Test,GitHub Actions,True,False,False,,False,
etopa,Unit_Test,GitHub Actions,True,False,False,,False,
oring_reminder,Unit_Test,GitHub Actions,True,False,False,,False,
zero,none,Travis CI,False,False,False,,False,
limpazap,Unit_Test,GitHub Actions,True,False,False,,False,
antimine-android,Unit_Test,GitHub Actions,True,False,False,,False,
superimage,Unit_Test,GitHub Actions,True,False,False,,False,
ludoscity,none,Travis CI,False,False,False,,False,
bookend-android-ios,Unit_Test,GitHub Actions,True,False,False,,False,
simple,Unit_Test,GitHub Actions,True,False,False,,False,
simple,Unit_Test,GitHub Actions,True,False,False,,False,
flutterwechat,Unit_Test,GitHub Actions,True,False,False,,False,
saucenao,Unit_Test,GitHub Actions,True,False,False,,False,
saucenao,Unit_Test,GitHub Actions,True,False,False,,False,
gcam-services-provider,Unit_Test,GitHub Actions,True,False,False,,False,
boi-balance-checker,none,Travis CI,False,False,False,,False,
apklauncher_legacy,none,Travis CI,False,False,False,,False,
pinetime-companion,Unit_Test,GitHub Actions,True,False,False,,False,
ocnus,Unit_Test,GitHub Actions,True,False,False,,False,
codeedittext,Unit_Test,GitHub Actions,True,False,False,,False,
werewolf,Unit_Test,GitHub Actions,True,False,False,,False,
werewolf,Unit_Test,GitHub Actions,True,False,False,,False,
masterpassword,Unit_Test,Unknown,True,False,False,,False,
birday,Unit_Test,GitHub Actions,True,False,False,,False,
sublite,Unit_Test,GitHub Actions,True,False,False,,False,
sublite,Unit_Test,GitHub Actions,True,False,False,,False,
sublite,Unit_Test,GitHub Actions,True,False,False,,False,
move-tickets-seats,Unit_Test,GitHub Actions,True,False,False,,False,
machbarschaft-android-kotlin,Unit_Test,GitHub Actions,True,False,False,,False,
ruumusic,Unit_Test,GitHub Actions,True,False,False,,False,
developers-portfolio,Unit_Test,GitHub Actions,True,False,False,,False,
mafqud-android,Unit_Test,GitHub Actions,True,False,False,,False,
zazen,Unit_Test,GitHub Actions,True,False,False,,False,
zazen,Unit_Test,GitHub Actions,True,False,False,,False,
magicphotos-android,Unit_Test,GitHub Actions,True,False,False,,False,
magicphotos-android,Unit_Test,GitHub Actions,True,False,False,,False,
iconify,Unit_Test,GitHub Actions,True,False,False,,False,
banjen,none,CircleCI,False,False,False,,False,
todayhistory,Unit_Test,Travis CI,True,False,False,,False,
mgit,Unit_Test,GitHub Actions,True,False,False,,False,
popular-movies-app,"CircleCI_emulator_manual, Unit_Test",CircleCI,True,True,True,GitHub_emulator_manual,False,
popular-movies-app,"Travis_emulator_manual, Unit_Test",Travis CI,True,True,True,GitHub_emulator_manual,False,
cat-adoption-app,"GitHub_emulator_full, Other, Unit_Test",GitHub Actions,True,True,True,GitHub_emulator_full,False,
my-soothe,"GitHub_emulator_full, Other, Unit_Test",GitHub Actions,True,True,True,GitHub_emulator_full,False,
we-trade,"GitHub_emulator_full, Other, Unit_Test",GitHub Actions,True,True,True,GitHub_emulator_full,False,
android,none,GitHub Actions,False,False,False,,False,
podplayer,Unit_Test,GitHub Actions,True,False,False,,False,
podplayer,none,GitHub Actions,False,False,False,,False,
designoverlay-android,none,Travis CI,False,False,False,,False,
simplytranslate_mobile,Unit_Test,GitHub Actions,True,False,False,,False,
timerinrecyclerview,Unit_Test,CircleCI,True,False,False,,False,
bluetoothscanning,Unit_Test,GitHub Actions,True,False,False,,False,
bluetoothscanning,Unit_Test,GitHub Actions,True,False,False,,False,
4th_grade_is-master-,Unit_Test,GitHub Actions,True,False,False,,False,
pokeapi-compose,none,GitHub Actions,False,False,False,,False,
onedrawable,"GitHub_emulator_manual, Unit_Test",GitHub Actions,True,True,True,GitHub_emulator_manual,False,
android,Unit_Test,CircleCI,True,False,False,,False,
dynamic-island-android-full-application,Unit_Test,GitHub Actions,True,False,False,,False,
fitary,Unit_Test,GitHub Actions,True,False,False,,False,
fitary,Unit_Test,GitHub Actions,True,False,False,,False,
wiimotedsu,Unit_Test,GitHub Actions,True,False,False,,False,
wiimotedsu,Unit_Test,GitHub Actions,True,False,False,,False,
wiimotedsu,Unit_Test,GitHub Actions,True,False,False,,False,
osmeditor4android,Unit_Test,GitHub Actions,True,False,False,,False,
osmeditor4android,Unit_Test,GitHub Actions,True,False,False,,False,
umimecesky,none,Travis CI,False,False,False,,False,
android-splitbus,Unit_Test,GitHub Actions,True,False,False,,False,
android-splitbus,Unit_Test,GitHub Actions,True,False,False,,False,
debitum,Unit_Test,GitHub Actions,True,False,False,,False,
toaster,none,Travis CI,False,False,False,,False,
android-commons,Unit_Test,GitHub Actions,True,False,False,,False,
android-commons,Unit_Test,GitHub Actions,True,False,False,,False,
italianfiscalcodecalculatorapp,Unit_Test,GitHub Actions,True,False,False,,False,
udrive,none,Travis CI,False,False,False,,False,
forecastie,none,CircleCI,False,False,False,,False,
forecastie,Unit_Test,GitHub Actions,True,False,False,,False,
anewjkuapp,Unit_Test,GitHub Actions,True,False,False,,False,
pomodoro,Unit_Test,GitHub Actions,True,False,False,,False,
9tique-android,none,Travis CI,False,False,False,,False,
chat-app,none,Travis CI,False,False,False,,False,
face_animate,none,Travis CI,False,False,False,,False,
squircle-ce,Unit_Test,GitHub Actions,True,False,False,,False,
inspector,Unit_Test,GitHub Actions,True,False,False,,False,
inspector,Unit_Test,GitHub Actions,True,False,False,,False,
inspector,Unit_Test,GitHub Actions,True,False,False,,False,
subscene,Unit_Test,GitHub Actions,True,False,False,,False,
flutsapp,none,GitHub Actions,False,False,False,,False,
mangaka,Unit_Test,GitHub Actions,True,False,False,,False,
mangaka,Unit_Test,GitHub Actions,True,False,False,,False,
sunsetscrob,Unit_Test,GitHub Actions,True,False,False,,False,
sunsetscrob,"GitHub_GMD, Other, Unit_Test",GitHub Actions,True,True,True,GitHub_GMD,False,
sunsetscrob,Unit_Test,GitHub Actions,True,False,False,,False,
sunsetscrob,Unit_Test,GitHub Actions,True,False,False,,False,
mate_app,Unit_Test,GitHub Actions,True,False,False,,False,
android-icon-pack,none,Travis CI,False,False,False,,False,
gloom,Unit_Test,GitHub Actions,True,False,False,,False,
gloom,Unit_Test,GitHub Actions,True,False,False,,False,
opencord,Unit_Test,GitHub Actions,True,False,False,,False,
opencord,Unit_Test,GitHub Actions,True,False,False,,False,
openreads-android,Unit_Test,GitHub Actions,True,False,False,,False,
sdbviewer,none,GitHub Actions,False,False,False,,False,
trackworktime,none,GitHub Actions,False,False,False,,False,
trackworktime,"GitHub_emulator_full, GitHub_emulator_manual, Unit_Test",GitHub Actions,True,True,True,"GitHub_emulator_full, GitHub_emulator_manual",False,
compose-kotlin-repositories,"GitHub_emulator_full, GitHub_emulator_manual, Unit_Test",GitHub Actions,True,True,True,"GitHub_emulator_full, GitHub_emulator_manual",False,
nextcloud-quicknotes-android,Unit_Test,GitHub Actions,True,False,False,,False,
smilodon,"GitHub_emulator_full, Other, Unit_Test",GitHub Actions,True,True,True,GitHub_emulator_full,False,
matsuri,Unit_Test,GitHub Actions,True,False,False,,False,
mattermost-mobile,Unit_Test,GitHub Actions,True,False,False,,False,
mattermost-mobile,Unit_Test,GitHub Actions,True,False,False,,False,
mattermost-mobile,Unit_Test,GitHub Actions,True,False,False,,False,
mattermost-mobile,Unit_Test,GitHub Actions,True,False,False,,False,
mattermost-mobile,Unit_Test,GitHub Actions,True,False,False,,False,
mattermost-mobile,Unit_Test,GitHub Actions,True,False,False,,False,
mattermost-mobile,Unit_Test,GitHub Actions,True,False,False,,False,
mattermost-mobile,Unit_Test,GitHub Actions,True,False,False,,False,
yelpexplorer,Unit_Test,GitHub Actions,True,False,False,,False,
yelpexplorer,Unit_Test,GitHub Actions,True,False,False,,False,
scaleway-manager,none,GitHub Actions,False,False,False,,False,
orion-viewer,none,GitHub Actions,False,False,False,,False,
textpad,"Other, Unit_Test",Unknown,True,True,False,,False,
pindroid,"Travis_emulator_manual, Unit_Test",Travis CI,True,True,True,GitHub_emulator_manual,False,
vueddit,Unit_Test,GitHub Actions,True,False,False,,False,
modularized-flicker-showcase,Unit_Test,CircleCI,True,False,False,,False,
modularized-marvel-showcase,Unit_Test,CircleCI,True,False,False,,False,
dailyfootball,Unit_Test,CircleCI,True,False,False,,False,
mindful-android-launcher,none,Unknown,False,False,False,,False,
hunters,Unit_Test,GitHub Actions,True,False,False,,False,
delock,Unit_Test,GitHub Actions,True,False,False,,False,
delock,"GitHub_emulator_manual, Unit_Test",GitHub Actions,True,True,True,GitHub_emulator_manual,False,
spending_tracker,Unit_Test,GitHub Actions,True,False,False,,False,
faketraveler,Unit_Test,GitHub Actions,True,False,False,,False,
faketraveler,Unit_Test,GitHub Actions,True,False,False,,False,
ideabag2,Unit_Test,Travis CI,True,False,False,,False,
react-native-starter-kit,Unit_Test,GitHub Actions,True,False,False,,False,
android-webview-darkmode-with-javascript,Unit_Test,GitHub Actions,True,False,False,,False,
trading,Unit_Test,GitHub Actions,True,False,False,,False,
trading,Unit_Test,GitHub Actions,True,False,False,,False,
trading,Unit_Test,GitHub Actions,True,False,False,,False,
mcerebrum-autosense,none,GitHub Actions,False,False,False,,False,
mcerebrum-emascheduler,none,GitHub Actions,False,False,False,,False,
mcerebrum-microsoftband,none,GitHub Actions,False,False,False,,False,
mcerebrum-moodsurfing,Unit_Test,GitHub Actions,True,False,False,,False,
mcerebrum-omron,none,GitHub Actions,False,False,False,,False,
mcerebrum-phonesensor,none,GitHub Actions,False,False,False,,False,
mcerebrum-plotter,none,GitHub Actions,False,False,False,,False,
mcerebrum-streamprocessor,none,GitHub Actions,False,False,False,,False,
mcerebrum-study,none,GitHub Actions,False,False,False,,False,
mcerebrum-thoughtshakeup,none,GitHub Actions,False,False,False,,False,
zapp,Unit_Test,GitHub Actions,True,False,False,,False,
cht-android,"GitHub_emulator_full, GitHub_emulator_manual, Other, Unit_Test",GitHub Actions,True,True,True,"GitHub_emulator_full, GitHub_emulator_manual",False,
cht-android,none,GitHub Actions,False,False,False,,False,
medito-app,Unit_Test,GitHub Actions,True,False,False,,False,
medito-app,Unit_Test,GitHub Actions,True,False,False,,False,
medito-app,Unit_Test,GitHub Actions,True,False,False,,False,
covid-19,Unit_Test,GitHub Actions,True,False,False,,False,
booksswipe,Unit_Test,GitHub Actions,True,False,False,,False,
cadar,none,Travis CI,False,False,False,,False,
sliding-puzzle,Unit_Test,GitHub Actions,True,False,False,,False,
sliding-puzzle,Unit_Test,GitHub Actions,True,False,False,,False,
gpslogger,Unit_Test,GitHub Actions,True,False,False,,False,
gpslogger,Unit_Test,GitHub Actions,True,False,False,,False,
dribbbleclient,Unit_Test,GitHub Actions,True,False,False,,False,
soundboard,none,Travis CI,False,False,False,,False,
file-android,Unit_Test,GitHub Actions,True,False,False,,False,
mercy-emotion-sns,Unit_Test,GitHub Actions,True,False,False,,False,
anime-twist,Unit_Test,GitHub Actions,True,False,False,,False,
musicbrainz-android,Unit_Test,GitHub Actions,True,False,False,,False,
musicbrainz-android,Unit_Test,GitHub Actions,True,False,False,,False,
musicbrainz-android,Unit_Test,GitHub Actions,True,False,False,,False,
musicbrainz-android,Unit_Test,GitHub Actions,True,False,False,,False,
metrodroid,Unit_Test,GitHub Actions,True,False,False,,False,
clustmpay-sih2019,Unit_Test,GitHub Actions,True,False,False,,False,
al-azan,Unit_Test,GitHub Actions,True,False,False,,False,
al-azan,Unit_Test,GitHub Actions,True,False,False,,False,
al-azan,Unit_Test,GitHub Actions,True,False,False,,False,
caveexpress,Unit_Test,GitHub Actions,True,False,False,,False,
dodroid,Unit_Test,CircleCI,True,False,False,,False,
corona-warn-companion-android,Unit_Test,GitHub Actions,True,False,False,,False,
app,Unit_Test,GitHub Actions,True,False,False,,False,
app,Unit_Test,GitHub Actions,True,False,False,,False,
animewallpaper,"Travis_emulator_manual, Unit_Test",Travis CI,True,True,True,GitHub_emulator_manual,False,
detective-droid,Unit_Test,CircleCI,True,False,False,,False,
detective-droid,Unit_Test,GitHub Actions,True,False,False,,False,
seven_minute_workout_android,none,Travis CI,False,False,False,,False,
cobadge,Unit_Test,GitHub Actions,True,False,False,,False,
greenpass-android,Unit_Test,GitHub Actions,True,False,False,,False,
greenpass-android,Unit_Test,GitHub Actions,True,False,False,,False,
greenpass-android,Unit_Test,GitHub Actions,True,False,False,,False,
greenpass-android,"GitHub_emulator_full, Unit_Test",GitHub Actions,True,True,True,GitHub_emulator_full,False,
shape-detection-android,Unit_Test,GitHub Actions,True,False,False,,False,
shape-detection-android,Unit_Test,GitHub Actions,True,False,False,,False,
messenger-android,Unit_Test,GitHub Actions,True,False,False,,False,
androidappshortcuts,"Travis_emulator_manual, Unit_Test",Travis CI,True,True,True,GitHub_emulator_manual,False,
loopy,Unit_Test,GitHub Actions,True,False,False,,False,
loopy,Unit_Test,GitHub Actions,True,False,False,,False,
applewifinlpbackend,none,Travis CI,False,False,False,,False,
ichnaeanlpbackend,Unit_Test,GitHub Actions,True,False,False,,False,
ichnaeanlpbackend,Unit_Test,GitHub Actions,True,False,False,,False,
nominatimgeocoderbackend,none,Travis CI,False,False,False,,False,
unifiednlp,Unit_Test,GitHub Actions,True,False,False,,False,
unifiednlp,Unit_Test,GitHub Actions,True,False,False,,False,
adaptivecards,Unit_Test,GitHub Actions,True,False,False,,False,
adaptivecards,Unit_Test,GitHub Actions,True,False,False,,False,
adaptivecards,Unit_Test,GitHub Actions,True,False,False,,False,
adaptivecards,Unit_Test,GitHub Actions,True,False,False,,False,
harbour-berlin-vegan,Unit_Test,Travis CI,True,False,False,,False,
emblaflutterapp,Unit_Test,GitHub Actions,True,False,False,,False,
trip-o-meter,"GitHub_emulator_manual, Unit_Test",GitHub Actions,True,True,True,GitHub_emulator_manual,False,
custombottomsheetbehavior,"Travis_emulator_manual, Unit_Test",Travis CI,True,True,True,GitHub_emulator_manual,False,
shimmer-recyclerview-x,none,GitHub Actions,False,False,False,,False,
dexter,Unit_Test,GitHub Actions,True,False,False,,False,
dexter,Unit_Test,GitHub Actions,True,False,False,,False,
ssvmandroid,Unit_Test,GitHub Actions,True,False,False,,False,
android-iconics,Unit_Test,GitHub Actions,True,False,False,,False,
multiplatform-markdown-renderer,Unit_Test,GitHub Actions,True,False,False,,False,
retroboy,none,GitHub Actions,False,False,False,,False,
open-fcu,Unit_Test,GitHub Actions,True,False,False,,False,
open-fcu,Unit_Test,GitHub Actions,True,False,False,,False,
open-fcu,Unit_Test,GitHub Actions,True,False,False,,False,
app-ins-gruene,Unit_Test,GitHub Actions,True,False,False,,False,
symbol,none,Travis CI,False,False,False,,False,
audio_player_flutter,Unit_Test,GitHub Actions,True,False,False,,False,
soundcloud_audio_player,Unit_Test,GitHub Actions,True,False,False,,False,
mirakel-android,Unit_Test,Travis CI,True,False,False,,False,
mirru-android,Unit_Test,GitHub Actions,True,False,False,,False,
scanit,Unit_Test,GitHub Actions,True,False,False,,False,
scanit,none,GitHub Actions,False,False,False,,False,
hashr,none,Travis CI,False,False,False,,False,
simplebible,Unit_Test,GitHub Actions,True,False,False,,False,
android-anuto,Unit_Test,GitHub Actions,True,False,False,,False,
android-anuto,none,Travis CI,False,False,False,,False,
mkdocseditor-android,Unit_Test,GitHub Actions,True,False,False,,False,
spaceship,Unit_Test,GitHub Actions,True,False,False,,False,
spaceship,Unit_Test,GitHub Actions,True,False,False,,False,
samremote,none,Travis CI,False,False,False,,False,
easyadapter,none,CircleCI,False,False,False,,False,
easyadapter,Unit_Test,GitHub Actions,True,False,False,,False,
easyshapeview,Unit_Test,GitHub Actions,True,False,False,,False,
kvaesitso,Unit_Test,GitHub Actions,True,False,False,,False,
kvaesitso,Unit_Test,GitHub Actions,True,False,False,,False,
kvaesitso,Unit_Test,GitHub Actions,True,False,False,,False,
bananapeel,none,Travis CI,False,False,False,,False,
syncplayer,Unit_Test,GitHub Actions,True,False,False,,False,
colorful_notes,none,GitHub Actions,False,False,False,,False,
team2,Unit_Test,GitHub Actions,True,False,False,,False,
ies-ips-android,none,GitHub Actions,False,False,False,,False,
android-accounting,none,GitHub Actions,False,False,False,,False,
android-accounting,none,Travis CI,False,False,False,,False,
drinkable,Unit_Test,GitHub Actions,True,False,False,,False,
drinkable,Unit_Test,GitHub Actions,True,False,False,,False,
drinkable,Unit_Test,GitHub Actions,True,False,False,,False,
player,Unit_Test,GitHub Actions,True,False,False,,False,
moonlight-android,none,Unknown,False,False,False,,False,
moonmeet-crossplatform,Unit_Test,GitHub Actions,True,False,False,,False,
moonmeet-crossplatform,Unit_Test,GitHub Actions,True,False,False,,False,
moonmeet-crossplatform,Unit_Test,GitHub Actions,True,False,False,,False,
moonmeet-crossplatform,Unit_Test,GitHub Actions,True,False,False,,False,
mucke,Unit_Test,GitHub Actions,True,False,False,,False,
mucke,Unit_Test,GitHub Actions,True,False,False,,False,
mucke,Unit_Test,GitHub Actions,True,False,False,,False,
mucke,Unit_Test,GitHub Actions,True,False,False,,False,
fallasleep,Unit_Test,GitHub Actions,True,False,False,,False,
glider,Unit_Test,GitHub Actions,True,False,False,,False,
glider,Unit_Test,GitHub Actions,True,False,False,,False,
magnum-extras,none,CircleCI,False,False,False,,False,
reference-browser,none,GitHub Actions,False,False,False,,False,
jisort,Unit_Test,GitHub Actions,True,False,False,,False,
simpletask-android,Unit_Test,CircleCI,True,False,False,,False,
simpletask-android,Unit_Test,GitHub Actions,True,False,False,,False,
app_waktu_solat_malaysia,Unit_Test,GitHub Actions,True,False,False,,False,
app_waktu_solat_malaysia,Unit_Test,GitHub Actions,True,False,False,,False,
app_waktu_solat_malaysia,Unit_Test,GitHub Actions,True,False,False,,False,
mpv-android,none,GitHub Actions,False,False,False,,False,
mpv-android,none,GitHub Actions,False,False,False,,False,
youtube-android,Unit_Test,GitHub Actions,True,False,False,,False,
kotlin-pokedex,Unit_Test,GitHub Actions,True,False,False,,False,
journal3,Unit_Test,GitHub Actions,True,False,False,,False,
journal3,Unit_Test,GitHub Actions,True,False,False,,False,
journal3,Unit_Test,GitHub Actions,True,False,False,,False,
colorwaver,Unit_Test,GitHub Actions,True,False,False,,False,
colorwaver,Unit_Test,GitHub Actions,True,False,False,,False,
colorwaver,Unit_Test,GitHub Actions,True,False,False,,False,
colorwaver,Unit_Test,GitHub Actions,True,False,False,,False,
colorwaver,Unit_Test,GitHub Actions,True,False,False,,False,
wqthrottle,Unit_Test,GitHub Actions,True,False,False,,False,
wqthrottle,Unit_Test,GitHub Actions,True,False,False,,False,
wqthrottle,Unit_Test,GitHub Actions,True,False,False,,False,
androidnote,none,Travis CI,False,False,False,,False,
compose-lobsters,Unit_Test,GitHub Actions,True,False,False,,False,
compose-lobsters,Unit_Test,GitHub Actions,True,False,False,,False,
compose-lobsters,Unit_Test,GitHub Actions,True,False,False,,False,
decent,Unit_Test,GitHub Actions,True,False,False,,False,
coffee,Unit_Test,GitHub Actions,True,False,False,,False,
coffee,Unit_Test,GitHub Actions,True,False,False,,False,
coffee,Unit_Test,GitHub Actions,True,False,False,,False,
nfcreader,Unit_Test,GitHub Actions,True,False,False,,False,
nfcreader,Unit_Test,GitHub Actions,True,False,False,,False,
nfcreader,Unit_Test,GitHub Actions,True,False,False,,False,
prepaidbalance,Unit_Test,GitHub Actions,True,False,False,,False,
prepaidbalance,Unit_Test,GitHub Actions,True,False,False,,False,
prepaidbalance,Unit_Test,GitHub Actions,True,False,False,,False,
couleurbummel,Unit_Test,GitHub Actions,True,False,False,,False,
swadeeq,Unit_Test,GitHub Actions,True,False,False,,False,
swadeeq,Unit_Test,GitHub Actions,True,False,False,,False,
elegantdialog,Unit_Test,Unknown,True,False,False,,False,
android-otpview-pinview,none,GitHub Actions,False,False,False,,False,
crime_map,Unit_Test,GitHub Actions,True,False,False,,False,
crime_map,Unit_Test,GitHub Actions,True,False,False,,False,
mullvadvpn-app,"Other, Unit_Test",GitHub Actions,True,True,False,,False,
mullvadvpn-app,Unit_Test,GitHub Actions,True,False,False,,False,
mullvadvpn-app,Unit_Test,GitHub Actions,True,False,False,,False,
mullvadvpn-app,Unit_Test,GitHub Actions,True,False,False,,False,
mullvadvpn-app,Unit_Test,GitHub Actions,True,False,False,,False,
mullvadvpn-app,Unit_Test,GitHub Actions,True,False,False,,False,
mullvadvpn-app,Unit_Test,GitHub Actions,True,False,False,,False,
mullvadvpn-app,Unit_Test,GitHub Actions,True,False,False,,False,
mullvadvpn-app,Unit_Test,GitHub Actions,True,False,False,,False,
mullvadvpn-app,Unit_Test,GitHub Actions,True,False,False,,False,
mullvadvpn-app,Unit_Test,GitHub Actions,True,False,False,,False,
mullvadvpn-app,Unit_Test,GitHub Actions,True,False,False,,False,
mullvadvpn-app,Unit_Test,GitHub Actions,True,False,False,,False,
mullvadvpn-app,Unit_Test,GitHub Actions,True,False,False,,False,
mullvadvpn-app,Unit_Test,GitHub Actions,True,False,False,,False,
mullvadvpn-app,Unit_Test,GitHub Actions,True,False,False,,False,
mullvadvpn-app,Unit_Test,GitHub Actions,True,False,False,,False,
mullvadvpn-app,Unit_Test,GitHub Actions,True,False,False,,False,
mullvadvpn-app,Unit_Test,GitHub Actions,True,False,False,,False,
munich-ways-app,none,GitHub Actions,False,False,False,,False,
munich-ways-app,Unit_Test,GitHub Actions,True,False,False,,False,
appmanager,Unit_Test,GitHub Actions,True,False,False,,False,
appmanager,Unit_Test,GitHub Actions,True,False,False,,False,
appmanager,Unit_Test,GitHub Actions,True,False,False,,False,
mupen64plus-ae,Unit_Test,GitHub Actions,True,False,False,,False,
kotlin-order-food-app,Unit_Test,GitHub Actions,True,False,False,,False,
kotlin-order-food-app,Unit_Test,GitHub Actions,True,False,False,,False,
class-organizer,none,Travis CI,False,False,False,,False,
mbrc,Unit_Test,GitHub Actions,True,False,False,,False,
mpd,Unit_Test,GitHub Actions,True,False,False,,False,
dev-tiles,Unit_Test,CircleCI,True,False,False,,False,
sensorssandbox,none,Travis CI,False,False,False,,False,
spoilerblocker,Unit_Test,GitHub Actions,True,False,False,,False,
rtchat,Unit_Test,GitHub Actions,True,False,False,,False,
rtchat,Unit_Test,GitHub Actions,True,False,False,,False,
rtchat,Unit_Test,GitHub Actions,True,False,False,,False,
rtchat,Unit_Test,GitHub Actions,True,False,False,,False,
rtchat,Unit_Test,GitHub Actions,True,False,False,,False,
rtchat,Unit_Test,GitHub Actions,True,False,False,,False,
rtchat,Unit_Test,GitHub Actions,True,False,False,,False,
rtchat,Unit_Test,GitHub Actions,True,False,False,,False,
rtchat,Unit_Test,GitHub Actions,True,False,False,,False,
rtchat,Unit_Test,GitHub Actions,True,False,False,,False,
rtchat,Unit_Test,GitHub Actions,True,False,False,,False,
rtchat,Unit_Test,GitHub Actions,True,False,False,,False,
rtchat,Unit_Test,GitHub Actions,True,False,False,,False,
mewconnect-android,none,GitHub Actions,False,False,False,,False,
pogoplusle,Unit_Test,CircleCI,True,False,False,,False,
energy-meter-scanner,Unit_Test,Unknown,True,False,False,,False,
tetris,Unit_Test,GitHub Actions,True,False,False,,False,
my-special-way-android,Unit_Test,Travis CI,True,False,False,,False,
mysterium-vpn-mobile,Unit_Test,GitHub Actions,True,False,False,,False,
virtual_traveller_flutter,Unit_Test,GitHub Actions,True,False,False,,False,
virtual_traveller_flutter,"GitHub_emulator_full, Other, Unit_Test",GitHub Actions,True,True,True,GitHub_emulator_full,False,
virtual_traveller_flutter,Unit_Test,GitHub Actions,True,False,False,,False,
nearby-live,Unit_Test,Travis CI,True,False,False,,False,
flutter_permission_using_bloc,Unit_Test,GitHub Actions,True,False,False,,False,
dsrweatherapp,none,CircleCI,False,False,False,,False,
smart-autoclicker,Unit_Test,GitHub Actions,True,False,False,,False,
smart-autoclicker,Unit_Test,GitHub Actions,True,False,False,,False,
smart-autoclicker,Unit_Test,GitHub Actions,True,False,False,,False,
smart-autoclicker,Unit_Test,GitHub Actions,True,False,False,,False,
timber,none,Travis CI,False,False,False,,False,
projectblue,Unit_Test,GitHub Actions,True,False,False,,False,
lazycolumnscrollbar,Unit_Test,GitHub Actions,True,False,False,,False,
calculator,Unit_Test,GitHub Actions,True,False,False,,False,
waylan_android,Unit_Test,GitHub Actions,True,False,False,,False,
waylan_android,Unit_Test,GitHub Actions,True,False,False,,False,
zoomlayout,Unit_Test,GitHub Actions,True,False,False,,False,
zoomlayout,Unit_Test,GitHub Actions,True,False,False,,False,
zoomlayout,Unit_Test,GitHub Actions,True,False,False,,False,
aelf-flutter,none,Unknown,False,False,False,,False,
angular-seed-advanced,Unit_Test,Travis CI,True,False,False,,False,
packlist,Unit_Test,Travis CI,True,False,False,,False,
materialfilepicker,none,Travis CI,False,False,False,,False,
ncine,Unit_Test,GitHub Actions,True,False,False,,False,
ncine,Unit_Test,GitHub Actions,True,False,False,,False,
ncine,Unit_Test,GitHub Actions,True,False,False,,False,
ncine,Unit_Test,GitHub Actions,True,False,False,,False,
ncine,Unit_Test,GitHub Actions,True,False,False,,False,
ncine,Unit_Test,GitHub Actions,True,False,False,,False,
click,none,Travis CI,False,False,False,,False,
kiss,Unit_Test,GitHub Actions,True,False,False,,False,
kiss,Unit_Test,GitHub Actions,True,False,False,,False,
sheep,Unit_Test,CircleCI,True,False,False,,False,
sheep,Unit_Test,GitHub Actions,True,False,False,,False,
sheep,Unit_Test,GitHub Actions,True,False,False,,False,
nekox,Unit_Test,GitHub Actions,True,False,False,,False,
nekox,Unit_Test,GitHub Actions,True,False,False,,False,
wwwjdic,Unit_Test,GitHub Actions,True,False,False,,False,
wwwjdic,Unit_Test,GitHub Actions,True,False,False,,False,
wwwjdic,Unit_Test,GitHub Actions,True,False,False,,False,
wwwjdic,Unit_Test,GitHub Actions,True,False,False,,False,
passshout,Unit_Test,GitHub Actions,True,False,False,,False,
tat,Unit_Test,GitHub Actions,True,False,False,,False,
tat,Unit_Test,GitHub Actions,True,False,False,,False,
tat_flutter,Unit_Test,GitHub Actions,True,False,False,,False,
tat_flutter,Unit_Test,GitHub Actions,True,False,False,,False,
neoterm,Unit_Test,GitHub Actions,True,False,False,,False,
ncsms-android,none,Travis CI,False,False,False,,False,
tic-80,Unit_Test,GitHub Actions,True,False,False,,False,
tic-80,Unit_Test,GitHub Actions,True,False,False,,False,
android-usb-script,Unit_Test,GitHub Actions,True,False,False,,False,
atimetracker,Unit_Test,GitHub Actions,True,False,False,,False,
kikke,Unit_Test,GitHub Actions,True,False,False,,False,
kikke,Unit_Test,GitHub Actions,True,False,False,,False,
kikke,Unit_Test,GitHub Actions,True,False,False,,False,
meow,none,GitHub Actions,False,False,False,,False,
pangea,Unit_Test,GitHub Actions,True,False,False,,False,
flutter-calculator,Unit_Test,GitHub Actions,True,False,False,,False,
nexd-android,Unit_Test,GitHub Actions,True,False,False,,False,
nexd-android,Unit_Test,GitHub Actions,True,False,False,,False,
nexd-android,Unit_Test,GitHub Actions,True,False,False,,False,
android,Unit_Test,GitHub Actions,True,False,False,,False,
android,Unit_Test,GitHub Actions,True,False,False,,False,
android,Unit_Test,GitHub Actions,True,False,False,,False,
android,Unit_Test,GitHub Actions,True,False,False,,False,
android,Unit_Test,GitHub Actions,True,False,False,,False,
android,none,GitHub Actions,False,False,False,,False,
android,Unit_Test,GitHub Actions,True,False,False,,False,
android,Unit_Test,GitHub Actions,True,False,False,,False,
android,none,GitHub Actions,False,False,False,,False,
android,Unit_Test,GitHub Actions,True,False,False,,False,
android,none,GitHub Actions,False,False,False,,False,
android,Unit_Test,GitHub Actions,True,False,False,,False,
android,Unit_Test,GitHub Actions,True,False,False,,False,
android,"GitHub_emulator_full, GitHub_emulator_manual, Other, Unit_Test",GitHub Actions,True,True,True,"GitHub_emulator_full, GitHub_emulator_manual",False,
android,Unit_Test,GitHub Actions,True,False,False,,False,
android,Unit_Test,GitHub Actions,True,False,False,,False,
news-android,Unit_Test,GitHub Actions,True,False,False,,False,
news-android,Unit_Test,GitHub Actions,True,False,False,,False,
news-android,Unit_Test,GitHub Actions,True,False,False,,False,
notes-android,Unit_Test,GitHub Actions,True,False,False,,False,
notes-android,Unit_Test,GitHub Actions,True,False,False,,False,
notes-android,Unit_Test,GitHub Actions,True,False,False,,False,
notes-android,none,GitHub Actions,False,False,False,,False,
notes-android,Unit_Test,GitHub Actions,True,False,False,,False,
notes-android,Unit_Test,GitHub Actions,True,False,False,,False,
notes-android,Unit_Test,GitHub Actions,True,False,False,,False,
notes-android,none,GitHub Actions,False,False,False,,False,
notes-android,Unit_Test,GitHub Actions,True,False,False,,False,
notes-android,Unit_Test,GitHub Actions,True,False,False,,False,
talk-android,Unit_Test,GitHub Actions,True,False,False,,False,
talk-android,Unit_Test,GitHub Actions,True,False,False,,False,
talk-android,Unit_Test,GitHub Actions,True,False,False,,False,
talk-android,Unit_Test,GitHub Actions,True,False,False,,False,
talk-android,Unit_Test,GitHub Actions,True,False,False,,False,
talk-android,none,GitHub Actions,False,False,False,,False,
talk-android,Unit_Test,GitHub Actions,True,False,False,,False,
talk-android,Unit_Test,GitHub Actions,True,False,False,,False,
talk-android,Unit_Test,GitHub Actions,True,False,False,,False,
talk-android,Unit_Test,GitHub Actions,True,False,False,,False,
talk-android,none,GitHub Actions,False,False,False,,False,
talk-android,Unit_Test,GitHub Actions,True,False,False,,False,
talk-android,Unit_Test,GitHub Actions,True,False,False,,False,
talk-android,Unit_Test,GitHub Actions,True,False,False,,False,
nextrot_android,Unit_Test,GitHub Actions,True,False,False,,False,
nfcgate,none,Unknown,False,False,False,,False,
nfsee,Unit_Test,GitHub Actions,True,False,False,,False,
nfsee,Unit_Test,GitHub Actions,True,False,False,,False,
bluelineconsole,"GitHub_emulator_full, Unit_Test",GitHub Actions,True,True,True,GitHub_emulator_full,False,
bluelineconsole,Unit_Test,GitHub Actions,True,False,False,,False,
bluelineconsole,Unit_Test,Unknown,True,False,False,,False,
mundraub-android,none,GitHub Actions,False,False,False,,False,
chaosflix,Unit_Test,CircleCI,True,False,False,,False,
chaosflix,"GitHub_emulator_manual, Unit_Test",GitHub Actions,True,True,True,GitHub_emulator_manual,False,
chaosflix,"Travis_emulator_manual, Unit_Test",Travis CI,True,True,True,GitHub_emulator_manual,False,
timeclock,Unit_Test,GitHub Actions,True,False,False,,False,
partyq-android,Unit_Test,CircleCI,True,False,False,,False,
tv-launcher,none,GitHub Actions,False,False,False,,False,
dagger,Unit_Test,GitHub Actions,True,False,False,,False,
lockscreennotes,Unit_Test,GitHub Actions,True,False,False,,False,
lockscreennotes,none,Travis CI,False,False,False,,False,
moneycontrol,none,Travis CI,False,False,False,,False,
unblockmusicpro_xposed,Unit_Test,GitHub Actions,True,False,False,,False,
show-java,none,Travis CI,False,False,False,,False,
mathview,Unit_Test,GitHub Actions,True,False,False,,False,
mathview,none,Travis CI,False,False,False,,False,
snoredetector,Unit_Test,GitHub Actions,True,False,False,,False,
simpletweet,none,Travis CI,False,False,False,,False,
nitroshare-android,none,Travis CI,False,False,False,,False,
daisy,Unit_Test,GitHub Actions,True,False,False,,False,
pikapika,Unit_Test,GitHub Actions,True,False,False,,False,
wax,Unit_Test,GitHub Actions,True,False,False,,False,
cronet-engine,Unit_Test,GitHub Actions,True,False,False,,False,
leafylauncher,Unit_Test,GitHub Actions,True,False,False,,False,
leafylauncher,Unit_Test,GitHub Actions,True,False,False,,False,
leafylauncher,Unit_Test,GitHub Actions,True,False,False,,False,
leafylauncher,Unit_Test,GitHub Actions,True,False,False,,False,
leafylauncher,Unit_Test,GitHub Actions,True,False,False,,False,
iitp-connect,Unit_Test,CircleCI,True,False,False,,False,
iitp-connect,Unit_Test,Travis CI,True,False,False,,False,
sa-android,none,Travis CI,False,False,False,,False,
nkit-launcher,Unit_Test,GitHub Actions,True,False,False,,False,
nkit-launcher,Unit_Test,GitHub Actions,True,False,False,,False,
meaning_android,Unit_Test,GitHub Actions,True,False,False,,False,
mkloader,none,Travis CI,False,False,False,,False,
gymroutines,none,CircleCI,False,False,False,,False,
kyouen-android,Unit_Test,CircleCI,True,False,False,,False,
noodle,Unit_Test,Travis CI,True,False,False,,False,
motorsport-circuits,Unit_Test,GitHub Actions,True,False,False,,False,
motorsport-circuits,"Travis_emulator_manual, Unit_Test",Travis CI,True,True,True,GitHub_emulator_manual,False,
android,Unit_Test,GitHub Actions,True,False,False,,False,
apcupsd-monitor,Unit_Test,GitHub Actions,True,False,False,,False,
cell-wall,Unit_Test,GitHub Actions,True,False,False,,False,
cell-wall,Unit_Test,GitHub Actions,True,False,False,,False,
peepz,Unit_Test,CircleCI,True,False,False,,False,
peepz,Unit_Test,GitHub Actions,True,False,False,,False,
now-u-app,Unit_Test,GitHub Actions,True,False,False,,False,
now-u-app,Unit_Test,GitHub Actions,True,False,False,,False,
now-u-app,Unit_Test,GitHub Actions,True,False,False,,False,
now-u-app,Unit_Test,GitHub Actions,True,False,False,,False,
android,none,GitHub Actions,False,False,False,,False,
sweyer,Unit_Test,GitHub Actions,True,False,False,,False,
sweyer,Unit_Test,GitHub Actions,True,False,False,,False,
sweyer,Unit_Test,GitHub Actions,True,False,False,,False,
apollo-music,Unit_Test,GitHub Actions,True,False,False,,False,
foss_warn,Unit_Test,GitHub Actions,True,False,False,,False,
trippo-the_travel_guide,Unit_Test,GitHub Actions,True,False,False,,False,
loadmorewrapper,"Travis_emulator_manual, Unit_Test",Travis CI,True,True,True,GitHub_emulator_manual,False,
boorusphere,Unit_Test,GitHub Actions,True,False,False,,False,
boorusphere,Unit_Test,GitHub Actions,True,False,False,,False,
dagashiapp-android,"GitHub_GMD, Other, Unit_Test",GitHub Actions,True,True,True,GitHub_GMD,False,
dagashiapp-android,Unit_Test,GitHub Actions,True,False,False,,False,
sojodia-android,Unit_Test,GitHub Actions,True,False,False,,False,
sojodia-android,Unit_Test,GitHub Actions,True,False,False,,False,
regobs4,Unit_Test,Unknown,True,False,False,,False,
regobs4,Unit_Test,GitHub Actions,True,False,False,,False,
application,none,Travis CI,False,False,False,,False,
piping-phone-android,Unit_Test,CircleCI,True,False,False,,False,
nyaapantsu-android-app,none,Travis CI,False,False,False,,False,
ehviewer,Unit_Test,GitHub Actions,True,False,False,,False,
jiten-webview,none,GitHub Actions,False,False,False,,False,
sigblock-code-poc,none,GitHub Actions,False,False,False,,False,
objectbox-performance,Unit_Test,GitHub Actions,True,False,False,,False,
bofilo,Unit_Test,GitHub Actions,True,False,False,,False,
dimba,none,Travis CI,False,False,False,,False,
firebasechatapp,none,Travis CI,False,False,False,,False,
ricknmortycompose,Unit_Test,GitHub Actions,True,False,False,,False,
simple-counter,none,GitHub Actions,False,False,False,,False,
simple-counter,none,Travis CI,False,False,False,,False,
android-covidbedrest,Unit_Test,GitHub Actions,True,False,False,,False,
android-kotlin-covid19,Unit_Test,GitHub Actions,True,False,False,,False,
mobile,none,Travis CI,False,False,False,,False,
odysee-android,Unit_Test,GitHub Actions,True,False,False,,False,
odysee-android,Unit_Test,GitHub Actions,True,False,False,,False,
habitbuilder,Unit_Test,GitHub Actions,True,False,False,,False,
the-channels,none,GitHub Actions,False,False,False,,False,
ghostotp,Unit_Test,GitHub Actions,True,False,False,,False,
imagesearcher,Unit_Test,GitHub Actions,True,False,False,,False,
wessager,Unit_Test,GitHub Actions,True,False,False,,False,
discordjetpackcompose,Unit_Test,GitHub Actions,True,False,False,,False,
vlillechecker,none,Travis CI,False,False,False,,False,
openscale,Unit_Test,GitHub Actions,True,False,False,,False,
openworkout,Unit_Test,GitHub Actions,True,False,False,,False,
wilt-android,Unit_Test,Travis CI,True,False,False,,False,
remotedroid,none,Travis CI,False,False,False,,False,
covidnow,Unit_Test,GitHub Actions,True,False,False,,False,
spacexfollower,Unit_Test,GitHub Actions,True,False,False,,False,
spacexfollower,Unit_Test,GitHub Actions,True,False,False,,False,
onebusaway-android,"GitHub_emulator_full, GitHub_emulator_manual, Unit_Test",GitHub Actions,True,True,True,"GitHub_emulator_full, GitHub_emulator_manual",False,
picasso,Unit_Test,GitHub Actions,True,False,False,,False,
picasso,Unit_Test,GitHub Actions,True,False,False,,False,
picasso,Unit_Test,GitHub Actions,True,False,False,,False,
picasso,Unit_Test,GitHub Actions,True,False,False,,False,
cvcamera-mobile,Unit_Test,GitHub Actions,True,False,False,,False,
cvcamera-mobile,Unit_Test,GitHub Actions,True,False,False,,False,
cvcamera-mobile,none,GitHub Actions,False,False,False,,False,
probe-android,none,GitHub Actions,False,False,False,,False,
probe-android,Unit_Test,GitHub Actions,True,False,False,,False,
probe-android,"GitHub_emulator_full, Unit_Test",GitHub Actions,True,True,True,GitHub_emulator_full,False,
probe-android,Unit_Test,GitHub Actions,True,False,False,,False,
wordle-kt,Unit_Test,GitHub Actions,True,False,False,,False,
open-keychain,"GitHub_emulator_compact, Other, Unit_Test",GitHub Actions,True,True,True,GitHub_emulator_compact,False,
open-keychain,Unit_Test,GitHub Actions,True,False,False,,False,
open-keychain,Unit_Test,GitHub Actions,True,False,False,,False,
roboclub-flutter,Unit_Test,GitHub Actions,True,False,False,,False,
openair-android,Unit_Test,GitHub Actions,True,False,False,,False,
openblocks-app,Unit_Test,GitHub Actions,True,False,False,,False,
bigsolarhunt,Unit_Test,GitHub Actions,True,False,False,,False,
flutter-music-app,none,GitHub Actions,False,False,False,,False,
opendocument,"GitHub_emulator_full, GitHub_emulator_manual, Unit_Test",GitHub Actions,True,True,True,"GitHub_emulator_full, GitHub_emulator_manual",False,
openstop,Unit_Test,GitHub Actions,True,False,False,,False,
openstop,Unit_Test,GitHub Actions,True,False,False,,False,
openstop,Unit_Test,GitHub Actions,True,False,False,,False,
openstop,Unit_Test,GitHub Actions,True,False,False,,False,
smooth-app,none,GitHub Actions,False,False,False,,False,
smooth-app,Unit_Test,GitHub Actions,True,False,False,,False,
smooth-app,Unit_Test,GitHub Actions,True,False,False,,False,
smooth-app,Unit_Test,GitHub Actions,True,False,False,,False,
smooth-app,Unit_Test,GitHub Actions,True,False,False,,False,
smooth-app,Unit_Test,GitHub Actions,True,False,False,,False,
smooth-app,Unit_Test,GitHub Actions,True,False,False,,False,
smooth-app,Unit_Test,GitHub Actions,True,False,False,,False,
smooth-app,Unit_Test,GitHub Actions,True,False,False,,False,
smooth-app,Unit_Test,GitHub Actions,True,False,False,,False,
smooth-app,Unit_Test,GitHub Actions,True,False,False,,False,
smooth-app,Unit_Test,GitHub Actions,True,False,False,,False,
smooth-app,Unit_Test,GitHub Actions,True,False,False,,False,
smooth-app,Unit_Test,GitHub Actions,True,False,False,,False,
smooth-app,Unit_Test,GitHub Actions,True,False,False,,False,
smooth-app,Unit_Test,GitHub Actions,True,False,False,,False,
smooth-app,Unit_Test,GitHub Actions,True,False,False,,False,
smooth-app,Unit_Test,GitHub Actions,True,False,False,,False,
openhab-android,Unit_Test,GitHub Actions,True,False,False,,False,
openhab-android,Unit_Test,GitHub Actions,True,False,False,,False,
openhab-android,Unit_Test,GitHub Actions,True,False,False,,False,
openhab-android,Unit_Test,GitHub Actions,True,False,False,,False,
openhab-android,Unit_Test,GitHub Actions,True,False,False,,False,
xikolo-android,Unit_Test,GitHub Actions,True,False,False,,False,
xikolo-android,Unit_Test,GitHub Actions,True,False,False,,False,
safe,none,GitHub Actions,False,False,False,,False,
shoppinglist,"Travis_emulator_manual, Unit_Test",Travis CI,True,True,True,GitHub_emulator_manual,False,
activity-tracker,Unit_Test,GitHub Actions,True,False,False,,False,
fineract-cn-mobile,none,Travis CI,False,False,False,,False,
openmsupply-client,Unit_Test,GitHub Actions,True,False,False,,False,
lesscode,none,Travis CI,False,False,False,,False,
covid19-tracker-app-kenya,Unit_Test,GitHub Actions,True,False,False,,False,
lumicall,none,Travis CI,False,False,False,,False,
opentracks,Unit_Test,GitHub Actions,True,False,False,,False,
opentracks,Unit_Test,GitHub Actions,True,False,False,,False,
osmdashboard,Unit_Test,GitHub Actions,True,False,False,,False,
osmdashboard,Unit_Test,GitHub Actions,True,False,False,,False,
mobile-android-legacy,Unit_Test,GitHub Actions,True,False,False,,False,
organicmaps,Unit_Test,GitHub Actions,True,False,False,,False,
organicmaps,Unit_Test,GitHub Actions,True,False,False,,False,
organicmaps,Unit_Test,GitHub Actions,True,False,False,,False,
organicmaps,"Unit_Test, firebase_Full",GitHub Actions,True,True,False,,True,firebase_Full
organicmaps,Unit_Test,GitHub Actions,True,False,False,,False,
organicmaps,Unit_Test,GitHub Actions,True,False,False,,False,
organicmaps,none,GitHub Actions,False,False,False,,False,
organicmaps,Unit_Test,GitHub Actions,True,False,False,,False,
organicmaps,Unit_Test,GitHub Actions,True,False,False,,False,
organicmaps,Unit_Test,GitHub Actions,True,False,False,,False,
organicmaps,Unit_Test,GitHub Actions,True,False,False,,False,
organicmaps,none,GitHub Actions,False,False,False,,False,
organicmaps,Unit_Test,GitHub Actions,True,False,False,,False,
organicmaps,Unit_Test,GitHub Actions,True,False,False,,False,
organicmaps,Unit_Test,GitHub Actions,True,False,False,,False,
orgzly-android,none,GitHub Actions,False,False,False,,False,
dialogplus,none,Travis CI,False,False,False,,False,
symphony,Unit_Test,GitHub Actions,True,False,False,,False,
myweatherforecast,"GitHub_emulator_full, Other, Unit_Test",GitHub Actions,True,True,True,GitHub_emulator_full,False,
super-pub-android,Unit_Test,CircleCI,True,False,False,,False,
app_kookmobanuser_ponjohmnaimann,Unit_Test,GitHub Actions,True,False,False,,False,
amiibowiki,Unit_Test,GitHub Actions,True,False,False,,False,
amiibowiki,Unit_Test,GitHub Actions,True,False,False,,False,
amiibowiki,"Unit_Test, firebase_Full",GitHub Actions,True,True,False,,True,firebase_Full
amiibowiki,Unit_Test,Unknown,True,False,False,,False,
trime,Unit_Test,GitHub Actions,True,False,False,,False,
trime,Unit_Test,GitHub Actions,True,False,False,,False,
trime,Unit_Test,GitHub Actions,True,False,False,,False,
osmand,Unit_Test,GitHub Actions,True,False,False,,False,
osmand,Unit_Test,GitHub Actions,True,False,False,,False,
osmand,Unit_Test,GitHub Actions,True,False,False,,False,
presencepublisher,Unit_Test,GitHub Actions,True,False,False,,False,
osu-droid,Unit_Test,GitHub Actions,True,False,False,,False,
osu-droid,Unit_Test,GitHub Actions,True,False,False,,False,
caffeinetile,none,Travis CI,False,False,False,,False,
basil-android,Unit_Test,CircleCI,True,False,False,,False,
ottodiyapp,Unit_Test,GitHub Actions,True,False,False,,False,
small-talk,Unit_Test,GitHub Actions,True,False,False,,False,
small-talk,Unit_Test,GitHub Actions,True,False,False,,False,
small-talk,Unit_Test,GitHub Actions,True,False,False,,False,
small-talk,Unit_Test,GitHub Actions,True,False,False,,False,
small-talk,Unit_Test,GitHub Actions,True,False,False,,False,
small-talk,Unit_Test,GitHub Actions,True,False,False,,False,
just-chatting,Unit_Test,GitHub Actions,True,False,False,,False,
just-chatting,Unit_Test,GitHub Actions,True,False,False,,False,
woolly-app,Unit_Test,GitHub Actions,True,False,False,,False,
woolly-app,Unit_Test,GitHub Actions,True,False,False,,False,
junior,Unit_Test,GitHub Actions,True,False,False,,False,
android,Unit_Test,GitHub Actions,True,False,False,,False,
android,Unit_Test,GitHub Actions,True,False,False,,False,
watchcat,Unit_Test,GitHub Actions,True,False,False,,False,
ansvif_android,Unit_Test,Travis CI,True,False,False,,False,
oxygen-updater,Unit_Test,GitHub Actions,True,False,False,,False,
auxio,Unit_Test,GitHub Actions,True,False,False,,False,
evrimnews,none,Travis CI,False,False,False,,False,
harmony,"Other, Unit_Test, firebase_Full",CircleCI,True,True,False,,True,firebase_Full
the_calculator,Unit_Test,GitHub Actions,True,False,False,,False,
the_calculator,Unit_Test,GitHub Actions,True,False,False,,False,
the_calculator,Unit_Test,GitHub Actions,True,False,False,,False,
functionalandroidreference,"Travis_emulator_manual, Unit_Test",Travis CI,True,True,True,GitHub_emulator_manual,False,
postcode,Unit_Test,CircleCI,True,False,False,,False,
spaceteam-timer,Unit_Test,Travis CI,True,False,False,,False,
talawa,Unit_Test,GitHub Actions,True,False,False,,False,
talawa,Unit_Test,GitHub Actions,True,False,False,,False,
talawa,Unit_Test,GitHub Actions,True,False,False,,False,
talawa,Unit_Test,GitHub Actions,True,False,False,,False,
talawa,Unit_Test,GitHub Actions,True,False,False,,False,
talawa,Unit_Test,GitHub Actions,True,False,False,,False,
talawa,Unit_Test,GitHub Actions,True,False,False,,False,
pandemia,Unit_Test,GitHub Actions,True,False,False,,False,
milktea,none,GitHub Actions,False,False,False,,False,
milktea,none,GitHub Actions,False,False,False,,False,
parabox,Unit_Test,GitHub Actions,True,False,False,,False,
forecast,Unit_Test,GitHub Actions,True,False,False,,False,
steamr,Unit_Test,GitHub Actions,True,False,False,,False,
hash-launcher,Unit_Test,GitHub Actions,True,False,False,,False,
passwd,Unit_Test,GitHub Actions,True,False,False,,False,
quotes,Unit_Test,GitHub Actions,True,False,False,,False,
gdgpune-devfest19-android,none,Travis CI,False,False,False,,False,
notykt,Unit_Test,GitHub Actions,True,False,False,,False,
notykt,Unit_Test,GitHub Actions,True,False,False,,False,
notykt,Unit_Test,GitHub Actions,True,False,False,,False,
biblionantes,Unit_Test,GitHub Actions,True,False,False,,False,
biblionantes,Unit_Test,GitHub Actions,True,False,False,,False,
a2ln-app,Unit_Test,GitHub Actions,True,False,False,,False,
puppy-adoption-app,"GitHub_emulator_full, Other, Unit_Test",GitHub Actions,True,True,True,GitHub_emulator_full,False,
weather-app-compose,"GitHub_emulator_full, Other, Unit_Test",GitHub Actions,True,True,True,GitHub_emulator_full,False,
sonicear,Unit_Test,GitHub Actions,True,False,False,,False,
android-app,Unit_Test,Travis CI,True,False,False,,False,
grocy-android,Unit_Test,GitHub Actions,True,False,False,,False,
androidmakersapp,Unit_Test,GitHub Actions,True,False,False,,False,
awol,Unit_Test,GitHub Actions,True,False,False,,False,
sercommh300svoipcredentialsrecovery,Unit_Test,GitHub Actions,True,False,False,,False,
sercommh300svoipcredentialsrecovery,Unit_Test,GitHub Actions,True,False,False,,False,
sercommh300svoipcredentialsrecovery,Unit_Test,GitHub Actions,True,False,False,,False,
native-app,Unit_Test,GitHub Actions,True,False,False,,False,
native-app,Unit_Test,GitHub Actions,True,False,False,,False,
native-app,none,Travis CI,False,False,False,,False,
rebble-sideloader,Unit_Test,GitHub Actions,True,False,False,,False,
peercoin_flutter,"GitHub_emulator_full, Unit_Test",GitHub Actions,True,True,True,GitHub_emulator_full,False,
peercoin_flutter,Unit_Test,GitHub Actions,True,False,False,,False,
apng4android,Unit_Test,GitHub Actions,True,False,False,,False,
weiju-androidclient,Unit_Test,CircleCI,True,False,False,,False,
persian-calendar,"GitHub_emulator_full, Other, Unit_Test",GitHub Actions,True,True,True,GitHub_emulator_full,False,
persian-calendar,none,GitHub Actions,False,False,False,,False,
persian-calendar,Unit_Test,GitHub Actions,True,False,False,,False,
persian-calendar,Unit_Test,GitHub Actions,True,False,False,,False,
persian-calendar,Unit_Test,GitHub Actions,True,False,False,,False,
perun-eth-mobile,Unit_Test,GitHub Actions,True,False,False,,False,
covid_tracker,Unit_Test,GitHub Actions,True,False,False,,False,
mypetsage,Unit_Test,GitHub Actions,True,False,False,,False,
statex,Unit_Test,GitHub Actions,True,False,False,,False,
ditonton,Unit_Test,GitHub Actions,True,False,False,,False,
keepass2android,Unit_Test,GitHub Actions,True,False,False,,False,
whooby,none,GitHub Actions,False,False,False,,False,
deezerkmp,Unit_Test,GitHub Actions,True,False,False,,False,
deviantart,Unit_Test,GitHub Actions,True,False,False,,False,
client-android,"Travis_emulator_manual, Unit_Test",Travis CI,True,True,True,GitHub_emulator_manual,False,
jamuz-remote,Unit_Test,GitHub Actions,True,False,False,,False,
jamuz-remote,Unit_Test,GitHub Actions,True,False,False,,False,
foocam,none,Unknown,False,False,False,,False,
picardbarcodescanner,Unit_Test,GitHub Actions,True,False,False,,False,
picardbarcodescanner,Unit_Test,GitHub Actions,True,False,False,,False,
picardbarcodescanner,Unit_Test,GitHub Actions,True,False,False,,False,
drive,"Travis_emulator_manual, Unit_Test",Travis CI,True,True,True,GitHub_emulator_manual,False,
paper,"Travis_emulator_manual, Unit_Test",Travis CI,True,True,True,GitHub_emulator_manual,False,
android-http-server,Unit_Test,GitHub Actions,True,False,False,,False,
android-http-server,Unit_Test,GitHub Actions,True,False,False,,False,
robotv,Unit_Test,GitHub Actions,True,False,False,,False,
robotv,Unit_Test,GitHub Actions,True,False,False,,False,
superquiz,Unit_Test,GitHub Actions,True,False,False,,False,
fuelup,"Travis_emulator_manual, Unit_Test",Travis CI,True,True,True,GitHub_emulator_manual,False,
piwigo-android,"GitHub_emulator_manual, Unit_Test",GitHub Actions,True,True,True,GitHub_emulator_manual,False,
pixelcat,Unit_Test,GitHub Actions,True,False,False,,False,
khel-ke-baat-karen,Unit_Test,GitHub Actions,True,False,False,,False,
pjproject,Unit_Test,GitHub Actions,True,False,False,,False,
pjproject,Unit_Test,GitHub Actions,True,False,False,,False,
pjproject,Unit_Test,GitHub Actions,True,False,False,,False,
pjproject,Unit_Test,GitHub Actions,True,False,False,,False,
pjproject,Unit_Test,GitHub Actions,True,False,False,,False,
pjproject,Unit_Test,GitHub Actions,True,False,False,,False,
pjproject,Unit_Test,GitHub Actions,True,False,False,,False,
2022_2_wap_app_team1,Unit_Test,GitHub Actions,True,False,False,,False,
writeily-pro,none,Travis CI,False,False,False,,False,
plasma,Unit_Test,GitHub Actions,True,False,False,,False,
plasma,Unit_Test,GitHub Actions,True,False,False,,False,
forage,Unit_Test,CircleCI,True,False,False,,False,
einkbro,Unit_Test,GitHub Actions,True,False,False,,False,
einkbro,none,Travis CI,False,False,False,,False,
antennamap,Unit_Test,GitHub Actions,True,False,False,,False,
notes,Unit_Test,GitHub Actions,True,False,False,,False,
dart-jobs,Unit_Test,GitHub Actions,True,False,False,,False,
dart-jobs,Unit_Test,GitHub Actions,True,False,False,,False,
dart-jobs,Unit_Test,GitHub Actions,True,False,False,,False,
dart-jobs,Unit_Test,GitHub Actions,True,False,False,,False,
dart-jobs,Unit_Test,GitHub Actions,True,False,False,,False,
webtoon,Unit_Test,GitHub Actions,True,False,False,,False,
webtoon,Unit_Test,GitHub Actions,True,False,False,,False,
yaaic,none,Travis CI,False,False,False,,False,
android-ponewheel,Unit_Test,CircleCI,True,False,False,,False,
hearmenow-depressionchatbot-dialogflow,Unit_Test,Travis CI,True,False,False,,False,
greenstash,Unit_Test,GitHub Actions,True,False,False,,False,
greenstash,Unit_Test,GitHub Actions,True,False,False,,False,
tracktor-composeui,Unit_Test,GitHub Actions,True,False,False,,False,
mvoterandroid,Unit_Test,GitHub Actions,True,False,False,,False,
mvoterandroid,Unit_Test,GitHub Actions,True,False,False,,False,
kungfoo,Unit_Test,Travis CI,True,False,False,,False,
openmapkitandroid,"GitHub_emulator_manual, Unit_Test",GitHub Actions,True,True,True,GitHub_emulator_manual,False,
leaflet,Unit_Test,GitHub Actions,True,False,False,,False,
nyandroid,none,GitHub Actions,False,False,False,,False,
smsforwarder,Unit_Test,GitHub Actions,True,False,False,,False,
smsforwarder,Unit_Test,GitHub Actions,True,False,False,,False,
adb-wifi-setting-manager,Unit_Test,GitHub Actions,True,False,False,,False,
know-corona,Unit_Test,GitHub Actions,True,False,False,,False,
development_learning,Unit_Test,GitHub Actions,True,False,False,,False,
development_learning,Unit_Test,GitHub Actions,True,False,False,,False,
development_learning,Unit_Test,GitHub Actions,True,False,False,,False,
development_learning,Unit_Test,GitHub Actions,True,False,False,,False,
development_learning,none,GitHub Actions,False,False,False,,False,
development_learning,Unit_Test,GitHub Actions,True,False,False,,False,
development_learning,Unit_Test,GitHub Actions,True,False,False,,False,
chocobar,Unit_Test,GitHub Actions,True,False,False,,False,
vudit,Unit_Test,GitHub Actions,True,False,False,,False,
vudit,Unit_Test,GitHub Actions,True,False,False,,False,
vudit,Unit_Test,GitHub Actions,True,False,False,,False,
movieapp,"Travis_emulator_manual, Unit_Test",Travis CI,True,True,True,GitHub_emulator_manual,False,
expense-tracker,Unit_Test,GitHub Actions,True,False,False,,False,
expense-tracker,Unit_Test,GitHub Actions,True,False,False,,False,
topsed-speedometer,Unit_Test,GitHub Actions,True,False,False,,False,
topsed-speedometer,Unit_Test,GitHub Actions,True,False,False,,False,
basekotlinandroid,Unit_Test,GitHub Actions,True,False,False,,False,
calculator-inator,Unit_Test,GitHub Actions,True,False,False,,False,
humanizer,Unit_Test,GitHub Actions,True,False,False,,False,
astro,Unit_Test,GitHub Actions,True,False,False,,False,
astro,"GitHub_emulator_full, GitHub_emulator_manual, Other, Unit_Test",GitHub Actions,True,True,True,"GitHub_emulator_full, GitHub_emulator_manual",False,
astro,Unit_Test,GitHub Actions,True,False,False,,False,
pretixdroid,none,Unknown,False,False,False,,False,
pretixdroid,none,Travis CI,False,False,False,,False,
pretixprint-android,Unit_Test,GitHub Actions,True,False,False,,False,
pretixprint-android,Unit_Test,Unknown,True,False,False,,False,
pretixscan-android,Unit_Test,GitHub Actions,True,False,False,,False,
pretixscan-android,Unit_Test,GitHub Actions,True,False,False,,False,
opencamera-sensors,Unit_Test,GitHub Actions,True,False,False,,False,
opencamera-sensors,Unit_Test,GitHub Actions,True,False,False,,False,
opencamera-sensors,Unit_Test,GitHub Actions,True,False,False,,False,
irmamobile,Unit_Test,GitHub Actions,True,False,False,,False,
irmamobile,"Unit_Test, firebase_Full",GitHub Actions,True,True,False,,True,firebase_Full
notifier,Unit_Test,GitHub Actions,True,False,False,,False,
android-app-cortesia-webview,Unit_Test,GitHub Actions,True,False,False,,False,
android-super-app,Unit_Test,GitHub Actions,True,False,False,,False,
osrm-text-instructions,Unit_Test,CircleCI,True,False,False,,False,
antimalwareapp,Unit_Test,GitHub Actions,True,False,False,,False,
wifisdcryptolocker,"Travis_emulator_manual, Unit_Test",Travis CI,True,True,True,GitHub_emulator_manual,False,
anchored-behavior,"Travis_emulator_manual, Unit_Test",Travis CI,True,True,True,GitHub_emulator_manual,False,
blink-comparison,Unit_Test,GitHub Actions,True,False,False,,False,
blink-comparison,Unit_Test,GitHub Actions,True,False,False,,False,
opencomicvine,Unit_Test,GitHub Actions,True,False,False,,False,
adbclipboard,"GitHub_emulator_manual, Unit_Test",GitHub Actions,True,True,True,GitHub_emulator_manual,False,
android-app,Unit_Test,GitHub Actions,True,False,False,,False,
proxerandroid,Unit_Test,GitHub Actions,True,False,False,,False,
zeptobird,Unit_Test,Travis CI,True,False,False,,False,
nativescript-inappbrowser,Unit_Test,Travis CI,True,False,False,,False,
rutmath,Unit_Test,GitHub Actions,True,False,False,,False,
rutmath,Unit_Test,GitHub Actions,True,False,False,,False,
wormhole-william-mobile,Unit_Test,GitHub Actions,True,False,False,,False,
androidnotificationnotifier,Unit_Test,GitHub Actions,True,False,False,,False,
ble-starter-android,Unit_Test,CircleCI,True,False,False,,False,
purduelaundry-android,none,GitHub Actions,False,False,False,,False,
i2pd-android,Unit_Test,GitHub Actions,True,False,False,,False,
gitsurf,Unit_Test,GitHub Actions,True,False,False,,False,
searchtwitter,none,Travis CI,False,False,False,,False,
touch,Unit_Test,GitHub Actions,True,False,False,,False,
touch,Unit_Test,Travis CI,True,False,False,,False,
opentopomapviewer,Unit_Test,Travis CI,True,False,False,,False,
pyrrha-mobile-app,Unit_Test,GitHub Actions,True,False,False,,False,
pyrrha-mobile-app,Unit_Test,GitHub Actions,True,False,False,,False,
pyrrha-mobile-app,Unit_Test,GitHub Actions,True,False,False,,False,
encoder,Unit_Test,GitHub Actions,True,False,False,,False,
kotlinlogger,none,Travis CI,False,False,False,,False,
volunteery,Unit_Test,GitHub Actions,True,False,False,,False,
volunteery,Unit_Test,GitHub Actions,True,False,False,,False,
gdps-android-public,Unit_Test,GitHub Actions,True,False,False,,False,
gdps-android-public,Unit_Test,GitHub Actions,True,False,False,,False,
qiyutkandroid,Unit_Test,GitHub Actions,True,False,False,,False,
qiyutkandroid,none,GitHub Actions,False,False,False,,False,
qiyutkandroid,Unit_Test,GitHub Actions,True,False,False,,False,
anisched-android,none,GitHub Actions,False,False,False,,False,
netflix,Unit_Test,GitHub Actions,True,False,False,,False,
good-weather,none,Travis CI,False,False,False,,False,
dynamicnightlight,"Travis_emulator_manual, Unit_Test",Travis CI,True,True,True,GitHub_emulator_manual,False,
xiaomiode2code2022,Unit_Test,GitHub Actions,True,False,False,,False,
xiaomiode2code2022,Unit_Test,GitHub Actions,True,False,False,,False,
xiaomiode2code2022,Unit_Test,GitHub Actions,True,False,False,,False,
redreader,Unit_Test,GitHub Actions,True,False,False,,False,
holokenmod,none,Travis CI,False,False,False,,False,
sharetobrowser,none,Travis CI,False,False,False,,False,
qmbform,none,Travis CI,False,False,False,,False,
kidsphone,Unit_Test,GitHub Actions,True,False,False,,False,
kidsphone,Unit_Test,GitHub Actions,True,False,False,,False,
quria,Unit_Test,GitHub Actions,True,False,False,,False,
quria,Unit_Test,GitHub Actions,True,False,False,,False,
quria,Unit_Test,GitHub Actions,True,False,False,,False,
quria,none,GitHub Actions,False,False,False,,False,
deckbox,Unit_Test,GitHub Actions,True,False,False,,False,
deckbox,Unit_Test,GitHub Actions,True,False,False,,False,
deckbox,Unit_Test,GitHub Actions,True,False,False,,False,
gamedealz,none,CircleCI,False,False,False,,False,
raag,Unit_Test,GitHub Actions,True,False,False,,False,
radar-covid-android,Unit_Test,GitHub Actions,True,False,False,,False,
improov,Unit_Test,GitHub Actions,True,False,False,,False,
improov,Unit_Test,GitHub Actions,True,False,False,,False,
hilt-sandbox,"GitHub_emulator_full, Other, Unit_Test",GitHub Actions,True,True,True,GitHub_emulator_full,False,
mpp-kotlin,Unit_Test,GitHub Actions,True,False,False,,False,
social-app,"Other, Unit_Test",GitHub Actions,True,True,False,,False,
movies,Unit_Test,GitHub Actions,True,False,False,,False,
movies,Unit_Test,GitHub Actions,True,False,False,,False,
notes,"GitHub_emulator_full, Other, Unit_Test",GitHub Actions,True,True,True,GitHub_emulator_full,False,
simple-notes,Unit_Test,GitHub Actions,True,False,False,,False,
datepickertimeline,"GitHub_emulator_full, Unit_Test",GitHub Actions,True,True,True,GitHub_emulator_full,False,
videoeditor,Unit_Test,GitHub Actions,True,False,False,,False,
videoeditor,Unit_Test,GitHub Actions,True,False,False,,False,
videoeditor,Unit_Test,GitHub Actions,True,False,False,,False,
dictionary,Unit_Test,GitHub Actions,True,False,False,,False,
voice-calci,none,Travis CI,False,False,False,,False,
rsandroidapp,Unit_Test,GitHub Actions,True,False,False,,False,
rsandroidapp,Unit_Test,GitHub Actions,True,False,False,,False,
atrainingtracker,Unit_Test,Travis CI,True,False,False,,False,
file-explorer,Unit_Test,GitHub Actions,True,False,False,,False,
file-explorer,Unit_Test,GitHub Actions,True,False,False,,False,
android-navigation-with-compose,"GitHub_emulator_full, Other, Unit_Test",GitHub Actions,True,True,True,GitHub_emulator_full,False,
crazie,Unit_Test,GitHub Actions,True,False,False,,False,
crazie,Unit_Test,GitHub Actions,True,False,False,,False,
crazie,Unit_Test,GitHub Actions,True,False,False,,False,
notify-abroad,Unit_Test,GitHub Actions,True,False,False,,False,
didaktikapp,Unit_Test,GitHub Actions,True,False,False,,False,
activitydiary,none,Travis CI,False,False,False,,False,
pokedex-android,Unit_Test,GitHub Actions,True,False,False,,False,
rapidocrandroidonnxcompose,Unit_Test,GitHub Actions,True,False,False,,False,
current-activity,Unit_Test,GitHub Actions,True,False,False,,False,
current-activity,Unit_Test,GitHub Actions,True,False,False,,False,
mmdb,"Other, Unit_Test",GitHub Actions,True,True,False,,False,
mmdb,Unit_Test,GitHub Actions,True,False,False,,False,
mmdb,"Other, Unit_Test",GitHub Actions,True,True,False,,False,
mmdb,Unit_Test,GitHub Actions,True,False,False,,False,
movie-list-by-jetpack-compose-01,Unit_Test,GitHub Actions,True,False,False,,False,
android-simpletimetracker,"GitHub_emulator_full, Other, Unit_Test",GitHub Actions,True,True,True,GitHub_emulator_full,False,
android-simpletimetracker,Unit_Test,GitHub Actions,True,False,False,,False,
context_launcher,Unit_Test,GitHub Actions,True,False,False,,False,
release-probe,Unit_Test,CircleCI,True,False,False,,False,
release-probe,"GitHub_emulator_full, Other, Unit_Test",GitHub Actions,True,True,True,GitHub_emulator_full,False,
readlax,Unit_Test,GitHub Actions,True,False,False,,False,
android-app,Unit_Test,GitHub Actions,True,False,False,,False,
redgram-for-reddit,"Travis_emulator_manual, Unit_Test",Travis CI,True,True,True,GitHub_emulator_manual,False,
xabber-android,none,Travis CI,False,False,False,,False,
gif-wallpaper,Unit_Test,GitHub Actions,True,False,False,,False,
gif-wallpaper,Unit_Test,GitHub Actions,True,False,False,,False,
gif-wallpaper,Unit_Test,GitHub Actions,True,False,False,,False,
gif-wallpaper,Unit_Test,GitHub Actions,True,False,False,,False,
gif-wallpaper,Unit_Test,GitHub Actions,True,False,False,,False,
gif-wallpaper,Unit_Test,GitHub Actions,True,False,False,,False,
gif-wallpaper,Unit_Test,GitHub Actions,True,False,False,,False,
relaynet-gateway-android,"Other, Unit_Test, firebase_Compact",GitHub Actions,True,True,False,,True,firebase_Compact
relaynet-gateway-android,Unit_Test,GitHub Actions,True,False,False,,False,
scriptmanager,Unit_Test,GitHub Actions,True,False,False,,False,
colorpicker,none,Travis CI,False,False,False,,False,
edokuri,Unit_Test,GitHub Actions,True,False,False,,False,
textfairy,none,Travis CI,False,False,False,,False,
easer,"GitHub_emulator_full, Other, Unit_Test",GitHub Actions,True,True,True,GitHub_emulator_full,False,
easer,"GitHub_emulator_manual, Unit_Test",GitHub Actions,True,True,True,GitHub_emulator_manual,False,
encrypted-datastore,Unit_Test,GitHub Actions,True,False,False,,False,
eshop-android,Unit_Test,GitHub Actions,True,False,False,,False,
eshop-android,Unit_Test,GitHub Actions,True,False,False,,False,
eshop-android,Unit_Test,GitHub Actions,True,False,False,,False,
mygithubuser,Unit_Test,GitHub Actions,True,False,False,,False,
retrograde-android,none,Travis CI,False,False,False,,False,
paisa,none,GitHub Actions,False,False,False,,False,
retromusicplayer,Unit_Test,GitHub Actions,True,False,False,,False,
retroshare,none,GitHub Actions,False,False,False,,False,
retroshare,Unit_Test,Unknown,True,False,False,,False,
retroshare,none,Travis CI,False,False,False,,False,
android-twa,Unit_Test,GitHub Actions,True,False,False,,False,
android-twa,Unit_Test,GitHub Actions,True,False,False,,False,
recyclerkit,Unit_Test,GitHub Actions,True,False,False,,False,
recyclerkit,Unit_Test,GitHub Actions,True,False,False,,False,
recyclerkit,Unit_Test,GitHub Actions,True,False,False,,False,
recyclerkit,Unit_Test,GitHub Actions,True,False,False,,False,
recyclerkit,Unit_Test,GitHub Actions,True,False,False,,False,
levelprogressbar,none,Travis CI,False,False,False,,False,
rhvoice,Unit_Test,GitHub Actions,True,False,False,,False,
rhvoice,Unit_Test,GitHub Actions,True,False,False,,False,
rhvoice,Unit_Test,GitHub Actions,True,False,False,,False,
debtr,Unit_Test,GitHub Actions,True,False,False,,False,
debtr,Unit_Test,GitHub Actions,True,False,False,,False,
rugby-ranker,Unit_Test,GitHub Actions,True,False,False,,False,
adopt-me-compose,"GitHub_emulator_full, Other, Unit_Test",GitHub Actions,True,True,True,GitHub_emulator_full,False,
twitchapp,Unit_Test,GitHub Actions,True,False,False,,False,
crossplatformvsthost,"GitHub_emulator_full, Other, Unit_Test",GitHub Actions,True,True,True,GitHub_emulator_full,False,
weatherapp,Unit_Test,GitHub Actions,True,False,False,,False,
matcha,Unit_Test,CircleCI,True,False,False,,False,
compose-timer,"GitHub_emulator_full, Other, Unit_Test",GitHub Actions,True,True,True,GitHub_emulator_full,False,
dev-feed,Unit_Test,GitHub Actions,True,False,False,,False,
dev-feed,Unit_Test,GitHub Actions,True,False,False,,False,
dev-feed,Unit_Test,GitHub Actions,True,False,False,,False,
w203-canbus,Unit_Test,GitHub Actions,True,False,False,,False,
w203-canbus,Unit_Test,GitHub Actions,True,False,False,,False,
soundprofile,none,Travis CI,False,False,False,,False,
minimal_todo,Unit_Test,GitHub Actions,True,False,False,,False,
minimal_todo,none,Travis CI,False,False,False,,False,
churrascometro,none,Travis CI,False,False,False,,False,
scoutingapp,Unit_Test,GitHub Actions,True,False,False,,False,
roc-droid,Unit_Test,GitHub Actions,True,False,False,,False,
rocket,Unit_Test,CircleCI,True,False,False,,False,
muzesto,none,Travis CI,False,False,False,,False,
tracex,Unit_Test,GitHub Actions,True,False,False,,False,
autoscrolltextview,none,Travis CI,False,False,False,,False,
cachemanage,none,Travis CI,False,False,False,,False,
switchbutton,none,Travis CI,False,False,False,,False,
chatse,Unit_Test,CircleCI,True,False,False,,False,
android-base,Unit_Test,GitHub Actions,True,False,False,,False,
andriot,none,Travis CI,False,False,False,,False,
easywatermark,Unit_Test,GitHub Actions,True,False,False,,False,
easywatermark,Unit_Test,GitHub Actions,True,False,False,,False,
cofi,Unit_Test,GitHub Actions,True,False,False,,False,
cofi,Unit_Test,GitHub Actions,True,False,False,,False,
cofi,"GitHub_emulator_full, Unit_Test",GitHub Actions,True,True,True,GitHub_emulator_full,False,
cofi,Unit_Test,GitHub Actions,True,False,False,,False,
oeis-android,Unit_Test,GitHub Actions,True,False,False,,False,
oeis-android,Unit_Test,GitHub Actions,True,False,False,,False,
oeis-android,Unit_Test,GitHub Actions,True,False,False,,False,
tvhclient,Unit_Test,GitHub Actions,True,False,False,,False,
t4-launcher,Unit_Test,CircleCI,True,False,False,,False,
mtmods4android,Unit_Test,Travis CI,True,False,False,,False,
shopapp-android,Unit_Test,Travis CI,True,False,False,,False,
getback_gps,Unit_Test,GitHub Actions,True,False,False,,False,
file,none,Travis CI,False,False,False,,False,
runbhumi,Unit_Test,GitHub Actions,True,False,False,,False,
mooltik,Unit_Test,GitHub Actions,True,False,False,,False,
ruslin-android,Unit_Test,GitHub Actions,True,False,False,,False,
ruslin-android,Unit_Test,GitHub Actions,True,False,False,,False,
rust-keylock-android,none,Travis CI,False,False,False,,False,
unicodepad,Unit_Test,CircleCI,True,False,False,,False,
rebootmenu,Unit_Test,GitHub Actions,True,False,False,,False,
pr0gramm-flutter,Unit_Test,Unknown,True,False,False,,False,
raven-messenger,Unit_Test,Travis CI,True,False,False,,False,
dialerloading,none,Travis CI,False,False,False,,False,
heed,Unit_Test,GitHub Actions,True,False,False,,False,
sagernet,Unit_Test,GitHub Actions,True,False,False,,False,
sagernet,Unit_Test,GitHub Actions,True,False,False,,False,
sagernet,Unit_Test,GitHub Actions,True,False,False,,False,
sagernet,Unit_Test,GitHub Actions,True,False,False,,False,
sagernet,Unit_Test,GitHub Actions,True,False,False,,False,
sagernet,Unit_Test,GitHub Actions,True,False,False,,False,
sagernet,Unit_Test,GitHub Actions,True,False,False,,False,
sagernet,Unit_Test,GitHub Actions,True,False,False,,False,
sagernet,Unit_Test,GitHub Actions,True,False,False,,False,
sagernet,Unit_Test,GitHub Actions,True,False,False,,False,
sagernet,Unit_Test,GitHub Actions,True,False,False,,False,
garlic-launcher,Unit_Test,GitHub Actions,True,False,False,,False,
travis-jr,Unit_Test,Travis CI,True,False,False,,False,
seniordialerapp,Unit_Test,GitHub Actions,True,False,False,,False,
iptv,Unit_Test,GitHub Actions,True,False,False,,False,
sakura-android,Unit_Test,GitHub Actions,True,False,False,,False,
sakura-android,Unit_Test,GitHub Actions,True,False,False,,False,
deeplandroid,Unit_Test,GitHub Actions,True,False,False,,False,
currencies,Unit_Test,GitHub Actions,True,False,False,,False,
ndx,Unit_Test,GitHub Actions,True,False,False,,False,
finder,none,Travis CI,False,False,False,,False,
recyclerviewlisteners,Unit_Test,CircleCI,True,False,False,,False,
recyclerviewlisteners,Unit_Test,GitHub Actions,True,False,False,,False,
myanimeviewer,"Travis_emulator_manual, Unit_Test",Travis CI,True,True,True,GitHub_emulator_manual,False,
generation,Unit_Test,GitHub Actions,True,False,False,,False,
generation,Unit_Test,GitHub Actions,True,False,False,,False,
generation,Unit_Test,GitHub Actions,True,False,False,,False,
samourai-wallet-android,none,Travis CI,False,False,False,,False,
blackhole,Unit_Test,GitHub Actions,True,False,False,,False,
blackhole,Unit_Test,GitHub Actions,True,False,False,,False,
blackhole,Unit_Test,GitHub Actions,True,False,False,,False,
comicsapp,Unit_Test,Travis CI,True,False,False,,False,
popular-movies-android-nanodegree,Unit_Test,GitHub Actions,True,False,False,,False,
f5n,Unit_Test,GitHub Actions,True,False,False,,False,
glowbutton,Unit_Test,Travis CI,True,False,False,,False,
aspect-ratio-imageview,none,Travis CI,False,False,False,,False,
diagonal-imageview,none,Travis CI,False,False,False,,False,
empty-view,none,Travis CI,False,False,False,,False,
maskara,none,Travis CI,False,False,False,,False,
textmatcher,none,Travis CI,False,False,False,,False,
markdownr,Unit_Test,GitHub Actions,True,False,False,,False,
markdownr,Unit_Test,GitHub Actions,True,False,False,,False,
betteruntis,none,GitHub Actions,False,False,False,,False,
noticap,none,Travis CI,False,False,False,,False,
onliner,Unit_Test,Travis CI,True,False,False,,False,
tookit,Unit_Test,GitHub Actions,True,False,False,,False,
flappyface,none,GitHub Actions,False,False,False,,False,
android-customtabs,Unit_Test,GitHub Actions,True,False,False,,False,
android-customtabs,Unit_Test,GitHub Actions,True,False,False,,False,
birthdaycalendar,Unit_Test,Travis CI,True,False,False,,False,
planningpoker,Unit_Test,Unknown,True,False,False,,False,
planningpoker,none,Travis CI,False,False,False,,False,
dvachmovie,"Travis_emulator_manual, Unit_Test",Travis CI,True,True,True,GitHub_emulator_manual,False,
sasycakeawayapp,Unit_Test,GitHub Actions,True,False,False,,False,
sasycakeawayapp,Unit_Test,GitHub Actions,True,False,False,,False,
rxwebview,Unit_Test,CircleCI,True,False,False,,False,
fitofy-india,Unit_Test,GitHub Actions,True,False,False,,False,
uhuruphotos-android,Unit_Test,GitHub Actions,True,False,False,,False,
uhuruphotos-android,Unit_Test,GitHub Actions,True,False,False,,False,
uhuruphotos-android,Unit_Test,GitHub Actions,True,False,False,,False,
uhuruphotos-android,Unit_Test,GitHub Actions,True,False,False,,False,
uhuruphotos-android,none,GitHub Actions,False,False,False,,False,
uhuruphotos-android,Unit_Test,GitHub Actions,True,False,False,,False,
togglebuttonlayout,none,Travis CI,False,False,False,,False,
browse,none,Travis CI,False,False,False,,False,
my-bank,Unit_Test,GitHub Actions,True,False,False,,False,
my-bank,Unit_Test,GitHub Actions,True,False,False,,False,
my-bank,Unit_Test,GitHub Actions,True,False,False,,False,
nusic,Unit_Test,GitHub Actions,True,False,False,,False,
ics-openvpn,Unit_Test,GitHub Actions,True,False,False,,False,
ics-openvpn,none,Travis CI,False,False,False,,False,
blokish,Unit_Test,GitHub Actions,True,False,False,,False,
android-slideshow,none,Travis CI,False,False,False,,False,
phone-saver,none,Travis CI,False,False,False,,False,
scummvm,Unit_Test,GitHub Actions,True,False,False,,False,
scummvm,none,Unknown,False,False,False,,False,
herculade,Unit_Test,GitHub Actions,True,False,False,,False,
herculade,Unit_Test,GitHub Actions,True,False,False,,False,
herculade,Unit_Test,GitHub Actions,True,False,False,,False,
slim-launcher,Unit_Test,CircleCI,True,False,False,,False,
cz3002,Unit_Test,GitHub Actions,True,False,False,,False,
secured-app-android,Unit_Test,Travis CI,True,False,False,,False,
privacy-friendly-2048,Unit_Test,GitHub Actions,True,False,False,,False,
privacy-friendly-backup,Unit_Test,GitHub Actions,True,False,False,,False,
privacy-friendly-backup,Unit_Test,GitHub Actions,True,False,False,,False,
privacy-friendly-boardgame-clock,Unit_Test,GitHub Actions,True,False,False,,False,
privacy-friendly-dame,Unit_Test,GitHub Actions,True,False,False,,False,
privacy-friendly-dice-game,Unit_Test,GitHub Actions,True,False,False,,False,
privacy-friendly-dicer,Unit_Test,GitHub Actions,True,False,False,,False,
privacy-friendly-dicer,none,Travis CI,False,False,False,,False,
privacy-friendly-finance-manager,Unit_Test,GitHub Actions,True,False,False,,False,
privacy-friendly-food-tracker,Unit_Test,GitHub Actions,True,False,False,,False,
privacy-friendly-interval-timer,Unit_Test,GitHub Actions,True,False,False,,False,
privacy-friendly-ludo,Unit_Test,GitHub Actions,True,False,False,,False,
privacy-friendly-memo-game,Unit_Test,GitHub Actions,True,False,False,,False,
privacy-friendly-minesweeper,Unit_Test,GitHub Actions,True,False,False,,False,
privacy-friendly-notes,Unit_Test,GitHub Actions,True,False,False,,False,
privacy-friendly-notes,Unit_Test,GitHub Actions,True,False,False,,False,
privacy-friendly-pain-diary,Unit_Test,GitHub Actions,True,False,False,,False,
privacy-friendly-passwordgenerator,Unit_Test,GitHub Actions,True,False,False,,False,
privacy-friendly-passwordgenerator,none,GitHub Actions,False,False,False,,False,
privacy-friendly-pausing-healthily,Unit_Test,GitHub Actions,True,False,False,,False,
privacy-friendly-pedometer,Unit_Test,GitHub Actions,True,False,False,,False,
privacy-friendly-pedometer,Unit_Test,GitHub Actions,True,False,False,,False,
privacy-friendly-pin-mnemonic,Unit_Test,GitHub Actions,True,False,False,,False,
privacy-friendly-qr-scanner,Unit_Test,GitHub Actions,True,False,False,,False,
privacy-friendly-reckoning-skills,Unit_Test,GitHub Actions,True,False,False,,False,
privacy-friendly-ruler,Unit_Test,GitHub Actions,True,False,False,,False,
privacy-friendly-shopping-list,Unit_Test,GitHub Actions,True,False,False,,False,
privacy-friendly-sketching,Unit_Test,GitHub Actions,True,False,False,,False,
privacy-friendly-solitaire,Unit_Test,GitHub Actions,True,False,False,,False,
privacy-friendly-sudoku,Unit_Test,GitHub Actions,True,False,False,,False,
privacy-friendly-sudoku,Unit_Test,GitHub Actions,True,False,False,,False,
privacy-friendly-tape-measure,Unit_Test,GitHub Actions,True,False,False,,False,
privacy-friendly-todo-list,Unit_Test,GitHub Actions,True,False,False,,False,
privacy-friendly-todo-list,none,GitHub Actions,False,False,False,,False,
privacy-friendly-torchlight,Unit_Test,GitHub Actions,True,False,False,,False,
airguard,Unit_Test,GitHub Actions,True,False,False,,False,
seeneva-reader-android,Unit_Test,GitHub Actions,True,False,False,,False,
seeneva-reader-android,Unit_Test,GitHub Actions,True,False,False,,False,
sonofy,Unit_Test,GitHub Actions,True,False,False,,False,
sonofy,none,GitHub Actions,False,False,False,,False,
radiodroid,"CircleCI_emulator_manual, Unit_Test",CircleCI,True,True,True,GitHub_emulator_manual,False,
radiodroid,Unit_Test,GitHub Actions,True,False,False,,False,
radiodroid,"GitHub_emulator_compact, Other, Unit_Test",GitHub Actions,True,True,True,GitHub_emulator_compact,False,
radiodroid,Unit_Test,GitHub Actions,True,False,False,,False,
looper,"Travis_emulator_manual, Unit_Test",Travis CI,True,True,True,GitHub_emulator_manual,False,
glowing-potato,Unit_Test,Travis CI,True,False,False,,False,
numberslidingpicker,none,Travis CI,False,False,False,,False,
foundry,Unit_Test,GitHub Actions,True,False,False,,False,
marvelapp,Unit_Test,GitHub Actions,True,False,False,,False,
mss,Unit_Test,GitHub Actions,True,False,False,,False,
mss,none,GitHub Actions,False,False,False,,False,
mss,none,GitHub Actions,False,False,False,,False,
waifu,Unit_Test,GitHub Actions,True,False,False,,False,
feudaltactics,Unit_Test,GitHub Actions,True,False,False,,False,
photonet,Unit_Test,GitHub Actions,True,False,False,,False,
photonet,Unit_Test,GitHub Actions,True,False,False,,False,
compose-scrobbler,"GitHub_emulator_full, Other, Unit_Test",GitHub Actions,True,True,True,GitHub_emulator_full,False,
compose-scrobbler,Unit_Test,GitHub Actions,True,False,False,,False,
shadowsocks-android,Unit_Test,CircleCI,True,False,False,,False,
shadowsocks-android,none,Travis CI,False,False,False,,False,
android-dev-challenge-compose-week1,"GitHub_emulator_full, Other, Unit_Test",GitHub Actions,True,True,True,GitHub_emulator_full,False,
axion-technologies-hnh,Unit_Test,CircleCI,True,False,False,,False,
sozlik-android,Unit_Test,Travis CI,True,False,False,,False,
shake-it-android,Unit_Test,GitHub Actions,True,False,False,,False,
daily-learning-app,Unit_Test,GitHub Actions,True,False,False,,False,
daily-learning-app,Unit_Test,GitHub Actions,True,False,False,,False,
gitexplorer-android,Unit_Test,GitHub Actions,True,False,False,,False,
espionage,none,Unknown,False,False,False,,False,
car-server,none,Travis CI,False,False,False,,False,
readhub-rn,Unit_Test,GitHub Actions,True,False,False,,False,
readhub-rn,Unit_Test,GitHub Actions,True,False,False,,False,
readhub-rn,Unit_Test,GitHub Actions,True,False,False,,False,
stable-diffusion-android,Unit_Test,GitHub Actions,True,False,False,,False,
cyirc-mobile,Unit_Test,GitHub Actions,True,False,False,,False,
compose-breakingbad,Unit_Test,GitHub Actions,True,False,False,,False,
direct-net-share,none,Travis CI,False,False,False,,False,
shipr-community-android,Unit_Test,CircleCI,True,False,False,,False,
shipr-community-android,Unit_Test,GitHub Actions,True,False,False,,False,
shipr-community-android,Unit_Test,Travis CI,True,False,False,,False,
ocelot,Unit_Test,GitHub Actions,True,False,False,,False,
livepokemonfinder,none,GitHub Actions,False,False,False,,False,
marknote,none,Travis CI,False,False,False,,False,
my-music,Unit_Test,GitHub Actions,True,False,False,,False,
collapsible-calendar-view-android,Unit_Test,GitHub Actions,True,False,False,,False,
age-gender_estimation_tf-android,Unit_Test,GitHub Actions,True,False,False,,False,
simple_document_scanner_android,Unit_Test,GitHub Actions,True,False,False,,False,
insticomplaints-app,Unit_Test,GitHub Actions,True,False,False,,False,
badpixels,"Travis_emulator_manual, Unit_Test",Travis CI,True,True,True,GitHub_emulator_manual,False,
ny-times-popular-articles,Unit_Test,GitHub Actions,True,False,False,,False,
ny-times-popular-articles,Unit_Test,GitHub Actions,True,False,False,,False,
ny-times-popular-articles,"GitHub_emulator_full, GitHub_emulator_manual, Other, Unit_Test",GitHub Actions,True,True,True,"GitHub_emulator_full, GitHub_emulator_manual",False,
shopkart,Unit_Test,GitHub Actions,True,False,False,,False,
httptracking,Unit_Test,GitHub Actions,True,False,False,,False,
coordinatejoker,Unit_Test,GitHub Actions,True,False,False,,False,
coordinatejoker,Unit_Test,GitHub Actions,True,False,False,,False,
translate,Unit_Test,GitHub Actions,True,False,False,,False,
translate,Unit_Test,GitHub Actions,True,False,False,,False,
photos,Unit_Test,GitHub Actions,True,False,False,,False,
silence,"Unit_Test, Unknown_emulator_manual",Unknown,True,True,True,GitHub_emulator_manual,False,
bindapter,Unit_Test,Travis CI,True,False,False,,False,
conveyor,Unit_Test,GitHub Actions,True,False,False,,False,
simlar-android,none,GitHub Actions,False,False,False,,False,
stato_covid19_italia_android,Unit_Test,GitHub Actions,True,False,False,,False,
stato_covid19_italia_android,Unit_Test,GitHub Actions,True,False,False,,False,
klingar,none,CircleCI,False,False,False,,False,
tiles-for-developers,none,CircleCI,False,False,False,,False,
simple-login-android,Unit_Test,GitHub Actions,True,False,False,,False,
simple-login-android,Unit_Test,GitHub Actions,True,False,False,,False,
flutter,Unit_Test,GitHub Actions,True,False,False,,False,
simplex-chat,Unit_Test,GitHub Actions,True,False,False,,False,
simplex-chat,Unit_Test,GitHub Actions,True,False,False,,False,
simplex-chat,Unit_Test,GitHub Actions,True,False,False,,False,
flutter_japanese_restaurant_app,Unit_Test,GitHub Actions,True,False,False,,False,
knigopis,none,Travis CI,False,False,False,,False,
diary,Unit_Test,GitHub Actions,True,False,False,,False,
nepaltoday-app-old,Unit_Test,GitHub Actions,True,False,False,,False,
nepaltoday-app-old,"GitHub_emulator_manual, Unit_Test",GitHub Actions,True,True,True,GitHub_emulator_manual,False,
nepaltoday-app-old,Unit_Test,GitHub Actions,True,False,False,,False,
antispam,none,Travis CI,False,False,False,,False,
musicmanager,none,Travis CI,False,False,False,,False,
reader,Unit_Test,Travis CI,True,False,False,,False,
kite-app,Unit_Test,GitHub Actions,True,False,False,,False,
kite-app,Unit_Test,GitHub Actions,True,False,False,,False,
kite-app,Unit_Test,GitHub Actions,True,False,False,,False,
kite-app,Unit_Test,GitHub Actions,True,False,False,,False,
kite-app,Unit_Test,GitHub Actions,True,False,False,,False,
go4lunch,Unit_Test,Travis CI,True,False,False,,False,
flutter-learn,Unit_Test,GitHub Actions,True,False,False,,False,
flutter-learn,Unit_Test,GitHub Actions,True,False,False,,False,
codeblitzapp,Unit_Test,GitHub Actions,True,False,False,,False,
wellness_meter,Unit_Test,GitHub Actions,True,False,False,,False,
themoviedb,Unit_Test,GitHub Actions,True,False,False,,False,
yana,Unit_Test,GitHub Actions,True,False,False,,False,
stardroid,"GitHub_emulator_full, Unit_Test",GitHub Actions,True,True,True,GitHub_emulator_full,False,
stardroid,Unit_Test,GitHub Actions,True,False,False,,False,
stardroid,none,Travis CI,False,False,False,,False,
all-in-one,Unit_Test,CircleCI,True,False,False,,False,
disneymotions,Unit_Test,GitHub Actions,True,False,False,,False,
pokedex,Unit_Test,GitHub Actions,True,False,False,,False,
sealedx,Unit_Test,GitHub Actions,True,False,False,,False,
sealedx,Unit_Test,GitHub Actions,True,False,False,,False,
sealedx,Unit_Test,GitHub Actions,True,False,False,,False,
skytube,Unit_Test,GitHub Actions,True,False,False,,False,
skytube,none,Travis CI,False,False,False,,False,
skytubelegacy,Unit_Test,GitHub Actions,True,False,False,,False,
skytubelegacy,none,Travis CI,False,False,False,,False,
simpleaccounting,none,Travis CI,False,False,False,,False,
4pdaclient-plus,Unit_Test,GitHub Actions,True,False,False,,False,
4pdaclient-plus,Unit_Test,GitHub Actions,True,False,False,,False,
fulguris,Unit_Test,GitHub Actions,True,False,False,,False,
fulguris,Unit_Test,GitHub Actions,True,False,False,,False,
fulguris,Unit_Test,GitHub Actions,True,False,False,,False,
fulguris,Unit_Test,GitHub Actions,True,False,False,,False,
fulguris,Unit_Test,Travis CI,True,False,False,,False,
cv,none,CircleCI,False,False,False,,False,
sevibus,none,Travis CI,False,False,False,,False,
android2048,Unit_Test,CircleCI,True,False,False,,False,
simple-dilbert,none,Travis CI,False,False,False,,False,
packagemanager,Unit_Test,GitHub Actions,True,False,False,,False,
jsonviewer,none,Travis CI,False,False,False,,False,
snikket-android,Unit_Test,GitHub Actions,True,False,False,,False,
deedum,Unit_Test,GitHub Actions,True,False,False,,False,
animals3d,Unit_Test,GitHub Actions,True,False,False,,False,
torgi,none,GitHub Actions,False,False,False,,False,
appteka-android,none,Travis CI,False,False,False,,False,
drawa-android,none,CircleCI,False,False,False,,False,
drawa-android,none,Travis CI,False,False,False,,False,
mandarin-android,none,Travis CI,False,False,False,,False,
instigo,none,GitHub Actions,False,False,False,,False,
geonotesplus,Unit_Test,GitHub Actions,True,False,False,,False,
geonotesplus,Unit_Test,Unknown,True,False,False,,False,
aladin-aos,Unit_Test,GitHub Actions,True,False,False,,False,
soundcrowd,Unit_Test,GitHub Actions,True,False,False,,False,
soundcrowd,none,Travis CI,False,False,False,,False,
notepad,Unit_Test,GitHub Actions,True,False,False,,False,
notepad,"GitHub_emulator_full, GitHub_emulator_manual, Unit_Test",GitHub Actions,True,True,True,"GitHub_emulator_full, GitHub_emulator_manual",False,
notepad,Unit_Test,GitHub Actions,True,False,False,,False,
notepad,Unit_Test,GitHub Actions,True,False,False,,False,
cineaste-android,Unit_Test,GitHub Actions,True,False,False,,False,
otl-app,Unit_Test,GitHub Actions,True,False,False,,False,
otl-app,Unit_Test,GitHub Actions,True,False,False,,False,
otl-app,Unit_Test,GitHub Actions,True,False,False,,False,
otl-app,Unit_Test,GitHub Actions,True,False,False,,False,
otl-app,Unit_Test,GitHub Actions,True,False,False,,False,
otl-app,"GitHub_emulator_full, Unit_Test",GitHub Actions,True,True,True,GitHub_emulator_full,False,
epoch,Unit_Test,GitHub Actions,True,False,False,,False,
epoch,Unit_Test,GitHub Actions,True,False,False,,False,
jetquotes,Unit_Test,GitHub Actions,True,False,False,,False,
runstone,none,Travis CI,False,False,False,,False,
vlsm-subnet-mask-calculator,none,Travis CI,False,False,False,,False,
flutter-hackernews,Unit_Test,GitHub Actions,True,False,False,,False,
dreamdroid,none,Travis CI,False,False,False,,False,
quotes,"Travis_emulator_manual, Unit_Test",Travis CI,True,True,True,GitHub_emulator_manual,False,
newsapp,none,Travis CI,False,False,False,,False,
proximityservice,"Other, Unit_Test, firebase_Full",CircleCI,True,True,False,,True,firebase_Full
proximityservice,Unit_Test,GitHub Actions,True,False,False,,False,
parandroid,none,Unknown,False,False,False,,False,
parandroid,none,Travis CI,False,False,False,,False,
easyrepost,Unit_Test,GitHub Actions,True,False,False,,False,
peertube-android,Unit_Test,GitHub Actions,True,False,False,,False,
peertube-android,Unit_Test,GitHub Actions,True,False,False,,False,
todolist-react-native,Unit_Test,GitHub Actions,True,False,False,,False,
advanced-settings-for-android-wear,none,Travis CI,False,False,False,,False,
red-calorie,none,Travis CI,False,False,False,,False,
expandablebottombar,Unit_Test,CircleCI,True,False,False,,False,
native,Unit_Test,Unknown,True,False,False,,False,
native,Unit_Test,CircleCI,True,False,False,,False,
native,Unit_Test,GitHub Actions,True,False,False,,False,
native,Unit_Test,Travis CI,True,False,False,,False,
randomwordgenerator,none,Travis CI,False,False,False,,False,
manyverse,none,GitHub Actions,False,False,False,,False,
manyverse,none,GitHub Actions,False,False,False,,False,
manyverse,none,GitHub Actions,False,False,False,,False,
manyverse,Unit_Test,GitHub Actions,True,False,False,,False,
manyverse,Unit_Test,Unknown,True,False,False,,False,
movies_tmdb,none,Travis CI,False,False,False,,False,
app,Unit_Test,GitHub Actions,True,False,False,,False,
app,Unit_Test,GitHub Actions,True,False,False,,False,
app,none,GitHub Actions,False,False,False,,False,
app,Unit_Test,GitHub Actions,True,False,False,,False,
app,Unit_Test,GitHub Actions,True,False,False,,False,
app,Unit_Test,GitHub Actions,True,False,False,,False,
app,Unit_Test,GitHub Actions,True,False,False,,False,
app,Unit_Test,GitHub Actions,True,False,False,,False,
app,Unit_Test,GitHub Actions,True,False,False,,False,
app,Unit_Test,GitHub Actions,True,False,False,,False,
app,Unit_Test,GitHub Actions,True,False,False,,False,
app,Unit_Test,GitHub Actions,True,False,False,,False,
app,Unit_Test,GitHub Actions,True,False,False,,False,
dagashiapp,"GitHub_emulator_full, GitHub_emulator_manual, Other, Unit_Test",GitHub Actions,True,True,True,"GitHub_emulator_full, GitHub_emulator_manual",False,
dagashiapp,Unit_Test,GitHub Actions,True,False,False,,False,
dynamicoperu,Unit_Test,Travis CI,True,False,False,,False,
steedos-notification-center,none,GitHub Actions,False,False,False,,False,
nextcloud-deck,Unit_Test,GitHub Actions,True,False,False,,False,
nextcloud-deck,Unit_Test,GitHub Actions,True,False,False,,False,
nextcloud-tables,Unit_Test,GitHub Actions,True,False,False,,False,
nextcloud-tables,Unit_Test,GitHub Actions,True,False,False,,False,
kaesekaestchen,Unit_Test,GitHub Actions,True,False,False,,False,
freezer,none,Travis CI,False,False,False,,False,
flutter_developer_portfolio,Unit_Test,GitHub Actions,True,False,False,,False,
termux-app-bluetooth,Unit_Test,GitHub Actions,True,False,False,,False,
mausam-app,Unit_Test,GitHub Actions,True,False,False,,False,
flutter-ci-deployment,Unit_Test,GitHub Actions,True,False,False,,False,
stopstalk-android,Unit_Test,GitHub Actions,True,False,False,,False,
stopstalk-android,Unit_Test,GitHub Actions,True,False,False,,False,
notesnook,Unit_Test,GitHub Actions,True,False,False,,False,
notesnook,Unit_Test,GitHub Actions,True,False,False,,False,
notesnook,Unit_Test,GitHub Actions,True,False,False,,False,
notesnook,Unit_Test,GitHub Actions,True,False,False,,False,
notesnook,Unit_Test,GitHub Actions,True,False,False,,False,
notesnook,Unit_Test,GitHub Actions,True,False,False,,False,
notesnook,Unit_Test,GitHub Actions,True,False,False,,False,
notesnook,Unit_Test,GitHub Actions,True,False,False,,False,
notesnook,none,GitHub Actions,False,False,False,,False,
notesnook,Unit_Test,GitHub Actions,True,False,False,,False,
notesnook,Unit_Test,GitHub Actions,True,False,False,,False,
stroke-input-android,Unit_Test,GitHub Actions,True,False,False,,False,
cpymo,Unit_Test,GitHub Actions,True,False,False,,False,
acs-upb-mobile,Unit_Test,GitHub Actions,True,False,False,,False,
acs-upb-mobile,Unit_Test,GitHub Actions,True,False,False,,False,
acs-upb-mobile,Unit_Test,GitHub Actions,True,False,False,,False,
macrozilla,Unit_Test,GitHub Actions,True,False,False,,False,
macrozilla,Unit_Test,GitHub Actions,True,False,False,,False,
macrozilla,Unit_Test,GitHub Actions,True,False,False,,False,
macrozilla,Unit_Test,GitHub Actions,True,False,False,,False,
stylo,Unit_Test,GitHub Actions,True,False,False,,False,
enchantedfortress,Unit_Test,GitHub Actions,True,False,False,,False,
android-ocr,Unit_Test,GitHub Actions,True,False,False,,False,
last-launcher,Unit_Test,GitHub Actions,True,False,False,,False,
openinwa,Unit_Test,GitHub Actions,True,False,False,,False,
openinwa,none,Unknown,False,False,False,,False,
openinwa,none,Travis CI,False,False,False,,False,
quick-calculation,Unit_Test,GitHub Actions,True,False,False,,False,
calendar-import-export,Unit_Test,GitHub Actions,True,False,False,,False,
calendar-import-export,Unit_Test,GitHub Actions,True,False,False,,False,
pandroid,Unit_Test,GitHub Actions,True,False,False,,False,
pandroid,Unit_Test,GitHub Actions,True,False,False,,False,
memerizeapp,Unit_Test,GitHub Actions,True,False,False,,False,
starlord,Unit_Test,GitHub Actions,True,False,False,,False,
login-multi-role,Unit_Test,GitHub Actions,True,False,False,,False,
de-bloater,Unit_Test,GitHub Actions,True,False,False,,False,
snotz,Unit_Test,GitHub Actions,True,False,False,,False,
translator,none,Travis CI,False,False,False,,False,
customcalendar,none,GitHub Actions,False,False,False,,False,
robot-scouter,Unit_Test,GitHub Actions,True,False,False,,False,
kotlin-permissions,none,Travis CI,False,False,False,,False,
macronium-android,Unit_Test,GitHub Actions,True,False,False,,False,
macronium-android,Unit_Test,GitHub Actions,True,False,False,,False,
wordlecompose,Unit_Test,GitHub Actions,True,False,False,,False,
stk-code,Unit_Test,GitHub Actions,True,False,False,,False,
stk-code,Unit_Test,GitHub Actions,True,False,False,,False,
stk-code,Unit_Test,GitHub Actions,True,False,False,,False,
stk-code,Unit_Test,GitHub Actions,True,False,False,,False,
arduino-usb-terminal,Unit_Test,CircleCI,True,False,False,,False,
arduino-usb-terminal,"GitHub_emulator_full, Unit_Test",GitHub Actions,True,True,True,GitHub_emulator_full,False,
explorern,Unit_Test,GitHub Actions,True,False,False,,False,
mobile-jisho,"Travis_emulator_manual, Unit_Test",Travis CI,True,True,True,GitHub_emulator_manual,False,
circulartimer,Unit_Test,GitHub Actions,True,False,False,,False,
gocorona,Unit_Test,GitHub Actions,True,False,False,,False,
sustcast-android-app-v1,Unit_Test,GitHub Actions,True,False,False,,False,
pingo,Unit_Test,Travis CI,True,False,False,,False,
leon,Unit_Test,GitHub Actions,True,False,False,,False,
leon,Unit_Test,GitHub Actions,True,False,False,,False,
experiment-compose,Unit_Test,GitHub Actions,True,False,False,,False,
viz,Unit_Test,Travis CI,True,False,False,,False,
starkeverben,none,Travis CI,False,False,False,,False,
images-to-pdf,Unit_Test,Travis CI,True,False,False,,False,
bus-when-twin-cities,"Travis_emulator_manual, Unit_Test",Travis CI,True,True,True,GitHub_emulator_manual,False,
textmatic,Unit_Test,GitHub Actions,True,False,False,,False,
textmatic,Unit_Test,GitHub Actions,True,False,False,,False,
swisscovid-app-android,"GitHub_emulator_full, Unit_Test",GitHub Actions,True,True,True,GitHub_emulator_full,False,
swisscovid-app-android,Unit_Test,GitHub Actions,True,False,False,,False,
swisscovid-app-android,Unit_Test,GitHub Actions,True,False,False,,False,
swisscovid-app-android,Unit_Test,GitHub Actions,True,False,False,,False,
lemuroid,Unit_Test,GitHub Actions,True,False,False,,False,
lemuroid,Unit_Test,GitHub Actions,True,False,False,,False,
vmconsole,Unit_Test,GitHub Actions,True,False,False,,False,
myntratinder,"Travis_emulator_manual, Unit_Test",Travis CI,True,True,True,GitHub_emulator_manual,False,
itracing2,none,CircleCI,False,False,False,,False,
meeroo,Unit_Test,GitHub Actions,True,False,False,,False,
valenbisi,Unit_Test,GitHub Actions,True,False,False,,False,
szkolny-android,Unit_Test,GitHub Actions,True,False,False,,False,
szkolny-android,none,GitHub Actions,False,False,False,,False,
szkolny-android,Unit_Test,GitHub Actions,True,False,False,,False,
fridgexlight,Unit_Test,GitHub Actions,True,False,False,,False,
download-navi,Unit_Test,GitHub Actions,True,False,False,,False,
tailscale-android,Unit_Test,GitHub Actions,True,False,False,,False,
tailscale-android,Unit_Test,GitHub Actions,True,False,False,,False,
wasp-os-companion,Unit_Test,GitHub Actions,True,False,False,,False,
skywayclient,Unit_Test,GitHub Actions,True,False,False,,False,
android-lock9view,none,Travis CI,False,False,False,,False,
cnode-material-design,none,Travis CI,False,False,False,,False,
wifiindoorpositioning,none,Travis CI,False,False,False,,False,
passport-reader,Unit_Test,GitHub Actions,True,False,False,,False,
passport-reader,Unit_Test,GitHub Actions,True,False,False,,False,
material-intro-screen,none,Travis CI,False,False,False,,False,
blog,Unit_Test,GitHub Actions,True,False,False,,False,
blog,Unit_Test,GitHub Actions,True,False,False,,False,
napkin-collect-android,Unit_Test,GitHub Actions,True,False,False,,False,
documentocr,"GitHub_emulator_manual, Unit_Test",GitHub Actions,True,True,True,GitHub_emulator_manual,False,
stud,Unit_Test,GitHub Actions,True,False,False,,False,
tasks,Unit_Test,GitHub Actions,True,False,False,,False,
tasks,"GitHub_emulator_full, Unit_Test",GitHub Actions,True,True,True,GitHub_emulator_full,False,
hackdash,none,Travis CI,False,False,False,,False,
tblauncher,none,GitHub Actions,False,False,False,,False,
tblauncher,Unit_Test,GitHub Actions,True,False,False,,False,
tblauncher,none,GitHub Actions,False,False,False,,False,
dms-android,Unit_Test,GitHub Actions,True,False,False,,False,
dui-android,Unit_Test,GitHub Actions,True,False,False,,False,
simtong-android,Unit_Test,GitHub Actions,True,False,False,,False,
peekabook-aos,Unit_Test,GitHub Actions,True,False,False,,False,
amazefilemanager,none,GitHub Actions,False,False,False,,False,
amazefilemanager,Unit_Test,GitHub Actions,True,False,False,,False,
amazefilemanager,none,GitHub Actions,False,False,False,,False,
amazefilemanager,Unit_Test,GitHub Actions,True,False,False,,False,
amazefilemanager,"GitHub_emulator_full, GitHub_emulator_manual, Unit_Test",GitHub Actions,True,True,True,"GitHub_emulator_full, GitHub_emulator_manual",False,
btcmap-android,Unit_Test,GitHub Actions,True,False,False,,False,
mascota-android,Unit_Test,GitHub Actions,True,False,False,,False,
newpipe,"GitHub_emulator_full, Unit_Test",GitHub Actions,True,True,True,GitHub_emulator_full,False,
newpipe,Unit_Test,GitHub Actions,True,False,False,,False,
newpipe,Unit_Test,GitHub Actions,True,False,False,,False,
subtlenews_android_app,none,Travis CI,False,False,False,,False,
sohappy,Unit_Test,GitHub Actions,True,False,False,,False,
sohappy,Unit_Test,GitHub Actions,True,False,False,,False,
sotired,Unit_Test,GitHub Actions,True,False,False,,False,
projectconf,"GitHub_emulator_compact, Unit_Test",GitHub Actions,True,True,True,GitHub_emulator_compact,False,
jtxboard,Unit_Test,GitHub Actions,True,False,False,,False,
jtxboard,"GitHub_emulator_full, GitHub_emulator_manual, Unit_Test",GitHub Actions,True,True,True,"GitHub_emulator_full, GitHub_emulator_manual",False,
jtxboard,"GitHub_GMD, Other, Unit_Test",GitHub Actions,True,True,True,GitHub_GMD,False,
jtxboard,Unit_Test,GitHub Actions,True,False,False,,False,
jtxboard,Unit_Test,GitHub Actions,True,False,False,,False,
jtxboard,Unit_Test,Unknown,True,False,False,,False,
todone,Unit_Test,GitHub Actions,True,False,False,,False,
wantum-android,Unit_Test,GitHub Actions,True,False,False,,False,
enginedatalogger---dashboard,Unit_Test,GitHub Actions,True,False,False,,False,
enginedatalogger---dashboard,none,Travis CI,False,False,False,,False,
flutter_book,Unit_Test,GitHub Actions,True,False,False,,False,
mutify,Unit_Test,GitHub Actions,True,False,False,,False,
whats-nearby,"GitHub_emulator_manual, Unit_Test",GitHub Actions,True,True,True,GitHub_emulator_manual,False,
telegram-sms,Unit_Test,GitHub Actions,True,False,False,,False,
exif-thumbnail-adder,"GitHub_emulator_full, GitHub_emulator_manual, Unit_Test",GitHub Actions,True,True,True,"GitHub_emulator_full, GitHub_emulator_manual",False,
t-tasks,Unit_Test,Travis CI,True,False,False,,False,
tes3mp-android,none,Travis CI,False,False,False,,False,
termux-api,Unit_Test,GitHub Actions,True,False,False,,False,
termux-api,Unit_Test,GitHub Actions,True,False,False,,False,
termux-app,Unit_Test,GitHub Actions,True,False,False,,False,
termux-app,Unit_Test,GitHub Actions,True,False,False,,False,
termux-app,Unit_Test,GitHub Actions,True,False,False,,False,
termux-app,Unit_Test,GitHub Actions,True,False,False,,False,
termux-app,Unit_Test,GitHub Actions,True,False,False,,False,
termux-boot,Unit_Test,GitHub Actions,True,False,False,,False,
termux-float,Unit_Test,GitHub Actions,True,False,False,,False,
termux-float,Unit_Test,GitHub Actions,True,False,False,,False,
termux-styling,Unit_Test,GitHub Actions,True,False,False,,False,
termux-styling,Unit_Test,GitHub Actions,True,False,False,,False,
transtone,Unit_Test,GitHub Actions,True,False,False,,False,
android-app,none,Travis CI,False,False,False,,False,
guideapp,none,Travis CI,False,False,False,,False,
hair-segmentation,none,Travis CI,False,False,False,,False,
splum,Unit_Test,GitHub Actions,True,False,False,,False,
splum,Unit_Test,GitHub Actions,True,False,False,,False,
the-blue-alliance-android,Unit_Test,GitHub Actions,True,False,False,,False,
mobile,none,GitHub Actions,False,False,False,,False,
webmon,Unit_Test,Unknown,True,False,False,,False,
kanaquiz,"Other, Unit_Test, firebase_Full",CircleCI,True,True,False,,True,firebase_Full
kanaquiz,"GitHub_emulator_manual, Unit_Test",GitHub Actions,True,True,True,GitHub_emulator_manual,False,
gymaths,none,GitHub Actions,False,False,False,,False,
rithle,Unit_Test,GitHub Actions,True,False,False,,False,
space-trashman-blues,Unit_Test,GitHub Actions,True,False,False,,False,
space-trashman-blues,Unit_Test,GitHub Actions,True,False,False,,False,
space-trashman-blues,Unit_Test,GitHub Actions,True,False,False,,False,
robot-recharge,Unit_Test,GitHub Actions,True,False,False,,False,
idee-android,Unit_Test,CircleCI,True,False,False,,False,
rootlessjamesdsp,Unit_Test,GitHub Actions,True,False,False,,False,
rootlessjamesdsp,Unit_Test,GitHub Actions,True,False,False,,False,
vaccinfoapp,Unit_Test,GitHub Actions,True,False,False,,False,
ltecleanerfoss,Unit_Test,GitHub Actions,True,False,False,,False,
linux-mon,Unit_Test,GitHub Actions,True,False,False,,False,
android-taxi-client,none,Travis CI,False,False,False,,False,
watchdone,Unit_Test,GitHub Actions,True,False,False,,False,
watchdone,Unit_Test,GitHub Actions,True,False,False,,False,
gifit,Unit_Test,GitHub Actions,True,False,False,,False,
client,none,Travis CI,False,False,False,,False,
faker,"Travis_emulator_manual, Unit_Test",Travis CI,True,True,True,GitHub_emulator_manual,False,
apg,Unit_Test,Travis CI,True,False,False,,False,
android-odeon,Unit_Test,GitHub Actions,True,False,False,,False,
notely,Unit_Test,GitHub Actions,True,False,False,,False,
handy,Unit_Test,GitHub Actions,True,False,False,,False,
zephyr,Unit_Test,GitHub Actions,True,False,False,,False,
android-nfc-timestamp,Unit_Test,GitHub Actions,True,False,False,,False,
android-nfc-timestamp,Unit_Test,GitHub Actions,True,False,False,,False,
android-nfc-timestamp,Unit_Test,GitHub Actions,True,False,False,,False,
android-nfc-timestamp,Unit_Test,GitHub Actions,True,False,False,,False,
android-nfc-timestamp,Unit_Test,GitHub Actions,True,False,False,,False,
android-nfc-timestamp,Unit_Test,GitHub Actions,True,False,False,,False,
android-nfc-timestamp,Unit_Test,GitHub Actions,True,False,False,,False,
thu-info-app,Unit_Test,GitHub Actions,True,False,False,,False,
thu-info-app,Unit_Test,GitHub Actions,True,False,False,,False,
k-9,Unit_Test,GitHub Actions,True,False,False,,False,
k-9,Unit_Test,GitHub Actions,True,False,False,,False,
k-9,Unit_Test,GitHub Actions,True,False,False,,False,
your-local-weather,none,Travis CI,False,False,False,,False,
mobilert,"GitHub_emulator_full, Unit_Test",GitHub Actions,True,True,True,GitHub_emulator_full,False,
mobilert,"GitHub_emulator_full, Unit_Test",GitHub Actions,True,True,True,GitHub_emulator_full,False,
mobilert,Unit_Test,GitHub Actions,True,False,False,,False,
mobilert,Unit_Test,GitHub Actions,True,False,False,,False,
mobilert,Unit_Test,GitHub Actions,True,False,False,,False,
mobilert,Unit_Test,GitHub Actions,True,False,False,,False,
mobilert,Unit_Test,GitHub Actions,True,False,False,,False,
photochat,Unit_Test,GitHub Actions,True,False,False,,False,
photochat,Unit_Test,GitHub Actions,True,False,False,,False,
photochat,Unit_Test,GitHub Actions,True,False,False,,False,
photochat,"GitHub_emulator_full, Other, Unit_Test",GitHub Actions,True,True,True,GitHub_emulator_full,False,
calculadhora,Unit_Test,GitHub Actions,True,False,False,,False,
imagepicker,none,Travis CI,False,False,False,,False,
cdlc_player,Unit_Test,GitHub Actions,True,False,False,,False,
timer-machine-android,Unit_Test,GitHub Actions,True,False,False,,False,
system-bridge-android-companion,none,GitHub Actions,False,False,False,,False,
system-bridge-android-companion,Unit_Test,GitHub Actions,True,False,False,,False,
system-bridge-android-companion,Unit_Test,GitHub Actions,True,False,False,,False,
system-bridge-android-companion,Unit_Test,GitHub Actions,True,False,False,,False,
system-bridge-android-companion,Unit_Test,GitHub Actions,True,False,False,,False,
system-bridge-android-companion,Unit_Test,GitHub Actions,True,False,False,,False,
chainmetric-app,Unit_Test,GitHub Actions,True,False,False,,False,
notipush,Unit_Test,CircleCI,True,False,False,,False,
covidtoday-android,Unit_Test,GitHub Actions,True,False,False,,False,
cis-android,Unit_Test,GitHub Actions,True,False,False,,False,
cis-android,"GitHub_emulator_full, Other, Unit_Test",GitHub Actions,True,True,True,GitHub_emulator_full,False,
cis-android,Unit_Test,GitHub Actions,True,False,False,,False,
cis-android,Unit_Test,GitHub Actions,True,False,False,,False,
flaiter,Unit_Test,GitHub Actions,True,False,False,,False,
balanduinoandroidapp,none,Travis CI,False,False,False,,False,
api-request,Unit_Test,GitHub Actions,True,False,False,,False,
api-request,Unit_Test,GitHub Actions,True,False,False,,False,
composethemeswitch,Unit_Test,GitHub Actions,True,False,False,,False,
binocularss,Unit_Test,GitHub Actions,True,False,False,,False,
ffupdater,Unit_Test,GitHub Actions,True,False,False,,False,
ffupdater,Unit_Test,GitHub Actions,True,False,False,,False,
wearkit,Unit_Test,GitHub Actions,True,False,False,,False,
wearkit,Unit_Test,GitHub Actions,True,False,False,,False,
btox,Unit_Test,GitHub Actions,True,False,False,,False,
easy_xkcd,Unit_Test,GitHub Actions,True,False,False,,False,
tomb5,Unit_Test,Unknown,True,False,False,,False,
tomb5,none,Travis CI,False,False,False,,False,
kitchenowl,Unit_Test,GitHub Actions,True,False,False,,False,
kitchenowl,Unit_Test,GitHub Actions,True,False,False,,False,
kitchenowl,Unit_Test,GitHub Actions,True,False,False,,False,
kitchenowl,Unit_Test,GitHub Actions,True,False,False,,False,
kitchenowl,Unit_Test,GitHub Actions,True,False,False,,False,
kitchenowl,Unit_Test,GitHub Actions,True,False,False,,False,
rabbitmq-management-android,Unit_Test,Travis CI,True,False,False,,False,
gh-release-monitor,Unit_Test,GitHub Actions,True,False,False,,False,
gh-release-monitor,Unit_Test,GitHub Actions,True,False,False,,False,
gh-release-monitor,Unit_Test,GitHub Actions,True,False,False,,False,
gh-release-monitor,Unit_Test,GitHub Actions,True,False,False,,False,
gh-release-monitor,Unit_Test,GitHub Actions,True,False,False,,False,
eh-redux,Unit_Test,GitHub Actions,True,False,False,,False,
eh-redux,Unit_Test,GitHub Actions,True,False,False,,False,
eh-redux,Unit_Test,GitHub Actions,True,False,False,,False,
troutoss,Unit_Test,CircleCI,True,False,False,,False,
latticify,none,Travis CI,False,False,False,,False,
packman,none,GitHub Actions,False,False,False,,False,
packman,none,GitHub Actions,False,False,False,,False,
magisk,Unit_Test,GitHub Actions,True,False,False,,False,
androidthings-mirror,none,CircleCI,False,False,False,,False,
btle-scanner-compat,none,Travis CI,False,False,False,,False,
ueno,Unit_Test,GitHub Actions,True,False,False,,False,
ueno,Unit_Test,GitHub Actions,True,False,False,,False,
ueno,Unit_Test,GitHub Actions,True,False,False,,False,
ueno,Unit_Test,GitHub Actions,True,False,False,,False,
ueno,Unit_Test,GitHub Actions,True,False,False,,False,
ueno,Unit_Test,GitHub Actions,True,False,False,,False,
ueno,Unit_Test,GitHub Actions,True,False,False,,False,
medusa,Unit_Test,GitHub Actions,True,False,False,,False,
framer,Unit_Test,GitHub Actions,True,False,False,,False,
urlchecker,Unit_Test,GitHub Actions,True,False,False,,False,
urlchecker,Unit_Test,GitHub Actions,True,False,False,,False,
urlchecker,Unit_Test,GitHub Actions,True,False,False,,False,
urlchecker,Unit_Test,GitHub Actions,True,False,False,,False,
urlchecker,Unit_Test,GitHub Actions,True,False,False,,False,
urlchecker,Unit_Test,GitHub Actions,True,False,False,,False,
urlchecker,Unit_Test,GitHub Actions,True,False,False,,False,
urlchecker,Unit_Test,GitHub Actions,True,False,False,,False,
urlchecker,Unit_Test,GitHub Actions,True,False,False,,False,
obsqr,none,GitHub Actions,False,False,False,,False,
talalarmo,none,GitHub Actions,False,False,False,,False,
trinkster,Unit_Test,CircleCI,True,False,False,,False,
android-segmentview,none,Travis CI,False,False,False,,False,
tripmobile,none,Unknown,False,False,False,,False,
android-app,"GitHub_emulator_full, Unit_Test",GitHub Actions,True,True,True,GitHub_emulator_full,False,
android-app,Unit_Test,GitHub Actions,True,False,False,,False,
kotlin-surfaceduo-duobahn,Unit_Test,GitHub Actions,True,False,False,,False,
colors_ai,Unit_Test,GitHub Actions,True,False,False,,False,
colors_ai,Unit_Test,GitHub Actions,True,False,False,,False,
colors_ai,Unit_Test,GitHub Actions,True,False,False,,False,
colors_ai,Unit_Test,GitHub Actions,True,False,False,,False,
colors_ai,Unit_Test,GitHub Actions,True,False,False,,False,
colors_ai,Unit_Test,GitHub Actions,True,False,False,,False,
colors_ai,Unit_Test,GitHub Actions,True,False,False,,False,
colors_ai,Unit_Test,GitHub Actions,True,False,False,,False,
premiumer,none,Travis CI,False,False,False,,False,
candymem,Unit_Test,CircleCI,True,False,False,,False,
aggregator-android,Unit_Test,GitHub Actions,True,False,False,,False,
campus-android,Unit_Test,GitHub Actions,True,False,False,,False,
webmark,"Other, Unit_Test, firebase_Full",GitHub Actions,True,True,False,,True,firebase_Full
android-beacon-mqtt,none,Travis CI,False,False,False,,False,
powerbutton,Unit_Test,Unknown,True,False,False,,False,
powerbutton,none,Travis CI,False,False,False,,False,
ytalarm,"GitHub_emulator_full, Unit_Test",GitHub Actions,True,True,True,GitHub_emulator_full,False,
ytalarm,Unit_Test,GitHub Actions,True,False,False,,False,
ytalarm,Unit_Test,GitHub Actions,True,False,False,,False,
ytalarm,Unit_Test,GitHub Actions,True,False,False,,False,
paladins-edge-client,Unit_Test,GitHub Actions,True,False,False,,False,
paladins-edge-client,Unit_Test,GitHub Actions,True,False,False,,False,
paladins-edge-client,Unit_Test,GitHub Actions,True,False,False,,False,
tutanota,Unit_Test,GitHub Actions,True,False,False,,False,
tutanota,Unit_Test,GitHub Actions,True,False,False,,False,
twidere-android,Unit_Test,GitHub Actions,True,False,False,,False,
twiderex-android,"GitHub_emulator_full, Unit_Test",GitHub Actions,True,True,True,GitHub_emulator_full,False,
twiderex-android,"GitHub_emulator_full, Unit_Test",GitHub Actions,True,True,True,GitHub_emulator_full,False,
twiderex-android,Unit_Test,GitHub Actions,True,False,False,,False,
twiderex-android,Unit_Test,GitHub Actions,True,False,False,,False,
twilio-video-app-android,"Unit_Test, firebase_Full",CircleCI,True,True,False,,True,firebase_Full
twire,"GitHub_emulator_full, GitHub_emulator_manual, Unit_Test",GitHub Actions,True,True,True,"GitHub_emulator_full, GitHub_emulator_manual",False,
spannablex,Unit_Test,GitHub Actions,True,False,False,,False,
spannablex,Unit_Test,GitHub Actions,True,False,False,,False,
tucanmobile,none,Travis CI,False,False,False,,False,
awaken,none,Travis CI,False,False,False,,False,
pokebase,Unit_Test,CircleCI,True,False,False,,False,
pokebase,Unit_Test,Travis CI,True,False,False,,False,
stack,Unit_Test,GitHub Actions,True,False,False,,False,
stack,Unit_Test,GitHub Actions,True,False,False,,False,
2048-battles,Unit_Test,CircleCI,True,False,False,,False,
ptsd-aid,"Unit_Test, firebase_Full",CircleCI,True,True,False,,True,firebase_Full
ludere,Unit_Test,GitHub Actions,True,False,False,,False,
obdgraphs,"GitHub_emulator_full, Unit_Test",GitHub Actions,True,True,True,GitHub_emulator_full,False,
android-object-detection,none,Travis CI,False,False,False,,False,
flutter,Unit_Test,GitHub Actions,True,False,False,,False,
weechat-android,Unit_Test,GitHub Actions,True,False,False,,False,
2048-android,none,Travis CI,False,False,False,,False,
comp0016_2020_21_team25,Unit_Test,GitHub Actions,True,False,False,,False,
comp0016_2020_21_team25,Unit_Test,GitHub Actions,True,False,False,,False,
comp0016_2020_21_team25,Unit_Test,GitHub Actions,True,False,False,,False,
comp0016_2020_21_team26,Unit_Test,GitHub Actions,True,False,False,,False,
gauchoshare,Unit_Test,GitHub Actions,True,False,False,,False,
crimsonota,Unit_Test,GitHub Actions,True,False,False,,False,
uhooipicbook-android,none,GitHub Actions,False,False,False,,False,
uhooipicbook-android,Unit_Test,GitHub Actions,True,False,False,,False,
uhooipicbook-android,Unit_Test,GitHub Actions,True,False,False,,False,
uhooipicbook-android,Unit_Test,GitHub Actions,True,False,False,,False,
afwall,Unit_Test,GitHub Actions,True,False,False,,False,
ghala-android,Unit_Test,GitHub Actions,True,False,False,,False,
my-fitness-app,Unit_Test,GitHub Actions,True,False,False,,False,
lilaoftheday_android,"GitHub_emulator_manual, Unit_Test",GitHub Actions,True,True,True,GitHub_emulator_manual,False,
norimaki,Unit_Test,CircleCI,True,False,False,,False,
pet-owner-app,Unit_Test,GitHub Actions,True,False,False,,False,
noisecapture,Unit_Test,GitHub Actions,True,False,False,,False,
care4ther-,Unit_Test,GitHub Actions,True,False,False,,False,
deltacamera,Unit_Test,GitHub Actions,True,False,False,,False,
clicli-dark,none,GitHub Actions,False,False,False,,False,
clicli-dark,none,GitHub Actions,False,False,False,,False,
wollok-mobile,Unit_Test,GitHub Actions,True,False,False,,False,
wollok-mobile,Unit_Test,GitHub Actions,True,False,False,,False,
gearshift,Unit_Test,Travis CI,True,False,False,,False,
baldphone,Unit_Test,GitHub Actions,True,False,False,,False,
baldphone,"GitHub_emulator_manual, Unit_Test",GitHub Actions,True,True,True,GitHub_emulator_manual,False,
stax,Unit_Test,GitHub Actions,True,False,False,,False,
stax,Unit_Test,GitHub Actions,True,False,False,,False,
stax,Unit_Test,GitHub Actions,True,False,False,,False,
stax,"GitHub_GMD, Other, Unit_Test",GitHub Actions,True,True,True,GitHub_GMD,False,
utox,none,Unknown,False,False,False,,False,
utox,Unit_Test,GitHub Actions,True,False,False,,False,
utox,Unit_Test,Unknown,True,False,False,,False,
drona,none,Travis CI,False,False,False,,False,
unicode,Unit_Test,GitHub Actions,True,False,False,,False,
android,Unit_Test,GitHub Actions,True,False,False,,False,
android,Unit_Test,GitHub Actions,True,False,False,,False,
notesx,none,GitHub Actions,False,False,False,,False,
sociofy,Unit_Test,GitHub Actions,True,False,False,,False,
sociofy,Unit_Test,GitHub Actions,True,False,False,,False,
vanilla,none,Travis CI,False,False,False,,False,
twittnuker,none,GitHub Actions,False,False,False,,False,
compose-material-dialogs,"GitHub_emulator_full, Other, Unit_Test",GitHub Actions,True,True,True,GitHub_emulator_full,False,
compose-material-dialogs,Unit_Test,GitHub Actions,True,False,False,,False,
hyperupnp,Unit_Test,GitHub Actions,True,False,False,,False,
scoreboard,Unit_Test,Travis CI,True,False,False,,False,
element-android,Unit_Test,GitHub Actions,True,False,False,,False,
element-android,Unit_Test,GitHub Actions,True,False,False,,False,
element-android,Unit_Test,GitHub Actions,True,False,False,,False,
element-android,Unit_Test,GitHub Actions,True,False,False,,False,
element-android,Unit_Test,GitHub Actions,True,False,False,,False,
element-android,Unit_Test,GitHub Actions,True,False,False,,False,
element-android,Unit_Test,GitHub Actions,True,False,False,,False,
element-android,"GitHub_emulator_full, Other, Unit_Test",GitHub Actions,True,True,True,GitHub_emulator_full,False,
element-android,Unit_Test,GitHub Actions,True,False,False,,False,
element-android,Unit_Test,GitHub Actions,True,False,False,,False,
element-android,"GitHub_emulator_full, Other, Unit_Test",GitHub Actions,True,True,True,GitHub_emulator_full,False,
element-android,"GitHub_emulator_full, Other, Unit_Test",GitHub Actions,True,True,True,GitHub_emulator_full,False,
element-android,Unit_Test,GitHub Actions,True,False,False,,False,
element-android,Unit_Test,GitHub Actions,True,False,False,,False,
element-android,Unit_Test,GitHub Actions,True,False,False,,False,
element-android,Unit_Test,GitHub Actions,True,False,False,,False,
element-android,Unit_Test,GitHub Actions,True,False,False,,False,
element-android,Unit_Test,GitHub Actions,True,False,False,,False,
element-android,Unit_Test,GitHub Actions,True,False,False,,False,
nospy,none,GitHub Actions,False,False,False,,False,
quake,Unit_Test,CircleCI,True,False,False,,False,
quake,Unit_Test,GitHub Actions,True,False,False,,False,
chester,Unit_Test,Travis CI,True,False,False,,False,
bitcoinium,none,Travis CI,False,False,False,,False,
tinfoil-facebook,none,Travis CI,False,False,False,,False,
diceoverflow,"Travis_emulator_manual, Unit_Test",Travis CI,True,True,True,GitHub_emulator_manual,False,
hungarianringsforandroid,"Travis_emulator_manual, Unit_Test",Travis CI,True,True,True,GitHub_emulator_manual,False,
ithakaboardgame,"Travis_emulator_manual, Unit_Test",Travis CI,True,True,True,GitHub_emulator_manual,False,
clipboardzanager,Unit_Test,GitHub Actions,True,False,False,,False,
vgs-checkout-android,"Unit_Test, firebase_Full",CircleCI,True,True,False,,True,firebase_Full
currencybg,Unit_Test,Travis CI,True,False,False,,False,
vimusic,Unit_Test,GitHub Actions,True,False,False,,False,
ci-matters,"CircleCI_emulator_manual, Unit_Test",CircleCI,True,True,True,GitHub_emulator_manual,False,
ci-matters,"GitHub_emulator_full, Other, Unit_Test",GitHub Actions,True,True,True,GitHub_emulator_full,False,
ci-matters,"Travis_emulator_manual, Unit_Test",Travis CI,True,True,True,GitHub_emulator_manual,False,
itmoldova,none,Unknown,False,False,False,,False,
bladeplayer,Unit_Test,GitHub Actions,True,False,False,,False,
lotonaticos,Unit_Test,GitHub Actions,True,False,False,,False,
weathercast,none,CircleCI,False,False,False,,False,
tinc_gui,none,Travis CI,False,False,False,,False,
app-whois,Unit_Test,GitHub Actions,True,False,False,,False,
hnews,Unit_Test,GitHub Actions,True,False,False,,False,
ccdroidx,Unit_Test,GitHub Actions,True,False,False,,False,
ccdroidx,Unit_Test,GitHub Actions,True,False,False,,False,
canidrive,none,GitHub Actions,False,False,False,,False,
canidrive,Unit_Test,GitHub Actions,True,False,False,,False,
vinylmusicplayer,Unit_Test,GitHub Actions,True,False,False,,False,
event-registration-app,Unit_Test,GitHub Actions,True,False,False,,False,
dialogmusicplayer,Unit_Test,GitHub Actions,True,False,False,,False,
quotes,Unit_Test,GitHub Actions,True,False,False,,False,
avatarview,Unit_Test,GitHub Actions,True,False,False,,False,
avatarview,Unit_Test,GitHub Actions,True,False,False,,False,
amethyst,Unit_Test,GitHub Actions,True,False,False,,False,
amethyst,Unit_Test,GitHub Actions,True,False,False,,False,
audio-recorder,"GitHub_emulator_full, Other, Unit_Test",GitHub Actions,True,True,True,GitHub_emulator_full,False,
audio-recorder,"GitHub_emulator_full, Other, Unit_Test",GitHub Actions,True,True,True,GitHub_emulator_full,False,
vkgeo-android,Unit_Test,GitHub Actions,True,False,False,,False,
vkgeo-android,Unit_Test,GitHub Actions,True,False,False,,False,
bixer-btc-app-,Unit_Test,GitHub Actions,True,False,False,,False,
bixer-btc-app-,Unit_Test,GitHub Actions,True,False,False,,False,
todo_app,Unit_Test,GitHub Actions,True,False,False,,False,
behe-explorer,none,Travis CI,False,False,False,,False,
behe-keyboard,Unit_Test,GitHub Actions,True,False,False,,False,
behe-keyboard,Unit_Test,GitHub Actions,True,False,False,,False,
behe-keyboard,none,GitHub Actions,False,False,False,,False,
behe-keyboard,none,Travis CI,False,False,False,,False,
wifianalyzer,Unit_Test,GitHub Actions,True,False,False,,False,
wifianalyzer,Unit_Test,GitHub Actions,True,False,False,,False,
ace-android,none,Travis CI,False,False,False,,False,
vuetube,Unit_Test,GitHub Actions,True,False,False,,False,
photo_club,Unit_Test,GitHub Actions,True,False,False,,False,
random_facts_generator,Unit_Test,GitHub Actions,True,False,False,,False,
sosaku,Unit_Test,GitHub Actions,True,False,False,,False,
sosaku,Unit_Test,GitHub Actions,True,False,False,,False,
fuckview,none,Travis CI,False,False,False,,False,
http-shortcuts,Unit_Test,GitHub Actions,True,False,False,,False,
mediumclap-android,Unit_Test,GitHub Actions,True,False,False,,False,
android-app,Unit_Test,GitHub Actions,True,False,False,,False,
android-app,Unit_Test,GitHub Actions,True,False,False,,False,
geometricweather,Unit_Test,GitHub Actions,True,False,False,,False,
rapidooo,Unit_Test,Travis CI,True,False,False,,False,
lyricistant,Unit_Test,GitHub Actions,True,False,False,,False,
lyricistant,Unit_Test,GitHub Actions,True,False,False,,False,
lyricistant,Unit_Test,GitHub Actions,True,False,False,,False,
lyricistant,none,GitHub Actions,False,False,False,,False,
wsandroid,none,GitHub Actions,False,False,False,,False,
in-app-update-compose,Unit_Test,GitHub Actions,True,False,False,,False,
in-app-update-compose,Unit_Test,GitHub Actions,True,False,False,,False,
in-app-update-compose,none,GitHub Actions,False,False,False,,False,
in-app-update-compose,none,GitHub Actions,False,False,False,,False,
in-app-update-compose,none,GitHub Actions,False,False,False,,False,
in-app-update-compose,none,GitHub Actions,False,False,False,,False,
waveswallet-android,Unit_Test,GitHub Actions,True,False,False,,False,
simplemarkdown,Unit_Test,GitHub Actions,True,False,False,,False,
simplemarkdown,Unit_Test,Unknown,True,False,False,,False,
cnpj_company,Unit_Test,GitHub Actions,True,False,False,,False,
cnpj_company,Unit_Test,GitHub Actions,True,False,False,,False,
moretype,none,Travis CI,False,False,False,,False,
flutter,Unit_Test,GitHub Actions,True,False,False,,False,
flutter,Unit_Test,GitHub Actions,True,False,False,,False,
flutter,Unit_Test,GitHub Actions,True,False,False,,False,
wheellog,Unit_Test,GitHub Actions,True,False,False,,False,
wheellog,Unit_Test,GitHub Actions,True,False,False,,False,
weather-app-2020-android,Unit_Test,GitHub Actions,True,False,False,,False,
simplenews,none,Travis CI,False,False,False,,False,
correctly,none,Travis CI,False,False,False,,False,
notes,Unit_Test,GitHub Actions,True,False,False,,False,
notes,Unit_Test,GitHub Actions,True,False,False,,False,
loopviewpagerlayout,Unit_Test,GitHub Actions,True,False,False,,False,
apps-android-wikiedudashboard,none,Travis CI,False,False,False,,False,
apps-android-wikipedia,Unit_Test,GitHub Actions,True,False,False,,False,
apps-android-wikipedia,Unit_Test,GitHub Actions,True,False,False,,False,
apps-android-wikipedia,Unit_Test,GitHub Actions,True,False,False,,False,
apps-android-wikipedia,"GitHub_emulator_full, Other, Unit_Test",GitHub Actions,True,True,True,GitHub_emulator_full,False,
o-fish-android,Unit_Test,GitHub Actions,True,False,False,,False,
mypesa,Unit_Test,GitHub Actions,True,False,False,,False,
mypesa,Unit_Test,GitHub Actions,True,False,False,,False,
ntravel-app,Unit_Test,GitHub Actions,True,False,False,,False,
ntravel-app,Unit_Test,GitHub Actions,True,False,False,,False,
countdowns-android,Unit_Test,Travis CI,True,False,False,,False,
giggity,Unit_Test,GitHub Actions,True,False,False,,False,
giggity,Unit_Test,GitHub Actions,True,False,False,,False,
miocheck,none,Travis CI,False,False,False,,False,
cazadescuentos,Unit_Test,GitHub Actions,True,False,False,,False,
cazadescuentos,Unit_Test,GitHub Actions,True,False,False,,False,
deep-link-launcher,none,CircleCI,False,False,False,,False,
freifunkautoconnectapp,"Travis_emulator_manual, Unit_Test",Travis CI,True,True,True,GitHub_emulator_manual,False,
emojibottomsheetdialog,Unit_Test,GitHub Actions,True,False,False,,False,
emojibottomsheetdialog,Unit_Test,GitHub Actions,True,False,False,,False,
loread,Unit_Test,GitHub Actions,True,False,False,,False,
wawa-tabor,Unit_Test,GitHub Actions,True,False,False,,False,
wawa-tabor,Unit_Test,GitHub Actions,True,False,False,,False,
wawa-tabor,"Other, Unit_Test, firebase_Full",GitHub Actions,True,True,False,,True,firebase_Full
jl-mod,Unit_Test,GitHub Actions,True,False,False,,False,
gptassist,Unit_Test,GitHub Actions,True,False,False,,False,
wolmo-cookbook-android,none,Travis CI,False,False,False,,False,
prim-ftpd,Unit_Test,GitHub Actions,True,False,False,,False,
prim-ftpd,none,Travis CI,False,False,False,,False,
wonkey,Unit_Test,GitHub Actions,True,False,False,,False,
wonkey,Unit_Test,GitHub Actions,True,False,False,,False,
wonkey,Unit_Test,GitHub Actions,True,False,False,,False,
wonkey,Unit_Test,GitHub Actions,True,False,False,,False,
wonkey,Unit_Test,GitHub Actions,True,False,False,,False,
wonkey,Unit_Test,GitHub Actions,True,False,False,,False,
wonkey,Unit_Test,GitHub Actions,True,False,False,,False,
wonkey,none,Travis CI,False,False,False,,False,
driver-android,"GitHub_emulator_manual, Unit_Test",GitHub Actions,True,True,True,GitHub_emulator_manual,False,
ddcc-validator,Unit_Test,GitHub Actions,True,False,False,,False,
ddcc-validator,Unit_Test,GitHub Actions,True,False,False,,False,
arcgis-android-moremap,none,Travis CI,False,False,False,,False,
wtcounter,Unit_Test,CircleCI,True,False,False,,False,
bo-android,Unit_Test,GitHub Actions,True,False,False,,False,
bo-android,Unit_Test,Travis CI,True,False,False,,False,
android-gitlab-ci-build,Unit_Test,Unknown,True,False,False,,False,
multiplestatuslayout,none,Travis CI,False,False,False,,False,
kotlin-native-superhero-app,Unit_Test,Travis CI,True,False,False,,False,
artiver,Unit_Test,GitHub Actions,True,False,False,,False,
artiver,Unit_Test,GitHub Actions,True,False,False,,False,
artiver,Unit_Test,GitHub Actions,True,False,False,,False,
clipeus,Unit_Test,GitHub Actions,True,False,False,,False,
clipeus,Unit_Test,GitHub Actions,True,False,False,,False,
duress,Unit_Test,GitHub Actions,True,False,False,,False,
duress,Unit_Test,GitHub Actions,True,False,False,,False,
sentry,Unit_Test,GitHub Actions,True,False,False,,False,
sentry,Unit_Test,GitHub Actions,True,False,False,,False,
silence,Unit_Test,GitHub Actions,True,False,False,,False,
silence,Unit_Test,GitHub Actions,True,False,False,,False,
vibe,Unit_Test,GitHub Actions,True,False,False,,False,
vibe,Unit_Test,GitHub Actions,True,False,False,,False,
volta,Unit_Test,GitHub Actions,True,False,False,,False,
volta,Unit_Test,GitHub Actions,True,False,False,,False,
wasted,Unit_Test,GitHub Actions,True,False,False,,False,
wasted,Unit_Test,GitHub Actions,True,False,False,,False,
blast,Unit_Test,GitHub Actions,True,False,False,,False,
mauth,Unit_Test,GitHub Actions,True,False,False,,False,
androidx,none,GitHub Actions,False,False,False,,False,
androidx,Unit_Test,GitHub Actions,True,False,False,,False,
unitymodmanager,none,Travis CI,False,False,False,,False,
grabredenvelope,none,Travis CI,False,False,False,,False,
xbmc,Unit_Test,GitHub Actions,True,False,False,,False,
xbmc,Unit_Test,GitHub Actions,True,False,False,,False,
xbmc,Unit_Test,GitHub Actions,True,False,False,,False,
xcsoar,Unit_Test,GitHub Actions,True,False,False,,False,
xcsoar,Unit_Test,GitHub Actions,True,False,False,,False,
xcsoar,Unit_Test,GitHub Actions,True,False,False,,False,
xcsoar,Unit_Test,GitHub Actions,True,False,False,,False,
xcsoar,Unit_Test,GitHub Actions,True,False,False,,False,
xcsoar,Unit_Test,Unknown,True,False,False,,False,
stanley,none,GitHub Actions,False,False,False,,False,
ehviewer_cn_sxj,Unit_Test,GitHub Actions,True,False,False,,False,
life-dots,none,Travis CI,False,False,False,,False,
tensuu,none,Travis CI,False,False,False,,False,
androidswissknife,Unit_Test,GitHub Actions,True,False,False,,False,
androidswissknife,Unit_Test,GitHub Actions,True,False,False,,False,
androidswissknife,Unit_Test,GitHub Actions,True,False,False,,False,
happybubble,Unit_Test,GitHub Actions,True,False,False,,False,
shadowsocksr-v2ray-trojan-android,Unit_Test,GitHub Actions,True,False,False,,False,
shadowsocksr-v2ray-trojan-android,none,Travis CI,False,False,False,,False,
yacguide,"GitHub_emulator_full, GitHub_emulator_manual, Other, Unit_Test",GitHub Actions,True,True,True,"GitHub_emulator_full, GitHub_emulator_manual",False,
yacguide,Unit_Test,GitHub Actions,True,False,False,,False,
tastytoast,Unit_Test,Travis CI,True,False,False,,False,
aria2c-android-app,none,Travis CI,False,False,False,,False,
appfeedback-android,Unit_Test,CircleCI,True,False,False,,False,
flashy-alarm,Unit_Test,GitHub Actions,True,False,False,,False,
flashy-alarm,Unit_Test,GitHub Actions,True,False,False,,False,
unciv,Unit_Test,GitHub Actions,True,False,False,,False,
unciv,Unit_Test,GitHub Actions,True,False,False,,False,
unciv,Unit_Test,GitHub Actions,True,False,False,,False,
unciv,Unit_Test,GitHub Actions,True,False,False,,False,
unciv,Unit_Test,GitHub Actions,True,False,False,,False,
unciv,Unit_Test,GitHub Actions,True,False,False,,False,
unciv,Unit_Test,GitHub Actions,True,False,False,,False,
unciv,Unit_Test,GitHub Actions,True,False,False,,False,
metronome,Unit_Test,GitHub Actions,True,False,False,,False,
notifer,Unit_Test,GitHub Actions,True,False,False,,False,
notinotes,Unit_Test,GitHub Actions,True,False,False,,False,
sudoku,Unit_Test,GitHub Actions,True,False,False,,False,
edtrack,"GitHub_emulator_compact, Unit_Test",GitHub Actions,True,True,True,GitHub_emulator_compact,False,
qbittorrent-manager,Unit_Test,GitHub Actions,True,False,False,,False,
qbittorrent-manager,Unit_Test,GitHub Actions,True,False,False,,False,
flutter-movie,Unit_Test,GitHub Actions,True,False,False,,False,
umoney,Unit_Test,GitHub Actions,True,False,False,,False,
healersdiary,"GitHub_emulator_full, GitHub_emulator_manual, Other, Unit_Test",GitHub Actions,True,True,True,"GitHub_emulator_full, GitHub_emulator_manual",False,
healersdiary,"GitHub_emulator_full, GitHub_emulator_manual, Other, Unit_Test",GitHub Actions,True,True,True,"GitHub_emulator_full, GitHub_emulator_manual",False,
healersdiary,Unit_Test,GitHub Actions,True,False,False,,False,
boilerplate,Unit_Test,GitHub Actions,True,False,False,,False,
lingvaandroid,Unit_Test,GitHub Actions,True,False,False,,False,
macstransitapp,Unit_Test,GitHub Actions,True,False,False,,False,
macstransitapp,Unit_Test,GitHub Actions,True,False,False,,False,
macstransitapp,Unit_Test,GitHub Actions,True,False,False,,False,
yggdrasil-android,Unit_Test,GitHub Actions,True,False,False,,False,
tsukimisou,Unit_Test,GitHub Actions,True,False,False,,False,
easythread,none,Travis CI,False,False,False,,False,
wordpowermadeeasy,Unit_Test,Travis CI,True,False,False,,False,
keypass,Unit_Test,GitHub Actions,True,False,False,,False,
keypass,Unit_Test,GitHub Actions,True,False,False,,False,
keypass,Unit_Test,GitHub Actions,True,False,False,,False,
keypass,Unit_Test,GitHub Actions,True,False,False,,False,
keypass,Unit_Test,GitHub Actions,True,False,False,,False,
keypass,Unit_Test,GitHub Actions,True,False,False,,False,
marky,Unit_Test,GitHub Actions,True,False,False,,False,
speld,Unit_Test,GitHub Actions,True,False,False,,False,
android-proguards,none,Travis CI,False,False,False,,False,
kicpa-wordquiz,Unit_Test,GitHub Actions,True,False,False,,False,
kicpa-wordquiz,Unit_Test,GitHub Actions,True,False,False,,False,
youkai,none,Travis CI,False,False,False,,False,
numberprogressbar,none,Travis CI,False,False,False,,False,
adventcalender,Unit_Test,Travis CI,True,False,False,,False,
torrserve,Unit_Test,GitHub Actions,True,False,False,,False,
monotweety,Unit_Test,GitHub Actions,True,False,False,,False,
yubioath-flutter,Unit_Test,GitHub Actions,True,False,False,,False,
yubioath-flutter,Unit_Test,GitHub Actions,True,False,False,,False,
yubioath-flutter,Unit_Test,GitHub Actions,True,False,False,,False,
yubioath-flutter,Unit_Test,GitHub Actions,True,False,False,,False,
yubioath-flutter,Unit_Test,GitHub Actions,True,False,False,,False,
yubioath-flutter,Unit_Test,GitHub Actions,True,False,False,,False,
androidbible,Unit_Test,GitHub Actions,True,False,False,,False,
themoviedb_android_app,Unit_Test,CircleCI,True,False,False,,False,
bjutwifi,Unit_Test,GitHub Actions,True,False,False,,False,
bjutwifi,Unit_Test,GitHub Actions,True,False,False,,False,
bjutwifi,none,GitHub Actions,False,False,False,,False,
onscripteryuri,none,GitHub Actions,False,False,False,,False,
onscripteryuri,none,GitHub Actions,False,False,False,,False,
onscripteryuri,Unit_Test,GitHub Actions,True,False,False,,False,
onscripteryuri,none,GitHub Actions,False,False,False,,False,
onscripteryuri,none,GitHub Actions,False,False,False,,False,
alarmclock,Unit_Test,GitHub Actions,True,False,False,,False,
alarmclock,Unit_Test,GitHub Actions,True,False,False,,False,
alarmclock,"GitHub_emulator_full, Unit_Test",GitHub Actions,True,True,True,GitHub_emulator_full,False,
alarmclock,Unit_Test,GitHub Actions,True,False,False,,False,
alarmclock,Unit_Test,Travis CI,True,False,False,,False,
shoppinglist,Unit_Test,GitHub Actions,True,False,False,,False,
uinspector,Unit_Test,GitHub Actions,True,False,False,,False,
switchlanguage,none,Travis CI,False,False,False,,False,
slideanddraglistview,none,Travis CI,False,False,False,,False,
innertune,Unit_Test,GitHub Actions,True,False,False,,False,
innertune,Unit_Test,GitHub Actions,True,False,False,,False,
bjutloginapp,none,Travis CI,False,False,False,,False,
spacex-launch-tracker,Unit_Test,GitHub Actions,True,False,False,,False,
android,Unit_Test,GitHub Actions,True,False,False,,False,
amiko-android,Unit_Test,GitHub Actions,True,False,False,,False,
amiko-android,none,Travis CI,False,False,False,,False,
generika_android,none,Travis CI,False,False,False,,False,
ocquarium,none,Travis CI,False,False,False,,False,
grblcontroller,Unit_Test,GitHub Actions,True,False,False,,False,
grblcontroller,Unit_Test,GitHub Actions,True,False,False,,False,
tortoise,none,Travis CI,False,False,False,,False,
hyperrogue,"GitHub_emulator_full, Unit_Test",GitHub Actions,True,True,True,GitHub_emulator_full,False,
hyperrogue,Unit_Test,GitHub Actions,True,False,False,,False,
hyperrogue,none,Travis CI,False,False,False,,False,
compressor,Unit_Test,Travis CI,True,False,False,,False,
hydra-android,Unit_Test,GitHub Actions,True,False,False,,False,
milia,Unit_Test,GitHub Actions,True,False,False,,False,
myapplication,none,GitHub Actions,False,False,False,,False,
whuhelper,Unit_Test,GitHub Actions,True,False,False,,False,
android-touch-helper,Unit_Test,GitHub Actions,True,False,False,,False,
zsmth-android,Unit_Test,GitHub Actions,True,False,False,,False,
zsmth-android,Unit_Test,GitHub Actions,True,False,False,,False,
beeshell,Unit_Test,GitHub Actions,True,False,False,,False,
douya,none,Travis CI,False,False,False,,False,
materialfiles,Unit_Test,GitHub Actions,True,False,False,,False,
textselectionwebsearch,Unit_Test,GitHub Actions,True,False,False,,False,
androidwheel,Unit_Test,GitHub Actions,True,False,False,,False,
materialwecenter,none,Travis CI,False,False,False,,False,
android,Unit_Test,GitHub Actions,True,False,False,,False,
android,Unit_Test,GitHub Actions,True,False,False,,False,
toxandroidrefimpl,Unit_Test,CircleCI,True,False,False,,False,
toxandroidrefimpl,Unit_Test,GitHub Actions,True,False,False,,False,
toxandroidrefimpl,Unit_Test,GitHub Actions,True,False,False,,False,
toxandroidrefimpl,Unit_Test,GitHub Actions,True,False,False,,False,
toxandroidrefimpl,"GitHub_emulator_full, Unit_Test",GitHub Actions,True,True,True,GitHub_emulator_full,False,
toxandroidrefimpl,"GitHub_emulator_full, Unit_Test",GitHub Actions,True,True,True,GitHub_emulator_full,False,
toxandroidrefimpl,"GitHub_emulator_full, Other, Unit_Test",GitHub Actions,True,True,True,GitHub_emulator_full,False,
toxandroidrefimpl,"GitHub_emulator_full, Other, Unit_Test",GitHub Actions,True,True,True,GitHub_emulator_full,False,
toxandroidrefimpl,Unit_Test,Unknown,True,False,False,,False,
dialogue,"GitHub_emulator_full, Other, Unit_Test",GitHub Actions,True,True,True,GitHub_emulator_full,False,
souvenirs-android,Unit_Test,GitHub Actions,True,False,False,,False,
feed-watcher,Unit_Test,GitHub Actions,True,False,False,,False,
filmchecker,none,Travis CI,False,False,False,,False,
qq-exp-android,none,GitHub Actions,False,False,False,,False,
android-robocar,Unit_Test,CircleCI,True,False,False,,False,
zulip-mobile,Unit_Test,GitHub Actions,True,False,False,,False,
every_door,Unit_Test,GitHub Actions,True,False,False,,False,
familyfinance-android,Unit_Test,GitHub Actions,True,False,False,,False,
familyfinance-android,Unit_Test,GitHub Actions,True,False,False,,False,
smartproxy,none,Travis CI,False,False,False,,False,
symphony,Unit_Test,GitHub Actions,True,False,False,,False,
symphony,Unit_Test,GitHub Actions,True,False,False,,False,
symphony,Unit_Test,GitHub Actions,True,False,False,,False,
symphony,Unit_Test,GitHub Actions,True,False,False,,False,
